dataset	library_id	sample	relative_path	bytes	sha256	source	source_mtime_utc	destination	transfer_task_id	transfer_status
JAX scRNAseq02	25E34-L4	EPAS1-Day-5	EPAS1-Day-5/downstream_genefull_velocyto_cellbender/adaptive_qc_threshold.json	1030	963336517c32d8fb607e1802ff0bf70a32c27d0acff8a0c642f6e5299cd27c33	/mnt/pikachu/JAX_scRNAseq02_processed/ocm_prod_batch_flex_native_yremove_trace_20260521T034223Z/25E34-L4/samples/EPAS1-Day-5/downstream_genefull_velocyto_cellbender_remote/adaptive_qc_threshold.json	2026-05-22T17:20:19Z	/JAX_scRNAseq02_processed/JAX-scRNAseq02-5-22-26-completion-7-27-26/EPAS1-Day-5/downstream_genefull_velocyto_cellbender/adaptive_qc_threshold.json	6d5e713a-8a01-11f1-881a-02ce27bde401	SUCCEEDED
JAX scRNAseq02	25E34-L4	EPAS1-Day-5	EPAS1-Day-5/downstream_genefull_velocyto_cellbender/cellbender/cellbender_counts.log	35923	c0f97b9539dbdb21914c119060e122f5cb53de957ea64024efa811194795731d	/mnt/pikachu/JAX_scRNAseq02_processed/ocm_prod_batch_flex_native_yremove_trace_20260521T034223Z/25E34-L4/samples/EPAS1-Day-5/downstream_genefull_velocyto_cellbender_remote/cellbender/cellbender_counts.log	2026-05-22T17:57:12Z	/JAX_scRNAseq02_processed/JAX-scRNAseq02-5-22-26-completion-7-27-26/EPAS1-Day-5/downstream_genefull_velocyto_cellbender/cellbender/cellbender_counts.log	6d5e713a-8a01-11f1-881a-02ce27bde401	SUCCEEDED
JAX scRNAseq02	25E34-L4	EPAS1-Day-5	EPAS1-Day-5/downstream_genefull_velocyto_cellbender/cellbender/cellbender_counts.pdf	81750	105d05e0bddc57b7d5845a80fd7038e5a80279f3670a7f5373eb99fb99f8e0ac	/mnt/pikachu/JAX_scRNAseq02_processed/ocm_prod_batch_flex_native_yremove_trace_20260521T034223Z/25E34-L4/samples/EPAS1-Day-5/downstream_genefull_velocyto_cellbender_remote/cellbender/cellbender_counts.pdf	2026-05-22T17:52:56Z	/JAX_scRNAseq02_processed/JAX-scRNAseq02-5-22-26-completion-7-27-26/EPAS1-Day-5/downstream_genefull_velocyto_cellbender/cellbender/cellbender_counts.pdf	6d5e713a-8a01-11f1-881a-02ce27bde401	SUCCEEDED
JAX scRNAseq02	25E34-L4	EPAS1-Day-5	EPAS1-Day-5/downstream_genefull_velocyto_cellbender/cellbender/cellbender_counts_cell_barcodes.csv	667356	3e16eff34399372a54da3928cf9f3d47bdde081a1ff545686a52808e207839e7	/mnt/pikachu/JAX_scRNAseq02_processed/ocm_prod_batch_flex_native_yremove_trace_20260521T034223Z/25E34-L4/samples/EPAS1-Day-5/downstream_genefull_velocyto_cellbender_remote/cellbender/cellbender_counts_cell_barcodes.csv	2026-05-22T17:52:56Z	/JAX_scRNAseq02_processed/JAX-scRNAseq02-5-22-26-completion-7-27-26/EPAS1-Day-5/downstream_genefull_velocyto_cellbender/cellbender/cellbender_counts_cell_barcodes.csv	6d5e713a-8a01-11f1-881a-02ce27bde401	SUCCEEDED
JAX scRNAseq02	25E34-L4	EPAS1-Day-5	EPAS1-Day-5/downstream_genefull_velocyto_cellbender/cellbender/cellbender_counts_metrics.csv	585	b991d0a1c4c44fce3fe9f49b227b2f558b6fe052915802b1ecbd0695ba1a2738	/mnt/pikachu/JAX_scRNAseq02_processed/ocm_prod_batch_flex_native_yremove_trace_20260521T034223Z/25E34-L4/samples/EPAS1-Day-5/downstream_genefull_velocyto_cellbender_remote/cellbender/cellbender_counts_metrics.csv	2026-05-22T17:57:00Z	/JAX_scRNAseq02_processed/JAX-scRNAseq02-5-22-26-completion-7-27-26/EPAS1-Day-5/downstream_genefull_velocyto_cellbender/cellbender/cellbender_counts_metrics.csv	6d5e713a-8a01-11f1-881a-02ce27bde401	SUCCEEDED
JAX scRNAseq02	25E34-L4	EPAS1-Day-5	EPAS1-Day-5/downstream_genefull_velocyto_cellbender/cellbender/cellbender_counts_report.html	1099952	41bb275fe7a1dabd824b54acdfeff14808a0de4eabe435b4d1203135ca0c8258	/mnt/pikachu/JAX_scRNAseq02_processed/ocm_prod_batch_flex_native_yremove_trace_20260521T034223Z/25E34-L4/samples/EPAS1-Day-5/downstream_genefull_velocyto_cellbender_remote/cellbender/cellbender_counts_report.html	2026-05-22T17:57:11Z	/JAX_scRNAseq02_processed/JAX-scRNAseq02-5-22-26-completion-7-27-26/EPAS1-Day-5/downstream_genefull_velocyto_cellbender/cellbender/cellbender_counts_report.html	6d5e713a-8a01-11f1-881a-02ce27bde401	SUCCEEDED
JAX scRNAseq02	25E34-L4	EPAS1-Day-5	EPAS1-Day-5/downstream_genefull_velocyto_cellbender/counts.h5ad	757110934	846b6b0a00a60f457ab466e644226ebc73e470aa5eaa9e5d5037ee48b9e6b36e	/mnt/pikachu/JAX_scRNAseq02_processed/ocm_prod_batch_flex_native_yremove_trace_20260521T034223Z/25E34-L4/samples/EPAS1-Day-5/downstream_genefull_velocyto_cellbender_remote/counts.h5ad	2026-05-22T17:57:16Z	/JAX_scRNAseq02_processed/JAX-scRNAseq02-5-22-26-completion-7-27-26/EPAS1-Day-5/downstream_genefull_velocyto_cellbender/counts.h5ad	6d5e713a-8a01-11f1-881a-02ce27bde401	SUCCEEDED
JAX scRNAseq02	25E34-L4	EPAS1-Day-5	EPAS1-Day-5/downstream_genefull_velocyto_cellbender/default_singlet_filtered_counts.h5ad	302919054	5963ebb40b09523ec50c79c80ecaaf87f4bc0617cc36f214f3b092c0bcd791f5	/mnt/pikachu/JAX_scRNAseq02_processed/ocm_prod_batch_flex_native_yremove_trace_20260521T034223Z/25E34-L4/samples/EPAS1-Day-5/downstream_genefull_velocyto_cellbender_remote/default_singlet_filtered_counts.h5ad	2026-05-22T17:57:25Z	/JAX_scRNAseq02_processed/JAX-scRNAseq02-5-22-26-completion-7-27-26/EPAS1-Day-5/downstream_genefull_velocyto_cellbender/default_singlet_filtered_counts.h5ad	6d5e713a-8a01-11f1-881a-02ce27bde401	SUCCEEDED
JAX scRNAseq02	25E34-L4	EPAS1-Day-5	EPAS1-Day-5/downstream_genefull_velocyto_cellbender/doublet_barcodes.txt	4104	988b0cf738452da2f39b523157197a11654c0deea666329c0ce6910e6e78bceb	/mnt/pikachu/JAX_scRNAseq02_processed/ocm_prod_batch_flex_native_yremove_trace_20260521T034223Z/25E34-L4/samples/EPAS1-Day-5/downstream_genefull_velocyto_cellbender_remote/doublet_barcodes.txt	2026-05-22T17:19:39Z	/JAX_scRNAseq02_processed/JAX-scRNAseq02-5-22-26-completion-7-27-26/EPAS1-Day-5/downstream_genefull_velocyto_cellbender/doublet_barcodes.txt	6d5e713a-8a01-11f1-881a-02ce27bde401	SUCCEEDED
JAX scRNAseq02	25E34-L4	EPAS1-Day-5	EPAS1-Day-5/downstream_genefull_velocyto_cellbender/filtered_barcodes_with_scores.txt	140106	271f5e665c85be07f6d2ad528ac99de72f386124c89bd01178347deb94dd1073	/mnt/pikachu/JAX_scRNAseq02_processed/ocm_prod_batch_flex_native_yremove_trace_20260521T034223Z/25E34-L4/samples/EPAS1-Day-5/downstream_genefull_velocyto_cellbender_remote/filtered_barcodes_with_scores.txt	2026-05-22T17:19:39Z	/JAX_scRNAseq02_processed/JAX-scRNAseq02-5-22-26-completion-7-27-26/EPAS1-Day-5/downstream_genefull_velocyto_cellbender/filtered_barcodes_with_scores.txt	6d5e713a-8a01-11f1-881a-02ce27bde401	SUCCEEDED
JAX scRNAseq02	25E34-L4	EPAS1-Day-5	EPAS1-Day-5/downstream_genefull_velocyto_cellbender/filtered_counts.h5ad	340341614	740d20f60aed343cf798b83b8d9f6db4707345bbe4558953cba3ce95e21d0ec2	/mnt/pikachu/JAX_scRNAseq02_processed/ocm_prod_batch_flex_native_yremove_trace_20260521T034223Z/25E34-L4/samples/EPAS1-Day-5/downstream_genefull_velocyto_cellbender_remote/filtered_counts.h5ad	2026-05-22T17:57:23Z	/JAX_scRNAseq02_processed/JAX-scRNAseq02-5-22-26-completion-7-27-26/EPAS1-Day-5/downstream_genefull_velocyto_cellbender/filtered_counts.h5ad	6d5e713a-8a01-11f1-881a-02ce27bde401	SUCCEEDED
JAX scRNAseq02	25E34-L4	EPAS1-Day-5	EPAS1-Day-5/downstream_genefull_velocyto_cellbender/final_counts.h5ad	801365014	8ee6feab8f759d8d08b50380fc30a3057124b68a5257f42380647d42f24854f6	/mnt/pikachu/JAX_scRNAseq02_processed/ocm_prod_batch_flex_native_yremove_trace_20260521T034223Z/25E34-L4/samples/EPAS1-Day-5/downstream_genefull_velocyto_cellbender_remote/final_counts.h5ad	2026-05-22T17:57:27Z	/JAX_scRNAseq02_processed/JAX-scRNAseq02-5-22-26-completion-7-27-26/EPAS1-Day-5/downstream_genefull_velocyto_cellbender/final_counts.h5ad	6d5e713a-8a01-11f1-881a-02ce27bde401	SUCCEEDED
JAX scRNAseq02	25E34-L4	EPAS1-Day-5	EPAS1-Day-5/downstream_genefull_velocyto_cellbender/gene_quantile_histogram.html	3669454	7c514053c893cf0095b9626f6e7d6914455ae05d5a568008b61e953d7ad4463e	/mnt/pikachu/JAX_scRNAseq02_processed/ocm_prod_batch_flex_native_yremove_trace_20260521T034223Z/25E34-L4/samples/EPAS1-Day-5/downstream_genefull_velocyto_cellbender_remote/gene_quantile_histogram.html	2026-05-22T17:20:21Z	/JAX_scRNAseq02_processed/JAX-scRNAseq02-5-22-26-completion-7-27-26/EPAS1-Day-5/downstream_genefull_velocyto_cellbender/gene_quantile_histogram.html	6d5e713a-8a01-11f1-881a-02ce27bde401	SUCCEEDED
JAX scRNAseq02	25E34-L4	EPAS1-Day-5	EPAS1-Day-5/downstream_genefull_velocyto_cellbender/gene_quantile_histogram.png	203062	28e2d1055fa46e88aba69abdb3d2e1ef85b3c632fbe1a4cc9c9d0d13bb61cc2f	/mnt/pikachu/JAX_scRNAseq02_processed/ocm_prod_batch_flex_native_yremove_trace_20260521T034223Z/25E34-L4/samples/EPAS1-Day-5/downstream_genefull_velocyto_cellbender_remote/gene_quantile_histogram.png	2026-05-22T17:20:22Z	/JAX_scRNAseq02_processed/JAX-scRNAseq02-5-22-26-completion-7-27-26/EPAS1-Day-5/downstream_genefull_velocyto_cellbender/gene_quantile_histogram.png	6d5e713a-8a01-11f1-881a-02ce27bde401	SUCCEEDED
JAX scRNAseq02	25E34-L4	EPAS1-Day-5	EPAS1-Day-5/downstream_genefull_velocyto_cellbender/non_empty_barcodes.txt	57855	51a0e3e6803a31a6531699782cd167796d4de278dfcc90b0954a556cda79ff36	/mnt/pikachu/JAX_scRNAseq02_processed/ocm_prod_batch_flex_native_yremove_trace_20260521T034223Z/25E34-L4/samples/EPAS1-Day-5/downstream_genefull_velocyto_cellbender_remote/non_empty_barcodes.txt	2026-05-22T17:19:29Z	/JAX_scRNAseq02_processed/JAX-scRNAseq02-5-22-26-completion-7-27-26/EPAS1-Day-5/downstream_genefull_velocyto_cellbender/non_empty_barcodes.txt	6d5e713a-8a01-11f1-881a-02ce27bde401	SUCCEEDED
JAX scRNAseq02	25E34-L4	EPAS1-Day-5	EPAS1-Day-5/downstream_genefull_velocyto_cellbender/summary.txt	13342	7bdd273f4ab05521da32660ce00a875f772f35d191d2c89e1dce06567b9888e7	/mnt/pikachu/JAX_scRNAseq02_processed/ocm_prod_batch_flex_native_yremove_trace_20260521T034223Z/25E34-L4/samples/EPAS1-Day-5/downstream_genefull_velocyto_cellbender_remote/summary.txt	2026-05-22T17:57:29Z	/JAX_scRNAseq02_processed/JAX-scRNAseq02-5-22-26-completion-7-27-26/EPAS1-Day-5/downstream_genefull_velocyto_cellbender/summary.txt	6d5e713a-8a01-11f1-881a-02ce27bde401	SUCCEEDED
JAX scRNAseq02	25E34-L4	EPAS1-Day-5	EPAS1-Day-5/downstream_genefull_velocyto_cellbender/unfiltered_counts.h5ad	801365014	8ee6feab8f759d8d08b50380fc30a3057124b68a5257f42380647d42f24854f6	/mnt/pikachu/JAX_scRNAseq02_processed/ocm_prod_batch_flex_native_yremove_trace_20260521T034223Z/25E34-L4/samples/EPAS1-Day-5/downstream_genefull_velocyto_cellbender_remote/unfiltered_counts.h5ad	2026-05-22T17:57:21Z	/JAX_scRNAseq02_processed/JAX-scRNAseq02-5-22-26-completion-7-27-26/EPAS1-Day-5/downstream_genefull_velocyto_cellbender/unfiltered_counts.h5ad	6d5e713a-8a01-11f1-881a-02ce27bde401	SUCCEEDED
JAX scRNAseq02	25E34-L4	ISL1-Day-5	ISL1-Day-5/downstream_genefull_velocyto_cellbender/adaptive_qc_threshold.json	1027	9d7331fe342d62e36cff725bf74b17c7f9e81a51fede5aaaf027c31581ee8943	/mnt/pikachu/JAX_scRNAseq02_processed/ocm_prod_batch_flex_native_yremove_trace_20260521T034223Z/25E34-L4/samples/ISL1-Day-5/downstream_genefull_velocyto_cellbender_remote/adaptive_qc_threshold.json	2026-05-22T16:45:58Z	/JAX_scRNAseq02_processed/JAX-scRNAseq02-5-22-26-completion-7-27-26/ISL1-Day-5/downstream_genefull_velocyto_cellbender/adaptive_qc_threshold.json	6d5e713a-8a01-11f1-881a-02ce27bde401	SUCCEEDED
JAX scRNAseq02	25E34-L4	ISL1-Day-5	ISL1-Day-5/downstream_genefull_velocyto_cellbender/cellbender/cellbender_counts.log	33502	057f96b2b0f5894f8a9fc261125fd2ec3f507dc19e57c9cb05c7dc8d3cd7fd50	/mnt/pikachu/JAX_scRNAseq02_processed/ocm_prod_batch_flex_native_yremove_trace_20260521T034223Z/25E34-L4/samples/ISL1-Day-5/downstream_genefull_velocyto_cellbender_remote/cellbender/cellbender_counts.log	2026-05-22T17:17:55Z	/JAX_scRNAseq02_processed/JAX-scRNAseq02-5-22-26-completion-7-27-26/ISL1-Day-5/downstream_genefull_velocyto_cellbender/cellbender/cellbender_counts.log	6d5e713a-8a01-11f1-881a-02ce27bde401	SUCCEEDED
JAX scRNAseq02	25E34-L4	ISL1-Day-5	ISL1-Day-5/downstream_genefull_velocyto_cellbender/cellbender/cellbender_counts.pdf	61595	7a01129c1c7c76e695965ca45b2bea933720dd0707adde975695eb4ea8b3dd09	/mnt/pikachu/JAX_scRNAseq02_processed/ocm_prod_batch_flex_native_yremove_trace_20260521T034223Z/25E34-L4/samples/ISL1-Day-5/downstream_genefull_velocyto_cellbender_remote/cellbender/cellbender_counts.pdf	2026-05-22T17:12:11Z	/JAX_scRNAseq02_processed/JAX-scRNAseq02-5-22-26-completion-7-27-26/ISL1-Day-5/downstream_genefull_velocyto_cellbender/cellbender/cellbender_counts.pdf	6d5e713a-8a01-11f1-881a-02ce27bde401	SUCCEEDED
JAX scRNAseq02	25E34-L4	ISL1-Day-5	ISL1-Day-5/downstream_genefull_velocyto_cellbender/cellbender/cellbender_counts_cell_barcodes.csv	575586	23cf40e12789e6d7d66564c1f59ca8b44d10679d6488e4c7c613a1ee14d00ca7	/mnt/pikachu/JAX_scRNAseq02_processed/ocm_prod_batch_flex_native_yremove_trace_20260521T034223Z/25E34-L4/samples/ISL1-Day-5/downstream_genefull_velocyto_cellbender_remote/cellbender/cellbender_counts_cell_barcodes.csv	2026-05-22T17:12:11Z	/JAX_scRNAseq02_processed/JAX-scRNAseq02-5-22-26-completion-7-27-26/ISL1-Day-5/downstream_genefull_velocyto_cellbender/cellbender/cellbender_counts_cell_barcodes.csv	6d5e713a-8a01-11f1-881a-02ce27bde401	SUCCEEDED
JAX scRNAseq02	25E34-L4	ISL1-Day-5	ISL1-Day-5/downstream_genefull_velocyto_cellbender/cellbender/cellbender_counts_metrics.csv	585	0842de47f04592842d11974df931523b6a258ff007573b404b6cc6d2283217e8	/mnt/pikachu/JAX_scRNAseq02_processed/ocm_prod_batch_flex_native_yremove_trace_20260521T034223Z/25E34-L4/samples/ISL1-Day-5/downstream_genefull_velocyto_cellbender_remote/cellbender/cellbender_counts_metrics.csv	2026-05-22T17:17:42Z	/JAX_scRNAseq02_processed/JAX-scRNAseq02-5-22-26-completion-7-27-26/ISL1-Day-5/downstream_genefull_velocyto_cellbender/cellbender/cellbender_counts_metrics.csv	6d5e713a-8a01-11f1-881a-02ce27bde401	SUCCEEDED
JAX scRNAseq02	25E34-L4	ISL1-Day-5	ISL1-Day-5/downstream_genefull_velocyto_cellbender/cellbender/cellbender_counts_report.html	1093323	56070afd86c90501f7241950e9965dea822797a4d78d2c82a7b748b8280e6f6d	/mnt/pikachu/JAX_scRNAseq02_processed/ocm_prod_batch_flex_native_yremove_trace_20260521T034223Z/25E34-L4/samples/ISL1-Day-5/downstream_genefull_velocyto_cellbender_remote/cellbender/cellbender_counts_report.html	2026-05-22T17:17:55Z	/JAX_scRNAseq02_processed/JAX-scRNAseq02-5-22-26-completion-7-27-26/ISL1-Day-5/downstream_genefull_velocyto_cellbender/cellbender/cellbender_counts_report.html	6d5e713a-8a01-11f1-881a-02ce27bde401	SUCCEEDED
JAX scRNAseq02	25E34-L4	ISL1-Day-5	ISL1-Day-5/downstream_genefull_velocyto_cellbender/counts.h5ad	974426038	1cfc7f6fcd722e3f362772199f346483bb7a0d81a147ceefe42450b6ae7c11d3	/mnt/pikachu/JAX_scRNAseq02_processed/ocm_prod_batch_flex_native_yremove_trace_20260521T034223Z/25E34-L4/samples/ISL1-Day-5/downstream_genefull_velocyto_cellbender_remote/counts.h5ad	2026-05-22T17:18:00Z	/JAX_scRNAseq02_processed/JAX-scRNAseq02-5-22-26-completion-7-27-26/ISL1-Day-5/downstream_genefull_velocyto_cellbender/counts.h5ad	6d5e713a-8a01-11f1-881a-02ce27bde401	SUCCEEDED
JAX scRNAseq02	25E34-L4	ISL1-Day-5	ISL1-Day-5/downstream_genefull_velocyto_cellbender/default_singlet_filtered_counts.h5ad	147340362	ad6499aa1f55fd8d8aa54b3c930f21647b840f6179f5667b16fadc972871fabe	/mnt/pikachu/JAX_scRNAseq02_processed/ocm_prod_batch_flex_native_yremove_trace_20260521T034223Z/25E34-L4/samples/ISL1-Day-5/downstream_genefull_velocyto_cellbender_remote/default_singlet_filtered_counts.h5ad	2026-05-22T17:18:10Z	/JAX_scRNAseq02_processed/JAX-scRNAseq02-5-22-26-completion-7-27-26/ISL1-Day-5/downstream_genefull_velocyto_cellbender/default_singlet_filtered_counts.h5ad	6d5e713a-8a01-11f1-881a-02ce27bde401	SUCCEEDED
JAX scRNAseq02	25E34-L4	ISL1-Day-5	ISL1-Day-5/downstream_genefull_velocyto_cellbender/doublet_barcodes.txt	24073	d7e6d3de474f4cbeac6770eb3e5522eeaa3d1a71e1785621da59aebb61bf0cc7	/mnt/pikachu/JAX_scRNAseq02_processed/ocm_prod_batch_flex_native_yremove_trace_20260521T034223Z/25E34-L4/samples/ISL1-Day-5/downstream_genefull_velocyto_cellbender_remote/doublet_barcodes.txt	2026-05-22T16:43:41Z	/JAX_scRNAseq02_processed/JAX-scRNAseq02-5-22-26-completion-7-27-26/ISL1-Day-5/downstream_genefull_velocyto_cellbender/doublet_barcodes.txt	6d5e713a-8a01-11f1-881a-02ce27bde401	SUCCEEDED
JAX scRNAseq02	25E34-L4	ISL1-Day-5	ISL1-Day-5/downstream_genefull_velocyto_cellbender/filtered_barcodes_with_scores.txt	511306	2131c48440a89f519b0a8af09849b2a8a26215a65b413139b552d7f30b45b852	/mnt/pikachu/JAX_scRNAseq02_processed/ocm_prod_batch_flex_native_yremove_trace_20260521T034223Z/25E34-L4/samples/ISL1-Day-5/downstream_genefull_velocyto_cellbender_remote/filtered_barcodes_with_scores.txt	2026-05-22T16:43:41Z	/JAX_scRNAseq02_processed/JAX-scRNAseq02-5-22-26-completion-7-27-26/ISL1-Day-5/downstream_genefull_velocyto_cellbender/filtered_barcodes_with_scores.txt	6d5e713a-8a01-11f1-881a-02ce27bde401	SUCCEEDED
JAX scRNAseq02	25E34-L4	ISL1-Day-5	ISL1-Day-5/downstream_genefull_velocyto_cellbender/filtered_counts.h5ad	147340362	ad6499aa1f55fd8d8aa54b3c930f21647b840f6179f5667b16fadc972871fabe	/mnt/pikachu/JAX_scRNAseq02_processed/ocm_prod_batch_flex_native_yremove_trace_20260521T034223Z/25E34-L4/samples/ISL1-Day-5/downstream_genefull_velocyto_cellbender_remote/filtered_counts.h5ad	2026-05-22T17:18:07Z	/JAX_scRNAseq02_processed/JAX-scRNAseq02-5-22-26-completion-7-27-26/ISL1-Day-5/downstream_genefull_velocyto_cellbender/filtered_counts.h5ad	6d5e713a-8a01-11f1-881a-02ce27bde401	SUCCEEDED
JAX scRNAseq02	25E34-L4	ISL1-Day-5	ISL1-Day-5/downstream_genefull_velocyto_cellbender/final_counts.h5ad	1018680118	78d551f480f712b3ea582dedb22bd8448f2db48aa503d1730b76c80b33fc3213	/mnt/pikachu/JAX_scRNAseq02_processed/ocm_prod_batch_flex_native_yremove_trace_20260521T034223Z/25E34-L4/samples/ISL1-Day-5/downstream_genefull_velocyto_cellbender_remote/final_counts.h5ad	2026-05-22T17:18:11Z	/JAX_scRNAseq02_processed/JAX-scRNAseq02-5-22-26-completion-7-27-26/ISL1-Day-5/downstream_genefull_velocyto_cellbender/final_counts.h5ad	6d5e713a-8a01-11f1-881a-02ce27bde401	SUCCEEDED
JAX scRNAseq02	25E34-L4	ISL1-Day-5	ISL1-Day-5/downstream_genefull_velocyto_cellbender/gene_quantile_histogram.html	3722190	c81332c5ffdf5a182b2ce31cbed5fc43c80a672a31dccf5894cbf8b7a8b68f1a	/mnt/pikachu/JAX_scRNAseq02_processed/ocm_prod_batch_flex_native_yremove_trace_20260521T034223Z/25E34-L4/samples/ISL1-Day-5/downstream_genefull_velocyto_cellbender_remote/gene_quantile_histogram.html	2026-05-22T16:46:00Z	/JAX_scRNAseq02_processed/JAX-scRNAseq02-5-22-26-completion-7-27-26/ISL1-Day-5/downstream_genefull_velocyto_cellbender/gene_quantile_histogram.html	6d5e713a-8a01-11f1-881a-02ce27bde401	SUCCEEDED
JAX scRNAseq02	25E34-L4	ISL1-Day-5	ISL1-Day-5/downstream_genefull_velocyto_cellbender/gene_quantile_histogram.png	185986	5f438b4e024d6c05f9c8b0560b97a635629b9f69636178241bf3dee5fe2f2d1c	/mnt/pikachu/JAX_scRNAseq02_processed/ocm_prod_batch_flex_native_yremove_trace_20260521T034223Z/25E34-L4/samples/ISL1-Day-5/downstream_genefull_velocyto_cellbender_remote/gene_quantile_histogram.png	2026-05-22T16:46:01Z	/JAX_scRNAseq02_processed/JAX-scRNAseq02-5-22-26-completion-7-27-26/ISL1-Day-5/downstream_genefull_velocyto_cellbender/gene_quantile_histogram.png	6d5e713a-8a01-11f1-881a-02ce27bde401	SUCCEEDED
JAX scRNAseq02	25E34-L4	ISL1-Day-5	ISL1-Day-5/downstream_genefull_velocyto_cellbender/non_empty_barcodes.txt	206720	ebe0de6a07f08a624bc7c3e36c09b7a56274808910b3aae5f0b950a4715d1fbc	/mnt/pikachu/JAX_scRNAseq02_processed/ocm_prod_batch_flex_native_yremove_trace_20260521T034223Z/25E34-L4/samples/ISL1-Day-5/downstream_genefull_velocyto_cellbender_remote/non_empty_barcodes.txt	2026-05-22T16:42:50Z	/JAX_scRNAseq02_processed/JAX-scRNAseq02-5-22-26-completion-7-27-26/ISL1-Day-5/downstream_genefull_velocyto_cellbender/non_empty_barcodes.txt	6d5e713a-8a01-11f1-881a-02ce27bde401	SUCCEEDED
JAX scRNAseq02	25E34-L4	ISL1-Day-5	ISL1-Day-5/downstream_genefull_velocyto_cellbender/summary.txt	11459	b6349239dc6ae8c412416f39f36a13e36ad359359c74d80c0540e37d1074d11e	/mnt/pikachu/JAX_scRNAseq02_processed/ocm_prod_batch_flex_native_yremove_trace_20260521T034223Z/25E34-L4/samples/ISL1-Day-5/downstream_genefull_velocyto_cellbender_remote/summary.txt	2026-05-22T17:18:13Z	/JAX_scRNAseq02_processed/JAX-scRNAseq02-5-22-26-completion-7-27-26/ISL1-Day-5/downstream_genefull_velocyto_cellbender/summary.txt	6d5e713a-8a01-11f1-881a-02ce27bde401	SUCCEEDED
JAX scRNAseq02	25E34-L4	ISL1-Day-5	ISL1-Day-5/downstream_genefull_velocyto_cellbender/unfiltered_counts.h5ad	1018680118	78d551f480f712b3ea582dedb22bd8448f2db48aa503d1730b76c80b33fc3213	/mnt/pikachu/JAX_scRNAseq02_processed/ocm_prod_batch_flex_native_yremove_trace_20260521T034223Z/25E34-L4/samples/ISL1-Day-5/downstream_genefull_velocyto_cellbender_remote/unfiltered_counts.h5ad	2026-05-22T17:18:05Z	/JAX_scRNAseq02_processed/JAX-scRNAseq02-5-22-26-completion-7-27-26/ISL1-Day-5/downstream_genefull_velocyto_cellbender/unfiltered_counts.h5ad	6d5e713a-8a01-11f1-881a-02ce27bde401	SUCCEEDED
JAX scRNAseq02	25E34-L4	WT-ExM-Day-5	WT-ExM-Day-5/downstream_genefull_velocyto_cellbender/adaptive_qc_threshold.json	1030	3c9b11949702b87ab29b0cd42123762140ee9e3a1632d6759c6a9e18fe56b7d3	/mnt/pikachu/JAX_scRNAseq02_processed/ocm_prod_batch_flex_native_yremove_trace_20260521T034223Z/25E34-L4/samples/WT-ExM-Day-5/downstream_genefull_velocyto_cellbender_remote/adaptive_qc_threshold.json	2026-05-22T18:44:21Z	/JAX_scRNAseq02_processed/JAX-scRNAseq02-5-22-26-completion-7-27-26/WT-ExM-Day-5/downstream_genefull_velocyto_cellbender/adaptive_qc_threshold.json	6d5e713a-8a01-11f1-881a-02ce27bde401	SUCCEEDED
JAX scRNAseq02	25E34-L4	WT-ExM-Day-5	WT-ExM-Day-5/downstream_genefull_velocyto_cellbender/cellbender/cellbender_counts.log	35484	e87636d0147eb458959d87e13b4e16c7ce0c7f350da88c76d805644121288f54	/mnt/pikachu/JAX_scRNAseq02_processed/ocm_prod_batch_flex_native_yremove_trace_20260521T034223Z/25E34-L4/samples/WT-ExM-Day-5/downstream_genefull_velocyto_cellbender_remote/cellbender/cellbender_counts.log	2026-05-22T19:23:31Z	/JAX_scRNAseq02_processed/JAX-scRNAseq02-5-22-26-completion-7-27-26/WT-ExM-Day-5/downstream_genefull_velocyto_cellbender/cellbender/cellbender_counts.log	6d5e713a-8a01-11f1-881a-02ce27bde401	SUCCEEDED
JAX scRNAseq02	25E34-L4	WT-ExM-Day-5	WT-ExM-Day-5/downstream_genefull_velocyto_cellbender/cellbender/cellbender_counts.pdf	78882	2e13e2e18266d2f9032ee673b12d900d62eebfe94f02273f54f9a807be879394	/mnt/pikachu/JAX_scRNAseq02_processed/ocm_prod_batch_flex_native_yremove_trace_20260521T034223Z/25E34-L4/samples/WT-ExM-Day-5/downstream_genefull_velocyto_cellbender_remote/cellbender/cellbender_counts.pdf	2026-05-22T19:16:18Z	/JAX_scRNAseq02_processed/JAX-scRNAseq02-5-22-26-completion-7-27-26/WT-ExM-Day-5/downstream_genefull_velocyto_cellbender/cellbender/cellbender_counts.pdf	6d5e713a-8a01-11f1-881a-02ce27bde401	SUCCEEDED
JAX scRNAseq02	25E34-L4	WT-ExM-Day-5	WT-ExM-Day-5/downstream_genefull_velocyto_cellbender/cellbender/cellbender_counts_cell_barcodes.csv	648831	49c01c3bf228cdf4b835165232d5b1270b45d7679a29716aa8d46b1368956c36	/mnt/pikachu/JAX_scRNAseq02_processed/ocm_prod_batch_flex_native_yremove_trace_20260521T034223Z/25E34-L4/samples/WT-ExM-Day-5/downstream_genefull_velocyto_cellbender_remote/cellbender/cellbender_counts_cell_barcodes.csv	2026-05-22T19:16:18Z	/JAX_scRNAseq02_processed/JAX-scRNAseq02-5-22-26-completion-7-27-26/WT-ExM-Day-5/downstream_genefull_velocyto_cellbender/cellbender/cellbender_counts_cell_barcodes.csv	6d5e713a-8a01-11f1-881a-02ce27bde401	SUCCEEDED
JAX scRNAseq02	25E34-L4	WT-ExM-Day-5	WT-ExM-Day-5/downstream_genefull_velocyto_cellbender/cellbender/cellbender_counts_metrics.csv	585	9d23bd6e3b208464069bf0c4821b5d09d4c3e70ace6c9867b674a9eedc7259ae	/mnt/pikachu/JAX_scRNAseq02_processed/ocm_prod_batch_flex_native_yremove_trace_20260521T034223Z/25E34-L4/samples/WT-ExM-Day-5/downstream_genefull_velocyto_cellbender_remote/cellbender/cellbender_counts_metrics.csv	2026-05-22T19:23:17Z	/JAX_scRNAseq02_processed/JAX-scRNAseq02-5-22-26-completion-7-27-26/WT-ExM-Day-5/downstream_genefull_velocyto_cellbender/cellbender/cellbender_counts_metrics.csv	6d5e713a-8a01-11f1-881a-02ce27bde401	SUCCEEDED
JAX scRNAseq02	25E34-L4	WT-ExM-Day-5	WT-ExM-Day-5/downstream_genefull_velocyto_cellbender/cellbender/cellbender_counts_report.html	1109810	7a4410c42df7e0682ccce30c1e9e164161d68986f389fcb22b9951c7ca4a0501	/mnt/pikachu/JAX_scRNAseq02_processed/ocm_prod_batch_flex_native_yremove_trace_20260521T034223Z/25E34-L4/samples/WT-ExM-Day-5/downstream_genefull_velocyto_cellbender_remote/cellbender/cellbender_counts_report.html	2026-05-22T19:23:31Z	/JAX_scRNAseq02_processed/JAX-scRNAseq02-5-22-26-completion-7-27-26/WT-ExM-Day-5/downstream_genefull_velocyto_cellbender/cellbender/cellbender_counts_report.html	6d5e713a-8a01-11f1-881a-02ce27bde401	SUCCEEDED
JAX scRNAseq02	25E34-L4	WT-ExM-Day-5	WT-ExM-Day-5/downstream_genefull_velocyto_cellbender/counts.h5ad	1250611126	16e0728b7b677e72da1b87157cc1b28a688818e1eeda5619694841f89f3bef87	/mnt/pikachu/JAX_scRNAseq02_processed/ocm_prod_batch_flex_native_yremove_trace_20260521T034223Z/25E34-L4/samples/WT-ExM-Day-5/downstream_genefull_velocyto_cellbender_remote/counts.h5ad	2026-05-22T19:23:37Z	/JAX_scRNAseq02_processed/JAX-scRNAseq02-5-22-26-completion-7-27-26/WT-ExM-Day-5/downstream_genefull_velocyto_cellbender/counts.h5ad	6d5e713a-8a01-11f1-881a-02ce27bde401	SUCCEEDED
JAX scRNAseq02	25E34-L4	WT-ExM-Day-5	WT-ExM-Day-5/downstream_genefull_velocyto_cellbender/default_singlet_filtered_counts.h5ad	135532072	ab0c281a7fe6f5bee740085f2e8fffd5cb2f74e71e048ad858df8789a3da30c9	/mnt/pikachu/JAX_scRNAseq02_processed/ocm_prod_batch_flex_native_yremove_trace_20260521T034223Z/25E34-L4/samples/WT-ExM-Day-5/downstream_genefull_velocyto_cellbender_remote/default_singlet_filtered_counts.h5ad	2026-05-22T19:23:48Z	/JAX_scRNAseq02_processed/JAX-scRNAseq02-5-22-26-completion-7-27-26/WT-ExM-Day-5/downstream_genefull_velocyto_cellbender/default_singlet_filtered_counts.h5ad	6d5e713a-8a01-11f1-881a-02ce27bde401	SUCCEEDED
JAX scRNAseq02	25E34-L4	WT-ExM-Day-5	WT-ExM-Day-5/downstream_genefull_velocyto_cellbender/doublet_barcodes.txt	26752	efcb02421cade6e383e861eed81866775705150e5ad99af43d148d6aa3838a84	/mnt/pikachu/JAX_scRNAseq02_processed/ocm_prod_batch_flex_native_yremove_trace_20260521T034223Z/25E34-L4/samples/WT-ExM-Day-5/downstream_genefull_velocyto_cellbender_remote/doublet_barcodes.txt	2026-05-22T18:41:50Z	/JAX_scRNAseq02_processed/JAX-scRNAseq02-5-22-26-completion-7-27-26/WT-ExM-Day-5/downstream_genefull_velocyto_cellbender/doublet_barcodes.txt	6d5e713a-8a01-11f1-881a-02ce27bde401	SUCCEEDED
JAX scRNAseq02	25E34-L4	WT-ExM-Day-5	WT-ExM-Day-5/downstream_genefull_velocyto_cellbender/filtered_barcodes_with_scores.txt	584829	bdcd3d7e5e5f41cdb3fce5ecc6e250c1504621bf2cb323258d9d625de0e7d42c	/mnt/pikachu/JAX_scRNAseq02_processed/ocm_prod_batch_flex_native_yremove_trace_20260521T034223Z/25E34-L4/samples/WT-ExM-Day-5/downstream_genefull_velocyto_cellbender_remote/filtered_barcodes_with_scores.txt	2026-05-22T18:41:50Z	/JAX_scRNAseq02_processed/JAX-scRNAseq02-5-22-26-completion-7-27-26/WT-ExM-Day-5/downstream_genefull_velocyto_cellbender/filtered_barcodes_with_scores.txt	6d5e713a-8a01-11f1-881a-02ce27bde401	SUCCEEDED
JAX scRNAseq02	25E34-L4	WT-ExM-Day-5	WT-ExM-Day-5/downstream_genefull_velocyto_cellbender/filtered_counts.h5ad	137554840	ad03371a9df8c3078b0877fe081bfbcce9be5ea9f80144c5ad26bdc55dec3d22	/mnt/pikachu/JAX_scRNAseq02_processed/ocm_prod_batch_flex_native_yremove_trace_20260521T034223Z/25E34-L4/samples/WT-ExM-Day-5/downstream_genefull_velocyto_cellbender_remote/filtered_counts.h5ad	2026-05-22T19:23:46Z	/JAX_scRNAseq02_processed/JAX-scRNAseq02-5-22-26-completion-7-27-26/WT-ExM-Day-5/downstream_genefull_velocyto_cellbender/filtered_counts.h5ad	6d5e713a-8a01-11f1-881a-02ce27bde401	SUCCEEDED
JAX scRNAseq02	25E34-L4	WT-ExM-Day-5	WT-ExM-Day-5/downstream_genefull_velocyto_cellbender/final_counts.h5ad	1294865206	b3272c433439bd46fa19a28cfb7ec76b740b764d89088989fd7db6b8b585f49e	/mnt/pikachu/JAX_scRNAseq02_processed/ocm_prod_batch_flex_native_yremove_trace_20260521T034223Z/25E34-L4/samples/WT-ExM-Day-5/downstream_genefull_velocyto_cellbender_remote/final_counts.h5ad	2026-05-22T19:23:50Z	/JAX_scRNAseq02_processed/JAX-scRNAseq02-5-22-26-completion-7-27-26/WT-ExM-Day-5/downstream_genefull_velocyto_cellbender/final_counts.h5ad	6d5e713a-8a01-11f1-881a-02ce27bde401	SUCCEEDED
JAX scRNAseq02	25E34-L4	WT-ExM-Day-5	WT-ExM-Day-5/downstream_genefull_velocyto_cellbender/gene_quantile_histogram.html	3725718	cf665c97d205e898849cc5ddff22a042307ffcadc2f8392d0da4dc0d32715782	/mnt/pikachu/JAX_scRNAseq02_processed/ocm_prod_batch_flex_native_yremove_trace_20260521T034223Z/25E34-L4/samples/WT-ExM-Day-5/downstream_genefull_velocyto_cellbender_remote/gene_quantile_histogram.html	2026-05-22T18:44:22Z	/JAX_scRNAseq02_processed/JAX-scRNAseq02-5-22-26-completion-7-27-26/WT-ExM-Day-5/downstream_genefull_velocyto_cellbender/gene_quantile_histogram.html	6d5e713a-8a01-11f1-881a-02ce27bde401	SUCCEEDED
JAX scRNAseq02	25E34-L4	WT-ExM-Day-5	WT-ExM-Day-5/downstream_genefull_velocyto_cellbender/gene_quantile_histogram.png	184622	16cef9294e02ac862e75895ea2fb2ed8da23dd2def22df76f2f8083b6dca03a0	/mnt/pikachu/JAX_scRNAseq02_processed/ocm_prod_batch_flex_native_yremove_trace_20260521T034223Z/25E34-L4/samples/WT-ExM-Day-5/downstream_genefull_velocyto_cellbender_remote/gene_quantile_histogram.png	2026-05-22T18:44:23Z	/JAX_scRNAseq02_processed/JAX-scRNAseq02-5-22-26-completion-7-27-26/WT-ExM-Day-5/downstream_genefull_velocyto_cellbender/gene_quantile_histogram.png	6d5e713a-8a01-11f1-881a-02ce27bde401	SUCCEEDED
JAX scRNAseq02	25E34-L4	WT-ExM-Day-5	WT-ExM-Day-5/downstream_genefull_velocyto_cellbender/non_empty_barcodes.txt	237386	6a3d2ddfa857343eb49906b60a716fca1961d102274b9a84cca4936e6b2808b0	/mnt/pikachu/JAX_scRNAseq02_processed/ocm_prod_batch_flex_native_yremove_trace_20260521T034223Z/25E34-L4/samples/WT-ExM-Day-5/downstream_genefull_velocyto_cellbender_remote/non_empty_barcodes.txt	2026-05-22T18:40:47Z	/JAX_scRNAseq02_processed/JAX-scRNAseq02-5-22-26-completion-7-27-26/WT-ExM-Day-5/downstream_genefull_velocyto_cellbender/non_empty_barcodes.txt	6d5e713a-8a01-11f1-881a-02ce27bde401	SUCCEEDED
JAX scRNAseq02	25E34-L4	WT-ExM-Day-5	WT-ExM-Day-5/downstream_genefull_velocyto_cellbender/summary.txt	11636	1c40be822a9b47d30eecb6015dcb0737f0bee92293fa49b580e9ea2fbb458299	/mnt/pikachu/JAX_scRNAseq02_processed/ocm_prod_batch_flex_native_yremove_trace_20260521T034223Z/25E34-L4/samples/WT-ExM-Day-5/downstream_genefull_velocyto_cellbender_remote/summary.txt	2026-05-22T19:23:52Z	/JAX_scRNAseq02_processed/JAX-scRNAseq02-5-22-26-completion-7-27-26/WT-ExM-Day-5/downstream_genefull_velocyto_cellbender/summary.txt	6d5e713a-8a01-11f1-881a-02ce27bde401	SUCCEEDED
JAX scRNAseq02	25E34-L4	WT-ExM-Day-5	WT-ExM-Day-5/downstream_genefull_velocyto_cellbender/unfiltered_counts.h5ad	1294865206	b3272c433439bd46fa19a28cfb7ec76b740b764d89088989fd7db6b8b585f49e	/mnt/pikachu/JAX_scRNAseq02_processed/ocm_prod_batch_flex_native_yremove_trace_20260521T034223Z/25E34-L4/samples/WT-ExM-Day-5/downstream_genefull_velocyto_cellbender_remote/unfiltered_counts.h5ad	2026-05-22T19:23:43Z	/JAX_scRNAseq02_processed/JAX-scRNAseq02-5-22-26-completion-7-27-26/WT-ExM-Day-5/downstream_genefull_velocyto_cellbender/unfiltered_counts.h5ad	6d5e713a-8a01-11f1-881a-02ce27bde401	SUCCEEDED
JAX scRNAseq02	25E34-L4	WT-PrS-3pct-Day-5	WT-PrS-3pct-Day-5/downstream_genefull_velocyto_cellbender/adaptive_qc_threshold.json	1035	671c53c041f3993ef3555eb172b1c06e6c5ac4a8bb003cd527cc7fc73ca2586e	/mnt/pikachu/JAX_scRNAseq02_processed/ocm_prod_batch_flex_native_yremove_trace_20260521T034223Z/25E34-L4/samples/WT-PrS-3pct-Day-5/downstream_genefull_velocyto_cellbender_remote/adaptive_qc_threshold.json	2026-05-22T17:59:58Z	/JAX_scRNAseq02_processed/JAX-scRNAseq02-5-22-26-completion-7-27-26/WT-PrS-3pct-Day-5/downstream_genefull_velocyto_cellbender/adaptive_qc_threshold.json	6d5e713a-8a01-11f1-881a-02ce27bde401	SUCCEEDED
JAX scRNAseq02	25E34-L4	WT-PrS-3pct-Day-5	WT-PrS-3pct-Day-5/downstream_genefull_velocyto_cellbender/cellbender/cellbender_counts.log	37438	e8d9f0cead59772afd56703de63c14d9839c6e09727639d570987900efeacbc1	/mnt/pikachu/JAX_scRNAseq02_processed/ocm_prod_batch_flex_native_yremove_trace_20260521T034223Z/25E34-L4/samples/WT-PrS-3pct-Day-5/downstream_genefull_velocyto_cellbender_remote/cellbender/cellbender_counts.log	2026-05-22T18:38:58Z	/JAX_scRNAseq02_processed/JAX-scRNAseq02-5-22-26-completion-7-27-26/WT-PrS-3pct-Day-5/downstream_genefull_velocyto_cellbender/cellbender/cellbender_counts.log	6d5e713a-8a01-11f1-881a-02ce27bde401	SUCCEEDED
JAX scRNAseq02	25E34-L4	WT-PrS-3pct-Day-5	WT-PrS-3pct-Day-5/downstream_genefull_velocyto_cellbender/cellbender/cellbender_counts.pdf	63364	8f71babb0b212319e6819a42c23f57db56d801c520e834b6d71591a03983b8ae	/mnt/pikachu/JAX_scRNAseq02_processed/ocm_prod_batch_flex_native_yremove_trace_20260521T034223Z/25E34-L4/samples/WT-PrS-3pct-Day-5/downstream_genefull_velocyto_cellbender_remote/cellbender/cellbender_counts.pdf	2026-05-22T18:33:29Z	/JAX_scRNAseq02_processed/JAX-scRNAseq02-5-22-26-completion-7-27-26/WT-PrS-3pct-Day-5/downstream_genefull_velocyto_cellbender/cellbender/cellbender_counts.pdf	6d5e713a-8a01-11f1-881a-02ce27bde401	SUCCEEDED
JAX scRNAseq02	25E34-L4	WT-PrS-3pct-Day-5	WT-PrS-3pct-Day-5/downstream_genefull_velocyto_cellbender/cellbender/cellbender_counts_cell_barcodes.csv	729353	4e29f8e4b952fe6fe5c91a7c7137f78e8ec5212043dde1ba86aa4b753605527c	/mnt/pikachu/JAX_scRNAseq02_processed/ocm_prod_batch_flex_native_yremove_trace_20260521T034223Z/25E34-L4/samples/WT-PrS-3pct-Day-5/downstream_genefull_velocyto_cellbender_remote/cellbender/cellbender_counts_cell_barcodes.csv	2026-05-22T18:33:29Z	/JAX_scRNAseq02_processed/JAX-scRNAseq02-5-22-26-completion-7-27-26/WT-PrS-3pct-Day-5/downstream_genefull_velocyto_cellbender/cellbender/cellbender_counts_cell_barcodes.csv	6d5e713a-8a01-11f1-881a-02ce27bde401	SUCCEEDED
JAX scRNAseq02	25E34-L4	WT-PrS-3pct-Day-5	WT-PrS-3pct-Day-5/downstream_genefull_velocyto_cellbender/cellbender/cellbender_counts_metrics.csv	585	b8383d348862030100e22f065b3d89fa68d8189eda3fa85ac65db914356c0253	/mnt/pikachu/JAX_scRNAseq02_processed/ocm_prod_batch_flex_native_yremove_trace_20260521T034223Z/25E34-L4/samples/WT-PrS-3pct-Day-5/downstream_genefull_velocyto_cellbender_remote/cellbender/cellbender_counts_metrics.csv	2026-05-22T18:38:45Z	/JAX_scRNAseq02_processed/JAX-scRNAseq02-5-22-26-completion-7-27-26/WT-PrS-3pct-Day-5/downstream_genefull_velocyto_cellbender/cellbender/cellbender_counts_metrics.csv	6d5e713a-8a01-11f1-881a-02ce27bde401	SUCCEEDED
JAX scRNAseq02	25E34-L4	WT-PrS-3pct-Day-5	WT-PrS-3pct-Day-5/downstream_genefull_velocyto_cellbender/cellbender/cellbender_counts_report.html	1020925	c44fe0918b3390edab02453543e618c8f5cd42878573d08dcd30e04d4af4d590	/mnt/pikachu/JAX_scRNAseq02_processed/ocm_prod_batch_flex_native_yremove_trace_20260521T034223Z/25E34-L4/samples/WT-PrS-3pct-Day-5/downstream_genefull_velocyto_cellbender_remote/cellbender/cellbender_counts_report.html	2026-05-22T18:38:58Z	/JAX_scRNAseq02_processed/JAX-scRNAseq02-5-22-26-completion-7-27-26/WT-PrS-3pct-Day-5/downstream_genefull_velocyto_cellbender/cellbender/cellbender_counts_report.html	6d5e713a-8a01-11f1-881a-02ce27bde401	SUCCEEDED
JAX scRNAseq02	25E34-L4	WT-PrS-3pct-Day-5	WT-PrS-3pct-Day-5/downstream_genefull_velocyto_cellbender/counts.h5ad	951840694	6df5089c7445398b179870c780ed6dff7dad2b09fe68d29ecebd053bd21d9008	/mnt/pikachu/JAX_scRNAseq02_processed/ocm_prod_batch_flex_native_yremove_trace_20260521T034223Z/25E34-L4/samples/WT-PrS-3pct-Day-5/downstream_genefull_velocyto_cellbender_remote/counts.h5ad	2026-05-22T18:39:03Z	/JAX_scRNAseq02_processed/JAX-scRNAseq02-5-22-26-completion-7-27-26/WT-PrS-3pct-Day-5/downstream_genefull_velocyto_cellbender/counts.h5ad	6d5e713a-8a01-11f1-881a-02ce27bde401	SUCCEEDED
JAX scRNAseq02	25E34-L4	WT-PrS-3pct-Day-5	WT-PrS-3pct-Day-5/downstream_genefull_velocyto_cellbender/default_singlet_filtered_counts.h5ad	419991308	b9ba275c191848a48f6d461ecafef70e7444b11376a71268be3bec45e7d2954a	/mnt/pikachu/JAX_scRNAseq02_processed/ocm_prod_batch_flex_native_yremove_trace_20260521T034223Z/25E34-L4/samples/WT-PrS-3pct-Day-5/downstream_genefull_velocyto_cellbender_remote/default_singlet_filtered_counts.h5ad	2026-05-22T18:39:14Z	/JAX_scRNAseq02_processed/JAX-scRNAseq02-5-22-26-completion-7-27-26/WT-PrS-3pct-Day-5/downstream_genefull_velocyto_cellbender/default_singlet_filtered_counts.h5ad	6d5e713a-8a01-11f1-881a-02ce27bde401	SUCCEEDED
JAX scRNAseq02	25E34-L4	WT-PrS-3pct-Day-5	WT-PrS-3pct-Day-5/downstream_genefull_velocyto_cellbender/doublet_barcodes.txt	6270	49ec310aecb67001ece831ad7706b3a7b7d20d4a913023545b00e4fa4f6b495c	/mnt/pikachu/JAX_scRNAseq02_processed/ocm_prod_batch_flex_native_yremove_trace_20260521T034223Z/25E34-L4/samples/WT-PrS-3pct-Day-5/downstream_genefull_velocyto_cellbender_remote/doublet_barcodes.txt	2026-05-22T17:59:05Z	/JAX_scRNAseq02_processed/JAX-scRNAseq02-5-22-26-completion-7-27-26/WT-PrS-3pct-Day-5/downstream_genefull_velocyto_cellbender/doublet_barcodes.txt	6d5e713a-8a01-11f1-881a-02ce27bde401	SUCCEEDED
JAX scRNAseq02	25E34-L4	WT-PrS-3pct-Day-5	WT-PrS-3pct-Day-5/downstream_genefull_velocyto_cellbender/filtered_barcodes_with_scores.txt	188290	e5daa6d75ba7b7a2f1717b428a4d9bbd55d68c615fe3b7f2b746fdccb3e4cbc3	/mnt/pikachu/JAX_scRNAseq02_processed/ocm_prod_batch_flex_native_yremove_trace_20260521T034223Z/25E34-L4/samples/WT-PrS-3pct-Day-5/downstream_genefull_velocyto_cellbender_remote/filtered_barcodes_with_scores.txt	2026-05-22T17:59:05Z	/JAX_scRNAseq02_processed/JAX-scRNAseq02-5-22-26-completion-7-27-26/WT-PrS-3pct-Day-5/downstream_genefull_velocyto_cellbender/filtered_barcodes_with_scores.txt	6d5e713a-8a01-11f1-881a-02ce27bde401	SUCCEEDED
JAX scRNAseq02	25E34-L4	WT-PrS-3pct-Day-5	WT-PrS-3pct-Day-5/downstream_genefull_velocyto_cellbender/filtered_counts.h5ad	454492838	3271026470d1dee129c1209e6475000af5c02b5511217d0920f4f2f07f1da2e0	/mnt/pikachu/JAX_scRNAseq02_processed/ocm_prod_batch_flex_native_yremove_trace_20260521T034223Z/25E34-L4/samples/WT-PrS-3pct-Day-5/downstream_genefull_velocyto_cellbender_remote/filtered_counts.h5ad	2026-05-22T18:39:11Z	/JAX_scRNAseq02_processed/JAX-scRNAseq02-5-22-26-completion-7-27-26/WT-PrS-3pct-Day-5/downstream_genefull_velocyto_cellbender/filtered_counts.h5ad	6d5e713a-8a01-11f1-881a-02ce27bde401	SUCCEEDED
JAX scRNAseq02	25E34-L4	WT-PrS-3pct-Day-5	WT-PrS-3pct-Day-5/downstream_genefull_velocyto_cellbender/final_counts.h5ad	996094774	da489912e671b0d346f13819f04b939e9a61836e686f8cfc157086f2b454bc01	/mnt/pikachu/JAX_scRNAseq02_processed/ocm_prod_batch_flex_native_yremove_trace_20260521T034223Z/25E34-L4/samples/WT-PrS-3pct-Day-5/downstream_genefull_velocyto_cellbender_remote/final_counts.h5ad	2026-05-22T18:39:15Z	/JAX_scRNAseq02_processed/JAX-scRNAseq02-5-22-26-completion-7-27-26/WT-PrS-3pct-Day-5/downstream_genefull_velocyto_cellbender/final_counts.h5ad	6d5e713a-8a01-11f1-881a-02ce27bde401	SUCCEEDED
JAX scRNAseq02	25E34-L4	WT-PrS-3pct-Day-5	WT-PrS-3pct-Day-5/downstream_genefull_velocyto_cellbender/gene_quantile_histogram.html	3678934	21d8e6e86e07584333e1d45b09ffed2779acf7e1395b05fa36148f14a1f9eae0	/mnt/pikachu/JAX_scRNAseq02_processed/ocm_prod_batch_flex_native_yremove_trace_20260521T034223Z/25E34-L4/samples/WT-PrS-3pct-Day-5/downstream_genefull_velocyto_cellbender_remote/gene_quantile_histogram.html	2026-05-22T18:00:00Z	/JAX_scRNAseq02_processed/JAX-scRNAseq02-5-22-26-completion-7-27-26/WT-PrS-3pct-Day-5/downstream_genefull_velocyto_cellbender/gene_quantile_histogram.html	6d5e713a-8a01-11f1-881a-02ce27bde401	SUCCEEDED
JAX scRNAseq02	25E34-L4	WT-PrS-3pct-Day-5	WT-PrS-3pct-Day-5/downstream_genefull_velocyto_cellbender/gene_quantile_histogram.png	198442	cbdabec03d577748f9afac2bdb945484b2fa54513caea6d473754caa711ca3c9	/mnt/pikachu/JAX_scRNAseq02_processed/ocm_prod_batch_flex_native_yremove_trace_20260521T034223Z/25E34-L4/samples/WT-PrS-3pct-Day-5/downstream_genefull_velocyto_cellbender_remote/gene_quantile_histogram.png	2026-05-22T18:00:00Z	/JAX_scRNAseq02_processed/JAX-scRNAseq02-5-22-26-completion-7-27-26/WT-PrS-3pct-Day-5/downstream_genefull_velocyto_cellbender/gene_quantile_histogram.png	6d5e713a-8a01-11f1-881a-02ce27bde401	SUCCEEDED
JAX scRNAseq02	25E34-L4	WT-PrS-3pct-Day-5	WT-PrS-3pct-Day-5/downstream_genefull_velocyto_cellbender/non_empty_barcodes.txt	78128	315d293e99157a446a5589e85fdac2e18ffe7e32c0493a75fa9bf19c21675c3f	/mnt/pikachu/JAX_scRNAseq02_processed/ocm_prod_batch_flex_native_yremove_trace_20260521T034223Z/25E34-L4/samples/WT-PrS-3pct-Day-5/downstream_genefull_velocyto_cellbender_remote/non_empty_barcodes.txt	2026-05-22T17:58:49Z	/JAX_scRNAseq02_processed/JAX-scRNAseq02-5-22-26-completion-7-27-26/WT-PrS-3pct-Day-5/downstream_genefull_velocyto_cellbender/non_empty_barcodes.txt	6d5e713a-8a01-11f1-881a-02ce27bde401	SUCCEEDED
JAX scRNAseq02	25E34-L4	WT-PrS-3pct-Day-5	WT-PrS-3pct-Day-5/downstream_genefull_velocyto_cellbender/summary.txt	12677	4276e0b7e06de98a7653eb3895429885f4c837bce37c7f42103e2e8401769aa8	/mnt/pikachu/JAX_scRNAseq02_processed/ocm_prod_batch_flex_native_yremove_trace_20260521T034223Z/25E34-L4/samples/WT-PrS-3pct-Day-5/downstream_genefull_velocyto_cellbender_remote/summary.txt	2026-05-22T18:39:18Z	/JAX_scRNAseq02_processed/JAX-scRNAseq02-5-22-26-completion-7-27-26/WT-PrS-3pct-Day-5/downstream_genefull_velocyto_cellbender/summary.txt	6d5e713a-8a01-11f1-881a-02ce27bde401	SUCCEEDED
JAX scRNAseq02	25E34-L4	WT-PrS-3pct-Day-5	WT-PrS-3pct-Day-5/downstream_genefull_velocyto_cellbender/unfiltered_counts.h5ad	996094774	da489912e671b0d346f13819f04b939e9a61836e686f8cfc157086f2b454bc01	/mnt/pikachu/JAX_scRNAseq02_processed/ocm_prod_batch_flex_native_yremove_trace_20260521T034223Z/25E34-L4/samples/WT-PrS-3pct-Day-5/downstream_genefull_velocyto_cellbender_remote/unfiltered_counts.h5ad	2026-05-22T18:39:08Z	/JAX_scRNAseq02_processed/JAX-scRNAseq02-5-22-26-completion-7-27-26/WT-PrS-3pct-Day-5/downstream_genefull_velocyto_cellbender/unfiltered_counts.h5ad	6d5e713a-8a01-11f1-881a-02ce27bde401	SUCCEEDED
JAX scRNAseq02	25E35-L3	GCM1-Day-6	GCM1-Day-6/downstream_genefull_velocyto_cellbender/adaptive_qc_threshold.json	1028	a3a97e16af08140cbc8541814a92fddb59e70e51c8a819bf4cc9d219ee1b5d56	/mnt/pikachu/JAX_scRNAseq02_processed/ocm_prod_batch_flex_native_yremove_trace_20260521T034223Z/25E35-L3/samples/GCM1-Day-6/downstream_genefull_velocyto_cellbender_remote/adaptive_qc_threshold.json	2026-05-23T04:06:48Z	/JAX_scRNAseq02_processed/JAX-scRNAseq02-5-22-26-completion-7-27-26/GCM1-Day-6/downstream_genefull_velocyto_cellbender/adaptive_qc_threshold.json	6d5e713a-8a01-11f1-881a-02ce27bde401	SUCCEEDED
JAX scRNAseq02	25E35-L3	GCM1-Day-6	GCM1-Day-6/downstream_genefull_velocyto_cellbender/cellbender/cellbender_counts.log	25737	0c106971162fc13caf21301211f319467b5b38dce30009d647446381286d3555	/mnt/pikachu/JAX_scRNAseq02_processed/ocm_prod_batch_flex_native_yremove_trace_20260521T034223Z/25E35-L3/samples/GCM1-Day-6/downstream_genefull_velocyto_cellbender_remote/cellbender/cellbender_counts.log	2026-05-23T04:27:12Z	/JAX_scRNAseq02_processed/JAX-scRNAseq02-5-22-26-completion-7-27-26/GCM1-Day-6/downstream_genefull_velocyto_cellbender/cellbender/cellbender_counts.log	6d5e713a-8a01-11f1-881a-02ce27bde401	SUCCEEDED
JAX scRNAseq02	25E35-L3	GCM1-Day-6	GCM1-Day-6/downstream_genefull_velocyto_cellbender/cellbender/cellbender_counts.pdf	109148	c2669a0676c97830f874bf8a7250e7c6d68cb482d13d7f71e4be92e85b7d55bd	/mnt/pikachu/JAX_scRNAseq02_processed/ocm_prod_batch_flex_native_yremove_trace_20260521T034223Z/25E35-L3/samples/GCM1-Day-6/downstream_genefull_velocyto_cellbender_remote/cellbender/cellbender_counts.pdf	2026-05-23T04:22:23Z	/JAX_scRNAseq02_processed/JAX-scRNAseq02-5-22-26-completion-7-27-26/GCM1-Day-6/downstream_genefull_velocyto_cellbender/cellbender/cellbender_counts.pdf	6d5e713a-8a01-11f1-881a-02ce27bde401	SUCCEEDED
JAX scRNAseq02	25E35-L3	GCM1-Day-6	GCM1-Day-6/downstream_genefull_velocyto_cellbender/cellbender/cellbender_counts_cell_barcodes.csv	253023	d6a508f73baed62c7c7bb223d03f9ad8a0a650b6cf109d690cb8d66c20534f0d	/mnt/pikachu/JAX_scRNAseq02_processed/ocm_prod_batch_flex_native_yremove_trace_20260521T034223Z/25E35-L3/samples/GCM1-Day-6/downstream_genefull_velocyto_cellbender_remote/cellbender/cellbender_counts_cell_barcodes.csv	2026-05-23T04:22:23Z	/JAX_scRNAseq02_processed/JAX-scRNAseq02-5-22-26-completion-7-27-26/GCM1-Day-6/downstream_genefull_velocyto_cellbender/cellbender/cellbender_counts_cell_barcodes.csv	6d5e713a-8a01-11f1-881a-02ce27bde401	SUCCEEDED
JAX scRNAseq02	25E35-L3	GCM1-Day-6	GCM1-Day-6/downstream_genefull_velocyto_cellbender/cellbender/cellbender_counts_metrics.csv	581	d3b3b44eaab632c293e21b52ce74dc7603d3607a7d31165882ca0df4bc269b8a	/mnt/pikachu/JAX_scRNAseq02_processed/ocm_prod_batch_flex_native_yremove_trace_20260521T034223Z/25E35-L3/samples/GCM1-Day-6/downstream_genefull_velocyto_cellbender_remote/cellbender/cellbender_counts_metrics.csv	2026-05-23T04:27:01Z	/JAX_scRNAseq02_processed/JAX-scRNAseq02-5-22-26-completion-7-27-26/GCM1-Day-6/downstream_genefull_velocyto_cellbender/cellbender/cellbender_counts_metrics.csv	6d5e713a-8a01-11f1-881a-02ce27bde401	SUCCEEDED
JAX scRNAseq02	25E35-L3	GCM1-Day-6	GCM1-Day-6/downstream_genefull_velocyto_cellbender/cellbender/cellbender_counts_report.html	1130677	2675fd21803ddb246254b30585250a770d53780b30af84ac779bf3a8119cc047	/mnt/pikachu/JAX_scRNAseq02_processed/ocm_prod_batch_flex_native_yremove_trace_20260521T034223Z/25E35-L3/samples/GCM1-Day-6/downstream_genefull_velocyto_cellbender_remote/cellbender/cellbender_counts_report.html	2026-05-23T04:27:12Z	/JAX_scRNAseq02_processed/JAX-scRNAseq02-5-22-26-completion-7-27-26/GCM1-Day-6/downstream_genefull_velocyto_cellbender/cellbender/cellbender_counts_report.html	6d5e713a-8a01-11f1-881a-02ce27bde401	SUCCEEDED
JAX scRNAseq02	25E35-L3	GCM1-Day-6	GCM1-Day-6/downstream_genefull_velocyto_cellbender/counts.h5ad	705288342	0befa627f5d54e2f341df8aa5bbed67f151402ebe75e7637f10accef9da49694	/mnt/pikachu/JAX_scRNAseq02_processed/ocm_prod_batch_flex_native_yremove_trace_20260521T034223Z/25E35-L3/samples/GCM1-Day-6/downstream_genefull_velocyto_cellbender_remote/counts.h5ad	2026-05-23T04:27:17Z	/JAX_scRNAseq02_processed/JAX-scRNAseq02-5-22-26-completion-7-27-26/GCM1-Day-6/downstream_genefull_velocyto_cellbender/counts.h5ad	6d5e713a-8a01-11f1-881a-02ce27bde401	SUCCEEDED
JAX scRNAseq02	25E35-L3	GCM1-Day-6	GCM1-Day-6/downstream_genefull_velocyto_cellbender/default_singlet_filtered_counts.h5ad	384634132	77431bb7b232f5fd199cccf8f295f0735db62716a771bbc79874122c9d9ef4b3	/mnt/pikachu/JAX_scRNAseq02_processed/ocm_prod_batch_flex_native_yremove_trace_20260521T034223Z/25E35-L3/samples/GCM1-Day-6/downstream_genefull_velocyto_cellbender_remote/default_singlet_filtered_counts.h5ad	2026-05-23T04:27:26Z	/JAX_scRNAseq02_processed/JAX-scRNAseq02-5-22-26-completion-7-27-26/GCM1-Day-6/downstream_genefull_velocyto_cellbender/default_singlet_filtered_counts.h5ad	6d5e713a-8a01-11f1-881a-02ce27bde401	SUCCEEDED
JAX scRNAseq02	25E35-L3	GCM1-Day-6	GCM1-Day-6/downstream_genefull_velocyto_cellbender/doublet_barcodes.txt	20995	9f83cbd85a81b8ecd614aebdf4658fdf2cab591fb19effaf1f0dea1344a52023	/mnt/pikachu/JAX_scRNAseq02_processed/ocm_prod_batch_flex_native_yremove_trace_20260521T034223Z/25E35-L3/samples/GCM1-Day-6/downstream_genefull_velocyto_cellbender_remote/doublet_barcodes.txt	2026-05-23T04:04:17Z	/JAX_scRNAseq02_processed/JAX-scRNAseq02-5-22-26-completion-7-27-26/GCM1-Day-6/downstream_genefull_velocyto_cellbender/doublet_barcodes.txt	6d5e713a-8a01-11f1-881a-02ce27bde401	SUCCEEDED
JAX scRNAseq02	25E35-L3	GCM1-Day-6	GCM1-Day-6/downstream_genefull_velocyto_cellbender/filtered_barcodes_with_scores.txt	570157	cb499c27e6528e1e44abf55b429c182634e76accad60539a0c415c99089e1300	/mnt/pikachu/JAX_scRNAseq02_processed/ocm_prod_batch_flex_native_yremove_trace_20260521T034223Z/25E35-L3/samples/GCM1-Day-6/downstream_genefull_velocyto_cellbender_remote/filtered_barcodes_with_scores.txt	2026-05-23T04:04:17Z	/JAX_scRNAseq02_processed/JAX-scRNAseq02-5-22-26-completion-7-27-26/GCM1-Day-6/downstream_genefull_velocyto_cellbender/filtered_barcodes_with_scores.txt	6d5e713a-8a01-11f1-881a-02ce27bde401	SUCCEEDED
JAX scRNAseq02	25E35-L3	GCM1-Day-6	GCM1-Day-6/downstream_genefull_velocyto_cellbender/filtered_counts.h5ad	426476954	6919ee5ba1cf797492f5b538e9629f4af4fdeebfc668a2c6fd81d0b8303d245b	/mnt/pikachu/JAX_scRNAseq02_processed/ocm_prod_batch_flex_native_yremove_trace_20260521T034223Z/25E35-L3/samples/GCM1-Day-6/downstream_genefull_velocyto_cellbender_remote/filtered_counts.h5ad	2026-05-23T04:27:24Z	/JAX_scRNAseq02_processed/JAX-scRNAseq02-5-22-26-completion-7-27-26/GCM1-Day-6/downstream_genefull_velocyto_cellbender/filtered_counts.h5ad	6d5e713a-8a01-11f1-881a-02ce27bde401	SUCCEEDED
JAX scRNAseq02	25E35-L3	GCM1-Day-6	GCM1-Day-6/downstream_genefull_velocyto_cellbender/final_counts.h5ad	749542422	8ace1a9dd61c837fcdea254d7a90a1547aef72b98453d602bbd9b5091f9a4e29	/mnt/pikachu/JAX_scRNAseq02_processed/ocm_prod_batch_flex_native_yremove_trace_20260521T034223Z/25E35-L3/samples/GCM1-Day-6/downstream_genefull_velocyto_cellbender_remote/final_counts.h5ad	2026-05-23T04:27:27Z	/JAX_scRNAseq02_processed/JAX-scRNAseq02-5-22-26-completion-7-27-26/GCM1-Day-6/downstream_genefull_velocyto_cellbender/final_counts.h5ad	6d5e713a-8a01-11f1-881a-02ce27bde401	SUCCEEDED
JAX scRNAseq02	25E35-L3	GCM1-Day-6	GCM1-Day-6/downstream_genefull_velocyto_cellbender/gene_quantile_histogram.html	3745046	42317501bcf4edfda2df31560006673b842fa6dd93d40c495a58dc9228424cfe	/mnt/pikachu/JAX_scRNAseq02_processed/ocm_prod_batch_flex_native_yremove_trace_20260521T034223Z/25E35-L3/samples/GCM1-Day-6/downstream_genefull_velocyto_cellbender_remote/gene_quantile_histogram.html	2026-05-23T04:06:50Z	/JAX_scRNAseq02_processed/JAX-scRNAseq02-5-22-26-completion-7-27-26/GCM1-Day-6/downstream_genefull_velocyto_cellbender/gene_quantile_histogram.html	6d5e713a-8a01-11f1-881a-02ce27bde401	SUCCEEDED
JAX scRNAseq02	25E35-L3	GCM1-Day-6	GCM1-Day-6/downstream_genefull_velocyto_cellbender/gene_quantile_histogram.png	191440	97575d6920800caf095e64c2e63baa49df263f08268fe66cc4d191407162a2b2	/mnt/pikachu/JAX_scRNAseq02_processed/ocm_prod_batch_flex_native_yremove_trace_20260521T034223Z/25E35-L3/samples/GCM1-Day-6/downstream_genefull_velocyto_cellbender_remote/gene_quantile_histogram.png	2026-05-23T04:06:51Z	/JAX_scRNAseq02_processed/JAX-scRNAseq02-5-22-26-completion-7-27-26/GCM1-Day-6/downstream_genefull_velocyto_cellbender/gene_quantile_histogram.png	6d5e713a-8a01-11f1-881a-02ce27bde401	SUCCEEDED
JAX scRNAseq02	25E35-L3	GCM1-Day-6	GCM1-Day-6/downstream_genefull_velocyto_cellbender/non_empty_barcodes.txt	233073	5bf018fd5c1c6422d5fe76590e4765ab6669f5ff0910356ba03b6f7a8034d14b	/mnt/pikachu/JAX_scRNAseq02_processed/ocm_prod_batch_flex_native_yremove_trace_20260521T034223Z/25E35-L3/samples/GCM1-Day-6/downstream_genefull_velocyto_cellbender_remote/non_empty_barcodes.txt	2026-05-23T04:02:44Z	/JAX_scRNAseq02_processed/JAX-scRNAseq02-5-22-26-completion-7-27-26/GCM1-Day-6/downstream_genefull_velocyto_cellbender/non_empty_barcodes.txt	6d5e713a-8a01-11f1-881a-02ce27bde401	SUCCEEDED
JAX scRNAseq02	25E35-L3	GCM1-Day-6	GCM1-Day-6/downstream_genefull_velocyto_cellbender/summary.txt	14175	d1c637d49d222a5d845a4a956cc0a7d65c550a1b5d34e3723296f40c6ba2bd7c	/mnt/pikachu/JAX_scRNAseq02_processed/ocm_prod_batch_flex_native_yremove_trace_20260521T034223Z/25E35-L3/samples/GCM1-Day-6/downstream_genefull_velocyto_cellbender_remote/summary.txt	2026-05-23T04:27:30Z	/JAX_scRNAseq02_processed/JAX-scRNAseq02-5-22-26-completion-7-27-26/GCM1-Day-6/downstream_genefull_velocyto_cellbender/summary.txt	6d5e713a-8a01-11f1-881a-02ce27bde401	SUCCEEDED
JAX scRNAseq02	25E35-L3	GCM1-Day-6	GCM1-Day-6/downstream_genefull_velocyto_cellbender/unfiltered_counts.h5ad	749542422	8ace1a9dd61c837fcdea254d7a90a1547aef72b98453d602bbd9b5091f9a4e29	/mnt/pikachu/JAX_scRNAseq02_processed/ocm_prod_batch_flex_native_yremove_trace_20260521T034223Z/25E35-L3/samples/GCM1-Day-6/downstream_genefull_velocyto_cellbender_remote/unfiltered_counts.h5ad	2026-05-23T04:27:21Z	/JAX_scRNAseq02_processed/JAX-scRNAseq02-5-22-26-completion-7-27-26/GCM1-Day-6/downstream_genefull_velocyto_cellbender/unfiltered_counts.h5ad	6d5e713a-8a01-11f1-881a-02ce27bde401	SUCCEEDED
JAX scRNAseq02	25E35-L3	GRHL1-Day-6	GRHL1-Day-6/downstream_genefull_velocyto_cellbender/adaptive_qc_threshold.json	1044	8581f4484a2661ce4a839ad643122999bfabc83ec7cdadc871fc1a96f7199b1a	/mnt/pikachu/JAX_scRNAseq02_processed/ocm_prod_batch_flex_native_yremove_trace_20260521T034223Z/25E35-L3/samples/GRHL1-Day-6/downstream_genefull_velocyto_cellbender_remote/adaptive_qc_threshold.json	2026-05-23T04:36:08Z	/JAX_scRNAseq02_processed/JAX-scRNAseq02-5-22-26-completion-7-27-26/GRHL1-Day-6/downstream_genefull_velocyto_cellbender/adaptive_qc_threshold.json	6d5e713a-8a01-11f1-881a-02ce27bde401	SUCCEEDED
JAX scRNAseq02	25E35-L3	GRHL1-Day-6	GRHL1-Day-6/downstream_genefull_velocyto_cellbender/cellbender/cellbender_counts.log	37674	a2aa2b33f4c0e4ec3b2916ca8e305ca18a5b041819449a796398b907730537dd	/mnt/pikachu/JAX_scRNAseq02_processed/ocm_prod_batch_flex_native_yremove_trace_20260521T034223Z/25E35-L3/samples/GRHL1-Day-6/downstream_genefull_velocyto_cellbender_remote/cellbender/cellbender_counts.log	2026-05-23T05:14:28Z	/JAX_scRNAseq02_processed/JAX-scRNAseq02-5-22-26-completion-7-27-26/GRHL1-Day-6/downstream_genefull_velocyto_cellbender/cellbender/cellbender_counts.log	6d5e713a-8a01-11f1-881a-02ce27bde401	SUCCEEDED
JAX scRNAseq02	25E35-L3	GRHL1-Day-6	GRHL1-Day-6/downstream_genefull_velocyto_cellbender/cellbender/cellbender_counts.pdf	95364	a809f02983d78a02abde18628817bdb3fd21d348272a76543e5faa9b9a776c89	/mnt/pikachu/JAX_scRNAseq02_processed/ocm_prod_batch_flex_native_yremove_trace_20260521T034223Z/25E35-L3/samples/GRHL1-Day-6/downstream_genefull_velocyto_cellbender_remote/cellbender/cellbender_counts.pdf	2026-05-23T05:05:23Z	/JAX_scRNAseq02_processed/JAX-scRNAseq02-5-22-26-completion-7-27-26/GRHL1-Day-6/downstream_genefull_velocyto_cellbender/cellbender/cellbender_counts.pdf	6d5e713a-8a01-11f1-881a-02ce27bde401	SUCCEEDED
JAX scRNAseq02	25E35-L3	GRHL1-Day-6	GRHL1-Day-6/downstream_genefull_velocyto_cellbender/cellbender/cellbender_counts_cell_barcodes.csv	753141	17875661dd286c967ad08f54ca86079624d3148aec43b247cc565d7c4a0d2bc4	/mnt/pikachu/JAX_scRNAseq02_processed/ocm_prod_batch_flex_native_yremove_trace_20260521T034223Z/25E35-L3/samples/GRHL1-Day-6/downstream_genefull_velocyto_cellbender_remote/cellbender/cellbender_counts_cell_barcodes.csv	2026-05-23T05:05:23Z	/JAX_scRNAseq02_processed/JAX-scRNAseq02-5-22-26-completion-7-27-26/GRHL1-Day-6/downstream_genefull_velocyto_cellbender/cellbender/cellbender_counts_cell_barcodes.csv	6d5e713a-8a01-11f1-881a-02ce27bde401	SUCCEEDED
JAX scRNAseq02	25E35-L3	GRHL1-Day-6	GRHL1-Day-6/downstream_genefull_velocyto_cellbender/cellbender/cellbender_counts_metrics.csv	585	b2d905fc8be588bb5d353f289ed1a125e3bcad347da72bffc33b6de937ec7772	/mnt/pikachu/JAX_scRNAseq02_processed/ocm_prod_batch_flex_native_yremove_trace_20260521T034223Z/25E35-L3/samples/GRHL1-Day-6/downstream_genefull_velocyto_cellbender_remote/cellbender/cellbender_counts_metrics.csv	2026-05-23T05:14:13Z	/JAX_scRNAseq02_processed/JAX-scRNAseq02-5-22-26-completion-7-27-26/GRHL1-Day-6/downstream_genefull_velocyto_cellbender/cellbender/cellbender_counts_metrics.csv	6d5e713a-8a01-11f1-881a-02ce27bde401	SUCCEEDED
JAX scRNAseq02	25E35-L3	GRHL1-Day-6	GRHL1-Day-6/downstream_genefull_velocyto_cellbender/cellbender/cellbender_counts_report.html	1023737	139d0f34f0e39df70c30cfa3b758249cdd5505bb8087d4fa78567c12c02c4610	/mnt/pikachu/JAX_scRNAseq02_processed/ocm_prod_batch_flex_native_yremove_trace_20260521T034223Z/25E35-L3/samples/GRHL1-Day-6/downstream_genefull_velocyto_cellbender_remote/cellbender/cellbender_counts_report.html	2026-05-23T05:14:28Z	/JAX_scRNAseq02_processed/JAX-scRNAseq02-5-22-26-completion-7-27-26/GRHL1-Day-6/downstream_genefull_velocyto_cellbender/cellbender/cellbender_counts_report.html	6d5e713a-8a01-11f1-881a-02ce27bde401	SUCCEEDED
JAX scRNAseq02	25E35-L3	GRHL1-Day-6	GRHL1-Day-6/downstream_genefull_velocyto_cellbender/counts.h5ad	1560605974	c0d0bc15200de6643e2541eafdf355ce6d65a38e31d93cc6712cd13b6755f614	/mnt/pikachu/JAX_scRNAseq02_processed/ocm_prod_batch_flex_native_yremove_trace_20260521T034223Z/25E35-L3/samples/GRHL1-Day-6/downstream_genefull_velocyto_cellbender_remote/counts.h5ad	2026-05-23T05:14:35Z	/JAX_scRNAseq02_processed/JAX-scRNAseq02-5-22-26-completion-7-27-26/GRHL1-Day-6/downstream_genefull_velocyto_cellbender/counts.h5ad	6d5e713a-8a01-11f1-881a-02ce27bde401	SUCCEEDED
JAX scRNAseq02	25E35-L3	GRHL1-Day-6	GRHL1-Day-6/downstream_genefull_velocyto_cellbender/default_singlet_filtered_counts.h5ad	861811434	5fce3d99423631a6d38cc40c1f4619a5ad80ce4e0cdd565bbe3542dd469e08cf	/mnt/pikachu/JAX_scRNAseq02_processed/ocm_prod_batch_flex_native_yremove_trace_20260521T034223Z/25E35-L3/samples/GRHL1-Day-6/downstream_genefull_velocyto_cellbender_remote/default_singlet_filtered_counts.h5ad	2026-05-23T05:14:49Z	/JAX_scRNAseq02_processed/JAX-scRNAseq02-5-22-26-completion-7-27-26/GRHL1-Day-6/downstream_genefull_velocyto_cellbender/default_singlet_filtered_counts.h5ad	6d5e713a-8a01-11f1-881a-02ce27bde401	SUCCEEDED
JAX scRNAseq02	25E35-L3	GRHL1-Day-6	GRHL1-Day-6/downstream_genefull_velocyto_cellbender/doublet_barcodes.txt	38551	a2bb810f7ffe919e3704c9fb5e80ad0a682e2e3cf531101c4215d4d7ef2f4aaf	/mnt/pikachu/JAX_scRNAseq02_processed/ocm_prod_batch_flex_native_yremove_trace_20260521T034223Z/25E35-L3/samples/GRHL1-Day-6/downstream_genefull_velocyto_cellbender_remote/doublet_barcodes.txt	2026-05-23T04:32:10Z	/JAX_scRNAseq02_processed/JAX-scRNAseq02-5-22-26-completion-7-27-26/GRHL1-Day-6/downstream_genefull_velocyto_cellbender/doublet_barcodes.txt	6d5e713a-8a01-11f1-881a-02ce27bde401	SUCCEEDED
JAX scRNAseq02	25E35-L3	GRHL1-Day-6	GRHL1-Day-6/downstream_genefull_velocyto_cellbender/filtered_barcodes_with_scores.txt	947269	7fa63c6d03613e9139dceef8d0010409e1338edbd8a348221995592ed6fb2f25	/mnt/pikachu/JAX_scRNAseq02_processed/ocm_prod_batch_flex_native_yremove_trace_20260521T034223Z/25E35-L3/samples/GRHL1-Day-6/downstream_genefull_velocyto_cellbender_remote/filtered_barcodes_with_scores.txt	2026-05-23T04:32:10Z	/JAX_scRNAseq02_processed/JAX-scRNAseq02-5-22-26-completion-7-27-26/GRHL1-Day-6/downstream_genefull_velocyto_cellbender/filtered_barcodes_with_scores.txt	6d5e713a-8a01-11f1-881a-02ce27bde401	SUCCEEDED
JAX scRNAseq02	25E35-L3	GRHL1-Day-6	GRHL1-Day-6/downstream_genefull_velocyto_cellbender/filtered_counts.h5ad	988273212	c86ed9350c7b38cd40ceabd7ca3e207d9e4a4df5dd5dd08d3bb940dd9973926a	/mnt/pikachu/JAX_scRNAseq02_processed/ocm_prod_batch_flex_native_yremove_trace_20260521T034223Z/25E35-L3/samples/GRHL1-Day-6/downstream_genefull_velocyto_cellbender_remote/filtered_counts.h5ad	2026-05-23T05:14:45Z	/JAX_scRNAseq02_processed/JAX-scRNAseq02-5-22-26-completion-7-27-26/GRHL1-Day-6/downstream_genefull_velocyto_cellbender/filtered_counts.h5ad	6d5e713a-8a01-11f1-881a-02ce27bde401	SUCCEEDED
JAX scRNAseq02	25E35-L3	GRHL1-Day-6	GRHL1-Day-6/downstream_genefull_velocyto_cellbender/final_counts.h5ad	1604860054	986150196cd7b82e7f5ad5d8f1590f3ac5e60e524a5db2ba2e3c1b0a9db1ba02	/mnt/pikachu/JAX_scRNAseq02_processed/ocm_prod_batch_flex_native_yremove_trace_20260521T034223Z/25E35-L3/samples/GRHL1-Day-6/downstream_genefull_velocyto_cellbender_remote/final_counts.h5ad	2026-05-23T05:14:51Z	/JAX_scRNAseq02_processed/JAX-scRNAseq02-5-22-26-completion-7-27-26/GRHL1-Day-6/downstream_genefull_velocyto_cellbender/final_counts.h5ad	6d5e713a-8a01-11f1-881a-02ce27bde401	SUCCEEDED
JAX scRNAseq02	25E35-L3	GRHL1-Day-6	GRHL1-Day-6/downstream_genefull_velocyto_cellbender/gene_quantile_histogram.html	3812162	fb11e7f47b18bfaa58b0debd80a01e4f3661df4a16045ceb32e938d1592fdd58	/mnt/pikachu/JAX_scRNAseq02_processed/ocm_prod_batch_flex_native_yremove_trace_20260521T034223Z/25E35-L3/samples/GRHL1-Day-6/downstream_genefull_velocyto_cellbender_remote/gene_quantile_histogram.html	2026-05-23T04:36:10Z	/JAX_scRNAseq02_processed/JAX-scRNAseq02-5-22-26-completion-7-27-26/GRHL1-Day-6/downstream_genefull_velocyto_cellbender/gene_quantile_histogram.html	6d5e713a-8a01-11f1-881a-02ce27bde401	SUCCEEDED
JAX scRNAseq02	25E35-L3	GRHL1-Day-6	GRHL1-Day-6/downstream_genefull_velocyto_cellbender/gene_quantile_histogram.png	209533	d1dad391dbf33281fec51059ab25694fcfb484f77791ef4b66e637e6479bc235	/mnt/pikachu/JAX_scRNAseq02_processed/ocm_prod_batch_flex_native_yremove_trace_20260521T034223Z/25E35-L3/samples/GRHL1-Day-6/downstream_genefull_velocyto_cellbender_remote/gene_quantile_histogram.png	2026-05-23T04:36:11Z	/JAX_scRNAseq02_processed/JAX-scRNAseq02-5-22-26-completion-7-27-26/GRHL1-Day-6/downstream_genefull_velocyto_cellbender/gene_quantile_histogram.png	6d5e713a-8a01-11f1-881a-02ce27bde401	SUCCEEDED
JAX scRNAseq02	25E35-L3	GRHL1-Day-6	GRHL1-Day-6/downstream_genefull_velocyto_cellbender/non_empty_barcodes.txt	384674	f0ccdaa5c251352503bc008329991197f307463da1383d5510ebfb6bac8375e8	/mnt/pikachu/JAX_scRNAseq02_processed/ocm_prod_batch_flex_native_yremove_trace_20260521T034223Z/25E35-L3/samples/GRHL1-Day-6/downstream_genefull_velocyto_cellbender_remote/non_empty_barcodes.txt	2026-05-23T04:29:04Z	/JAX_scRNAseq02_processed/JAX-scRNAseq02-5-22-26-completion-7-27-26/GRHL1-Day-6/downstream_genefull_velocyto_cellbender/non_empty_barcodes.txt	6d5e713a-8a01-11f1-881a-02ce27bde401	SUCCEEDED
JAX scRNAseq02	25E35-L3	GRHL1-Day-6	GRHL1-Day-6/downstream_genefull_velocyto_cellbender/summary.txt	14734	010bc720101f0407d95000e4408a9aba4bc75a5e05e5ded9c3a8a301be238102	/mnt/pikachu/JAX_scRNAseq02_processed/ocm_prod_batch_flex_native_yremove_trace_20260521T034223Z/25E35-L3/samples/GRHL1-Day-6/downstream_genefull_velocyto_cellbender_remote/summary.txt	2026-05-23T05:14:57Z	/JAX_scRNAseq02_processed/JAX-scRNAseq02-5-22-26-completion-7-27-26/GRHL1-Day-6/downstream_genefull_velocyto_cellbender/summary.txt	6d5e713a-8a01-11f1-881a-02ce27bde401	SUCCEEDED
JAX scRNAseq02	25E35-L3	GRHL1-Day-6	GRHL1-Day-6/downstream_genefull_velocyto_cellbender/unfiltered_counts.h5ad	1604860054	986150196cd7b82e7f5ad5d8f1590f3ac5e60e524a5db2ba2e3c1b0a9db1ba02	/mnt/pikachu/JAX_scRNAseq02_processed/ocm_prod_batch_flex_native_yremove_trace_20260521T034223Z/25E35-L3/samples/GRHL1-Day-6/downstream_genefull_velocyto_cellbender_remote/unfiltered_counts.h5ad	2026-05-23T05:14:42Z	/JAX_scRNAseq02_processed/JAX-scRNAseq02-5-22-26-completion-7-27-26/GRHL1-Day-6/downstream_genefull_velocyto_cellbender/unfiltered_counts.h5ad	6d5e713a-8a01-11f1-881a-02ce27bde401	SUCCEEDED
JAX scRNAseq02	25E35-L3	OVOL1-Day-6	OVOL1-Day-6/downstream_genefull_velocyto_cellbender/adaptive_qc_threshold.json	1046	b951532ca34e6c3cee1f70b864b21887eb1963e577cad2ea6ac0ed9fa3cc6dbe	/mnt/pikachu/JAX_scRNAseq02_processed/ocm_prod_batch_flex_native_yremove_trace_20260521T034223Z/25E35-L3/samples/OVOL1-Day-6/downstream_genefull_velocyto_cellbender_remote/adaptive_qc_threshold.json	2026-05-23T05:24:10Z	/JAX_scRNAseq02_processed/JAX-scRNAseq02-5-22-26-completion-7-27-26/OVOL1-Day-6/downstream_genefull_velocyto_cellbender/adaptive_qc_threshold.json	6d5e713a-8a01-11f1-881a-02ce27bde401	SUCCEEDED
JAX scRNAseq02	25E35-L3	OVOL1-Day-6	OVOL1-Day-6/downstream_genefull_velocyto_cellbender/cellbender/cellbender_counts.log	35110	5e28e5ec8b0d59a2a01a2e3742d830809193fd874d9270d8c499c1679e1913e8	/mnt/pikachu/JAX_scRNAseq02_processed/ocm_prod_batch_flex_native_yremove_trace_20260521T034223Z/25E35-L3/samples/OVOL1-Day-6/downstream_genefull_velocyto_cellbender_remote/cellbender/cellbender_counts.log	2026-05-23T06:00:27Z	/JAX_scRNAseq02_processed/JAX-scRNAseq02-5-22-26-completion-7-27-26/OVOL1-Day-6/downstream_genefull_velocyto_cellbender/cellbender/cellbender_counts.log	6d5e713a-8a01-11f1-881a-02ce27bde401	SUCCEEDED
JAX scRNAseq02	25E35-L3	OVOL1-Day-6	OVOL1-Day-6/downstream_genefull_velocyto_cellbender/cellbender/cellbender_counts.pdf	95921	4921bc7cd52c05ab5e425373fa0426456483de696390ff68978057edaf128fd1	/mnt/pikachu/JAX_scRNAseq02_processed/ocm_prod_batch_flex_native_yremove_trace_20260521T034223Z/25E35-L3/samples/OVOL1-Day-6/downstream_genefull_velocyto_cellbender_remote/cellbender/cellbender_counts.pdf	2026-05-23T05:51:28Z	/JAX_scRNAseq02_processed/JAX-scRNAseq02-5-22-26-completion-7-27-26/OVOL1-Day-6/downstream_genefull_velocyto_cellbender/cellbender/cellbender_counts.pdf	6d5e713a-8a01-11f1-881a-02ce27bde401	SUCCEEDED
JAX scRNAseq02	25E35-L3	OVOL1-Day-6	OVOL1-Day-6/downstream_genefull_velocyto_cellbender/cellbender/cellbender_counts_cell_barcodes.csv	643644	16c5449b945ed3a10d65d8a54f4ab1d2a5efda672978434e4e0222ed9a376b9b	/mnt/pikachu/JAX_scRNAseq02_processed/ocm_prod_batch_flex_native_yremove_trace_20260521T034223Z/25E35-L3/samples/OVOL1-Day-6/downstream_genefull_velocyto_cellbender_remote/cellbender/cellbender_counts_cell_barcodes.csv	2026-05-23T05:51:28Z	/JAX_scRNAseq02_processed/JAX-scRNAseq02-5-22-26-completion-7-27-26/OVOL1-Day-6/downstream_genefull_velocyto_cellbender/cellbender/cellbender_counts_cell_barcodes.csv	6d5e713a-8a01-11f1-881a-02ce27bde401	SUCCEEDED
JAX scRNAseq02	25E35-L3	OVOL1-Day-6	OVOL1-Day-6/downstream_genefull_velocyto_cellbender/cellbender/cellbender_counts_metrics.csv	585	c74da6469bb494ab1c4d1ca0186caa516893da97c7e658770bbe28d20b506638	/mnt/pikachu/JAX_scRNAseq02_processed/ocm_prod_batch_flex_native_yremove_trace_20260521T034223Z/25E35-L3/samples/OVOL1-Day-6/downstream_genefull_velocyto_cellbender_remote/cellbender/cellbender_counts_metrics.csv	2026-05-23T06:00:13Z	/JAX_scRNAseq02_processed/JAX-scRNAseq02-5-22-26-completion-7-27-26/OVOL1-Day-6/downstream_genefull_velocyto_cellbender/cellbender/cellbender_counts_metrics.csv	6d5e713a-8a01-11f1-881a-02ce27bde401	SUCCEEDED
JAX scRNAseq02	25E35-L3	OVOL1-Day-6	OVOL1-Day-6/downstream_genefull_velocyto_cellbender/cellbender/cellbender_counts_report.html	1126564	c6338316ecef47d81fcd251ce340924c621b8e085b2621877cfe21b9dfe10481	/mnt/pikachu/JAX_scRNAseq02_processed/ocm_prod_batch_flex_native_yremove_trace_20260521T034223Z/25E35-L3/samples/OVOL1-Day-6/downstream_genefull_velocyto_cellbender_remote/cellbender/cellbender_counts_report.html	2026-05-23T06:00:27Z	/JAX_scRNAseq02_processed/JAX-scRNAseq02-5-22-26-completion-7-27-26/OVOL1-Day-6/downstream_genefull_velocyto_cellbender/cellbender/cellbender_counts_report.html	6d5e713a-8a01-11f1-881a-02ce27bde401	SUCCEEDED
JAX scRNAseq02	25E35-L3	OVOL1-Day-6	OVOL1-Day-6/downstream_genefull_velocyto_cellbender/counts.h5ad	1551267094	8ef096901798c32d0b9d7ce964264d7c578052e276327376c7e49efe2b478506	/mnt/pikachu/JAX_scRNAseq02_processed/ocm_prod_batch_flex_native_yremove_trace_20260521T034223Z/25E35-L3/samples/OVOL1-Day-6/downstream_genefull_velocyto_cellbender_remote/counts.h5ad	2026-05-23T06:00:34Z	/JAX_scRNAseq02_processed/JAX-scRNAseq02-5-22-26-completion-7-27-26/OVOL1-Day-6/downstream_genefull_velocyto_cellbender/counts.h5ad	6d5e713a-8a01-11f1-881a-02ce27bde401	SUCCEEDED
JAX scRNAseq02	25E35-L3	OVOL1-Day-6	OVOL1-Day-6/downstream_genefull_velocyto_cellbender/default_singlet_filtered_counts.h5ad	933337454	a5c1747dbd02ce2bf28154685b573aed702cbe2ac614924dbb408d27b94540a7	/mnt/pikachu/JAX_scRNAseq02_processed/ocm_prod_batch_flex_native_yremove_trace_20260521T034223Z/25E35-L3/samples/OVOL1-Day-6/downstream_genefull_velocyto_cellbender_remote/default_singlet_filtered_counts.h5ad	2026-05-23T06:00:48Z	/JAX_scRNAseq02_processed/JAX-scRNAseq02-5-22-26-completion-7-27-26/OVOL1-Day-6/downstream_genefull_velocyto_cellbender/default_singlet_filtered_counts.h5ad	6d5e713a-8a01-11f1-881a-02ce27bde401	SUCCEEDED
JAX scRNAseq02	25E35-L3	OVOL1-Day-6	OVOL1-Day-6/downstream_genefull_velocyto_cellbender/doublet_barcodes.txt	38532	b787449fae9b3e0b843cf9de8a37b841a5db25e3d1a79b6f99a1ee1a83d850b5	/mnt/pikachu/JAX_scRNAseq02_processed/ocm_prod_batch_flex_native_yremove_trace_20260521T034223Z/25E35-L3/samples/OVOL1-Day-6/downstream_genefull_velocyto_cellbender_remote/doublet_barcodes.txt	2026-05-23T05:20:02Z	/JAX_scRNAseq02_processed/JAX-scRNAseq02-5-22-26-completion-7-27-26/OVOL1-Day-6/downstream_genefull_velocyto_cellbender/doublet_barcodes.txt	6d5e713a-8a01-11f1-881a-02ce27bde401	SUCCEEDED
JAX scRNAseq02	25E35-L3	OVOL1-Day-6	OVOL1-Day-6/downstream_genefull_velocyto_cellbender/filtered_barcodes_with_scores.txt	960210	dd7f4f446df1f3624c2cb2f7a8f615a808f7a01d30cc7ace960025cd741a4741	/mnt/pikachu/JAX_scRNAseq02_processed/ocm_prod_batch_flex_native_yremove_trace_20260521T034223Z/25E35-L3/samples/OVOL1-Day-6/downstream_genefull_velocyto_cellbender_remote/filtered_barcodes_with_scores.txt	2026-05-23T05:20:02Z	/JAX_scRNAseq02_processed/JAX-scRNAseq02-5-22-26-completion-7-27-26/OVOL1-Day-6/downstream_genefull_velocyto_cellbender/filtered_barcodes_with_scores.txt	6d5e713a-8a01-11f1-881a-02ce27bde401	SUCCEEDED
JAX scRNAseq02	25E35-L3	OVOL1-Day-6	OVOL1-Day-6/downstream_genefull_velocyto_cellbender/filtered_counts.h5ad	1070013048	2e3aa2a42263057a3e28dbdd01ed2acd85d73d9b191779a6f32db3496d41fc6e	/mnt/pikachu/JAX_scRNAseq02_processed/ocm_prod_batch_flex_native_yremove_trace_20260521T034223Z/25E35-L3/samples/OVOL1-Day-6/downstream_genefull_velocyto_cellbender_remote/filtered_counts.h5ad	2026-05-23T06:00:45Z	/JAX_scRNAseq02_processed/JAX-scRNAseq02-5-22-26-completion-7-27-26/OVOL1-Day-6/downstream_genefull_velocyto_cellbender/filtered_counts.h5ad	6d5e713a-8a01-11f1-881a-02ce27bde401	SUCCEEDED
JAX scRNAseq02	25E35-L3	OVOL1-Day-6	OVOL1-Day-6/downstream_genefull_velocyto_cellbender/final_counts.h5ad	1595521174	401d4fdc690975deb2e140e6e0003a516315936f412020b4719c392a49e70772	/mnt/pikachu/JAX_scRNAseq02_processed/ocm_prod_batch_flex_native_yremove_trace_20260521T034223Z/25E35-L3/samples/OVOL1-Day-6/downstream_genefull_velocyto_cellbender_remote/final_counts.h5ad	2026-05-23T06:00:50Z	/JAX_scRNAseq02_processed/JAX-scRNAseq02-5-22-26-completion-7-27-26/OVOL1-Day-6/downstream_genefull_velocyto_cellbender/final_counts.h5ad	6d5e713a-8a01-11f1-881a-02ce27bde401	SUCCEEDED
JAX scRNAseq02	25E35-L3	OVOL1-Day-6	OVOL1-Day-6/downstream_genefull_velocyto_cellbender/gene_quantile_histogram.html	3814709	8c889d46ac830075049c21e9d957308b156ebb1c8b06ccbd1971e33853ff40da	/mnt/pikachu/JAX_scRNAseq02_processed/ocm_prod_batch_flex_native_yremove_trace_20260521T034223Z/25E35-L3/samples/OVOL1-Day-6/downstream_genefull_velocyto_cellbender_remote/gene_quantile_histogram.html	2026-05-23T05:24:12Z	/JAX_scRNAseq02_processed/JAX-scRNAseq02-5-22-26-completion-7-27-26/OVOL1-Day-6/downstream_genefull_velocyto_cellbender/gene_quantile_histogram.html	6d5e713a-8a01-11f1-881a-02ce27bde401	SUCCEEDED
JAX scRNAseq02	25E35-L3	OVOL1-Day-6	OVOL1-Day-6/downstream_genefull_velocyto_cellbender/gene_quantile_histogram.png	189293	4a6bab7ad23db3317483d2099fc4c297a8305192438c7a9eda9ca7d87a0891f7	/mnt/pikachu/JAX_scRNAseq02_processed/ocm_prod_batch_flex_native_yremove_trace_20260521T034223Z/25E35-L3/samples/OVOL1-Day-6/downstream_genefull_velocyto_cellbender_remote/gene_quantile_histogram.png	2026-05-23T05:24:12Z	/JAX_scRNAseq02_processed/JAX-scRNAseq02-5-22-26-completion-7-27-26/OVOL1-Day-6/downstream_genefull_velocyto_cellbender/gene_quantile_histogram.png	6d5e713a-8a01-11f1-881a-02ce27bde401	SUCCEEDED
JAX scRNAseq02	25E35-L3	OVOL1-Day-6	OVOL1-Day-6/downstream_genefull_velocyto_cellbender/non_empty_barcodes.txt	391229	1a9dfcecfcb789ec5964b39838f6ccc08a3333bb20c04daa88d2919e07cee039	/mnt/pikachu/JAX_scRNAseq02_processed/ocm_prod_batch_flex_native_yremove_trace_20260521T034223Z/25E35-L3/samples/OVOL1-Day-6/downstream_genefull_velocyto_cellbender_remote/non_empty_barcodes.txt	2026-05-23T05:16:50Z	/JAX_scRNAseq02_processed/JAX-scRNAseq02-5-22-26-completion-7-27-26/OVOL1-Day-6/downstream_genefull_velocyto_cellbender/non_empty_barcodes.txt	6d5e713a-8a01-11f1-881a-02ce27bde401	SUCCEEDED
JAX scRNAseq02	25E35-L3	OVOL1-Day-6	OVOL1-Day-6/downstream_genefull_velocyto_cellbender/summary.txt	14346	ecb4b1b0758202c3660665bf8f16a320204162912ddf93541a5fbcf7b6b93456	/mnt/pikachu/JAX_scRNAseq02_processed/ocm_prod_batch_flex_native_yremove_trace_20260521T034223Z/25E35-L3/samples/OVOL1-Day-6/downstream_genefull_velocyto_cellbender_remote/summary.txt	2026-05-23T06:00:57Z	/JAX_scRNAseq02_processed/JAX-scRNAseq02-5-22-26-completion-7-27-26/OVOL1-Day-6/downstream_genefull_velocyto_cellbender/summary.txt	6d5e713a-8a01-11f1-881a-02ce27bde401	SUCCEEDED
JAX scRNAseq02	25E35-L3	OVOL1-Day-6	OVOL1-Day-6/downstream_genefull_velocyto_cellbender/unfiltered_counts.h5ad	1595521174	401d4fdc690975deb2e140e6e0003a516315936f412020b4719c392a49e70772	/mnt/pikachu/JAX_scRNAseq02_processed/ocm_prod_batch_flex_native_yremove_trace_20260521T034223Z/25E35-L3/samples/OVOL1-Day-6/downstream_genefull_velocyto_cellbender_remote/unfiltered_counts.h5ad	2026-05-23T06:00:41Z	/JAX_scRNAseq02_processed/JAX-scRNAseq02-5-22-26-completion-7-27-26/OVOL1-Day-6/downstream_genefull_velocyto_cellbender/unfiltered_counts.h5ad	6d5e713a-8a01-11f1-881a-02ce27bde401	SUCCEEDED
JAX scRNAseq02	25E35-L3	WT-PrS-20pct-Day-6	WT-PrS-20pct-Day-6/downstream_genefull_velocyto_cellbender/adaptive_qc_threshold.json	1050	f675c4dc85d8f960a9a571bc0c44643efccc11324f9322cf8225321d27aba7ba	/mnt/pikachu/JAX_scRNAseq02_processed/ocm_prod_batch_flex_native_yremove_trace_20260521T034223Z/25E35-L3/samples/WT-PrS-20pct-Day-6/downstream_genefull_velocyto_cellbender_remote/adaptive_qc_threshold.json	2026-05-23T06:04:54Z	/JAX_scRNAseq02_processed/JAX-scRNAseq02-5-22-26-completion-7-27-26/WT-PrS-20pct-Day-6/downstream_genefull_velocyto_cellbender/adaptive_qc_threshold.json	6d5e713a-8a01-11f1-881a-02ce27bde401	SUCCEEDED
JAX scRNAseq02	25E35-L3	WT-PrS-20pct-Day-6	WT-PrS-20pct-Day-6/downstream_genefull_velocyto_cellbender/cellbender/cellbender_counts.log	35491	64f9e60a6ee7bcdeb8e612dfa6485a5f838a08d724f7772920f39bf537b5b313	/mnt/pikachu/JAX_scRNAseq02_processed/ocm_prod_batch_flex_native_yremove_trace_20260521T034223Z/25E35-L3/samples/WT-PrS-20pct-Day-6/downstream_genefull_velocyto_cellbender_remote/cellbender/cellbender_counts.log	2026-05-23T06:34:04Z	/JAX_scRNAseq02_processed/JAX-scRNAseq02-5-22-26-completion-7-27-26/WT-PrS-20pct-Day-6/downstream_genefull_velocyto_cellbender/cellbender/cellbender_counts.log	6d5e713a-8a01-11f1-881a-02ce27bde401	SUCCEEDED
JAX scRNAseq02	25E35-L3	WT-PrS-20pct-Day-6	WT-PrS-20pct-Day-6/downstream_genefull_velocyto_cellbender/cellbender/cellbender_counts.pdf	116106	4f38d4f4db848b90fb486a2a2fe02762155ae614fafe47de50d23f8643e02348	/mnt/pikachu/JAX_scRNAseq02_processed/ocm_prod_batch_flex_native_yremove_trace_20260521T034223Z/25E35-L3/samples/WT-PrS-20pct-Day-6/downstream_genefull_velocyto_cellbender_remote/cellbender/cellbender_counts.pdf	2026-05-23T06:30:11Z	/JAX_scRNAseq02_processed/JAX-scRNAseq02-5-22-26-completion-7-27-26/WT-PrS-20pct-Day-6/downstream_genefull_velocyto_cellbender/cellbender/cellbender_counts.pdf	6d5e713a-8a01-11f1-881a-02ce27bde401	SUCCEEDED
JAX scRNAseq02	25E35-L3	WT-PrS-20pct-Day-6	WT-PrS-20pct-Day-6/downstream_genefull_velocyto_cellbender/cellbender/cellbender_counts_cell_barcodes.csv	656013	10fd0b912336c0721b52d01a72f0f1db307153945d2405845f29d5f04352b4be	/mnt/pikachu/JAX_scRNAseq02_processed/ocm_prod_batch_flex_native_yremove_trace_20260521T034223Z/25E35-L3/samples/WT-PrS-20pct-Day-6/downstream_genefull_velocyto_cellbender_remote/cellbender/cellbender_counts_cell_barcodes.csv	2026-05-23T06:30:11Z	/JAX_scRNAseq02_processed/JAX-scRNAseq02-5-22-26-completion-7-27-26/WT-PrS-20pct-Day-6/downstream_genefull_velocyto_cellbender/cellbender/cellbender_counts_cell_barcodes.csv	6d5e713a-8a01-11f1-881a-02ce27bde401	SUCCEEDED
JAX scRNAseq02	25E35-L3	WT-PrS-20pct-Day-6	WT-PrS-20pct-Day-6/downstream_genefull_velocyto_cellbender/cellbender/cellbender_counts_metrics.csv	581	75164191a4a5d6d5b8fb4ece63993025159ebc40b25329f65e8f80434f97c885	/mnt/pikachu/JAX_scRNAseq02_processed/ocm_prod_batch_flex_native_yremove_trace_20260521T034223Z/25E35-L3/samples/WT-PrS-20pct-Day-6/downstream_genefull_velocyto_cellbender_remote/cellbender/cellbender_counts_metrics.csv	2026-05-23T06:33:53Z	/JAX_scRNAseq02_processed/JAX-scRNAseq02-5-22-26-completion-7-27-26/WT-PrS-20pct-Day-6/downstream_genefull_velocyto_cellbender/cellbender/cellbender_counts_metrics.csv	6d5e713a-8a01-11f1-881a-02ce27bde401	SUCCEEDED
JAX scRNAseq02	25E35-L3	WT-PrS-20pct-Day-6	WT-PrS-20pct-Day-6/downstream_genefull_velocyto_cellbender/cellbender/cellbender_counts_report.html	1139596	dc476e266e61966088d629dc1fc867dfeb5c901349893684cd418567c929b7a1	/mnt/pikachu/JAX_scRNAseq02_processed/ocm_prod_batch_flex_native_yremove_trace_20260521T034223Z/25E35-L3/samples/WT-PrS-20pct-Day-6/downstream_genefull_velocyto_cellbender_remote/cellbender/cellbender_counts_report.html	2026-05-23T06:34:04Z	/JAX_scRNAseq02_processed/JAX-scRNAseq02-5-22-26-completion-7-27-26/WT-PrS-20pct-Day-6/downstream_genefull_velocyto_cellbender/cellbender/cellbender_counts_report.html	6d5e713a-8a01-11f1-881a-02ce27bde401	SUCCEEDED
JAX scRNAseq02	25E35-L3	WT-PrS-20pct-Day-6	WT-PrS-20pct-Day-6/downstream_genefull_velocyto_cellbender/counts.h5ad	688461974	75dcc0930698f34077477ad45ef77ad5bd00530d5e129d8bcaf9bc8516c033af	/mnt/pikachu/JAX_scRNAseq02_processed/ocm_prod_batch_flex_native_yremove_trace_20260521T034223Z/25E35-L3/samples/WT-PrS-20pct-Day-6/downstream_genefull_velocyto_cellbender_remote/counts.h5ad	2026-05-23T06:34:09Z	/JAX_scRNAseq02_processed/JAX-scRNAseq02-5-22-26-completion-7-27-26/WT-PrS-20pct-Day-6/downstream_genefull_velocyto_cellbender/counts.h5ad	6d5e713a-8a01-11f1-881a-02ce27bde401	SUCCEEDED
JAX scRNAseq02	25E35-L3	WT-PrS-20pct-Day-6	WT-PrS-20pct-Day-6/downstream_genefull_velocyto_cellbender/default_singlet_filtered_counts.h5ad	259461164	5fd367206cd4882913655e786d447a0b8685c0ffce1df055e0c08800d38dd935	/mnt/pikachu/JAX_scRNAseq02_processed/ocm_prod_batch_flex_native_yremove_trace_20260521T034223Z/25E35-L3/samples/WT-PrS-20pct-Day-6/downstream_genefull_velocyto_cellbender_remote/default_singlet_filtered_counts.h5ad	2026-05-23T06:34:18Z	/JAX_scRNAseq02_processed/JAX-scRNAseq02-5-22-26-completion-7-27-26/WT-PrS-20pct-Day-6/downstream_genefull_velocyto_cellbender/default_singlet_filtered_counts.h5ad	6d5e713a-8a01-11f1-881a-02ce27bde401	SUCCEEDED
JAX scRNAseq02	25E35-L3	WT-PrS-20pct-Day-6	WT-PrS-20pct-Day-6/downstream_genefull_velocyto_cellbender/doublet_barcodes.txt	16036	4c5598cd17594dc6f44dfce88a12ddcc0c394c4993673ea7be41ee68588122d5	/mnt/pikachu/JAX_scRNAseq02_processed/ocm_prod_batch_flex_native_yremove_trace_20260521T034223Z/25E35-L3/samples/WT-PrS-20pct-Day-6/downstream_genefull_velocyto_cellbender_remote/doublet_barcodes.txt	2026-05-23T06:03:13Z	/JAX_scRNAseq02_processed/JAX-scRNAseq02-5-22-26-completion-7-27-26/WT-PrS-20pct-Day-6/downstream_genefull_velocyto_cellbender/doublet_barcodes.txt	6d5e713a-8a01-11f1-881a-02ce27bde401	SUCCEEDED
JAX scRNAseq02	25E35-L3	WT-PrS-20pct-Day-6	WT-PrS-20pct-Day-6/downstream_genefull_velocyto_cellbender/filtered_barcodes_with_scores.txt	370391	9faea369f9d258396e5e44f135dfa3f494692ae1d708e172c76b093cd970ae85	/mnt/pikachu/JAX_scRNAseq02_processed/ocm_prod_batch_flex_native_yremove_trace_20260521T034223Z/25E35-L3/samples/WT-PrS-20pct-Day-6/downstream_genefull_velocyto_cellbender_remote/filtered_barcodes_with_scores.txt	2026-05-23T06:03:13Z	/JAX_scRNAseq02_processed/JAX-scRNAseq02-5-22-26-completion-7-27-26/WT-PrS-20pct-Day-6/downstream_genefull_velocyto_cellbender/filtered_barcodes_with_scores.txt	6d5e713a-8a01-11f1-881a-02ce27bde401	SUCCEEDED
JAX scRNAseq02	25E35-L3	WT-PrS-20pct-Day-6	WT-PrS-20pct-Day-6/downstream_genefull_velocyto_cellbender/filtered_counts.h5ad	292365308	9c3c5a6c93fbcbac15d9e84ef6751eb4f4fb99a62a403e73630ee3f0c4c19f40	/mnt/pikachu/JAX_scRNAseq02_processed/ocm_prod_batch_flex_native_yremove_trace_20260521T034223Z/25E35-L3/samples/WT-PrS-20pct-Day-6/downstream_genefull_velocyto_cellbender_remote/filtered_counts.h5ad	2026-05-23T06:34:16Z	/JAX_scRNAseq02_processed/JAX-scRNAseq02-5-22-26-completion-7-27-26/WT-PrS-20pct-Day-6/downstream_genefull_velocyto_cellbender/filtered_counts.h5ad	6d5e713a-8a01-11f1-881a-02ce27bde401	SUCCEEDED
JAX scRNAseq02	25E35-L3	WT-PrS-20pct-Day-6	WT-PrS-20pct-Day-6/downstream_genefull_velocyto_cellbender/final_counts.h5ad	732716054	445adbd144f37773a61581aa5a29ffc62aabed7c4b768d83f06846bfb5da4cf7	/mnt/pikachu/JAX_scRNAseq02_processed/ocm_prod_batch_flex_native_yremove_trace_20260521T034223Z/25E35-L3/samples/WT-PrS-20pct-Day-6/downstream_genefull_velocyto_cellbender_remote/final_counts.h5ad	2026-05-23T06:34:19Z	/JAX_scRNAseq02_processed/JAX-scRNAseq02-5-22-26-completion-7-27-26/WT-PrS-20pct-Day-6/downstream_genefull_velocyto_cellbender/final_counts.h5ad	6d5e713a-8a01-11f1-881a-02ce27bde401	SUCCEEDED
JAX scRNAseq02	25E35-L3	WT-PrS-20pct-Day-6	WT-PrS-20pct-Day-6/downstream_genefull_velocyto_cellbender/gene_quantile_histogram.html	3707275	88b75f4c3f6e7bda0dda7d0b130b6214271d8b26726e76738b7d497d60540d49	/mnt/pikachu/JAX_scRNAseq02_processed/ocm_prod_batch_flex_native_yremove_trace_20260521T034223Z/25E35-L3/samples/WT-PrS-20pct-Day-6/downstream_genefull_velocyto_cellbender_remote/gene_quantile_histogram.html	2026-05-23T06:04:56Z	/JAX_scRNAseq02_processed/JAX-scRNAseq02-5-22-26-completion-7-27-26/WT-PrS-20pct-Day-6/downstream_genefull_velocyto_cellbender/gene_quantile_histogram.html	6d5e713a-8a01-11f1-881a-02ce27bde401	SUCCEEDED
JAX scRNAseq02	25E35-L3	WT-PrS-20pct-Day-6	WT-PrS-20pct-Day-6/downstream_genefull_velocyto_cellbender/gene_quantile_histogram.png	210167	fa51d5cf414ca6b241b8eb3f14aadfafa6a51754ea4dc29bb7c656ba6b0f23d6	/mnt/pikachu/JAX_scRNAseq02_processed/ocm_prod_batch_flex_native_yremove_trace_20260521T034223Z/25E35-L3/samples/WT-PrS-20pct-Day-6/downstream_genefull_velocyto_cellbender_remote/gene_quantile_histogram.png	2026-05-23T06:04:56Z	/JAX_scRNAseq02_processed/JAX-scRNAseq02-5-22-26-completion-7-27-26/WT-PrS-20pct-Day-6/downstream_genefull_velocyto_cellbender/gene_quantile_histogram.png	6d5e713a-8a01-11f1-881a-02ce27bde401	SUCCEEDED
JAX scRNAseq02	25E35-L3	WT-PrS-20pct-Day-6	WT-PrS-20pct-Day-6/downstream_genefull_velocyto_cellbender/non_empty_barcodes.txt	151240	232ab640afcd3d8220e7d39accedcf4cedfd1db3b1e664ee54641baf849ab189	/mnt/pikachu/JAX_scRNAseq02_processed/ocm_prod_batch_flex_native_yremove_trace_20260521T034223Z/25E35-L3/samples/WT-PrS-20pct-Day-6/downstream_genefull_velocyto_cellbender_remote/non_empty_barcodes.txt	2026-05-23T06:02:31Z	/JAX_scRNAseq02_processed/JAX-scRNAseq02-5-22-26-completion-7-27-26/WT-PrS-20pct-Day-6/downstream_genefull_velocyto_cellbender/non_empty_barcodes.txt	6d5e713a-8a01-11f1-881a-02ce27bde401	SUCCEEDED
JAX scRNAseq02	25E35-L3	WT-PrS-20pct-Day-6	WT-PrS-20pct-Day-6/downstream_genefull_velocyto_cellbender/summary.txt	14139	7ed98cfaad5c550fbf4209122df9cc01aa45264b71b2093771ec4959277913c8	/mnt/pikachu/JAX_scRNAseq02_processed/ocm_prod_batch_flex_native_yremove_trace_20260521T034223Z/25E35-L3/samples/WT-PrS-20pct-Day-6/downstream_genefull_velocyto_cellbender_remote/summary.txt	2026-05-23T06:34:22Z	/JAX_scRNAseq02_processed/JAX-scRNAseq02-5-22-26-completion-7-27-26/WT-PrS-20pct-Day-6/downstream_genefull_velocyto_cellbender/summary.txt	6d5e713a-8a01-11f1-881a-02ce27bde401	SUCCEEDED
JAX scRNAseq02	25E35-L3	WT-PrS-20pct-Day-6	WT-PrS-20pct-Day-6/downstream_genefull_velocyto_cellbender/unfiltered_counts.h5ad	732716054	445adbd144f37773a61581aa5a29ffc62aabed7c4b768d83f06846bfb5da4cf7	/mnt/pikachu/JAX_scRNAseq02_processed/ocm_prod_batch_flex_native_yremove_trace_20260521T034223Z/25E35-L3/samples/WT-PrS-20pct-Day-6/downstream_genefull_velocyto_cellbender_remote/unfiltered_counts.h5ad	2026-05-23T06:34:13Z	/JAX_scRNAseq02_processed/JAX-scRNAseq02-5-22-26-completion-7-27-26/WT-PrS-20pct-Day-6/downstream_genefull_velocyto_cellbender/unfiltered_counts.h5ad	6d5e713a-8a01-11f1-881a-02ce27bde401	SUCCEEDED
JAX scRNAseq02	25E35-L4	EPAS1-Day-6	EPAS1-Day-6/downstream_genefull_velocyto_cellbender/adaptive_qc_threshold.json	1034	9c414fdb7b87f3c37a3ee4731b33bb9556202c506dbafb2c90c734fcb17d0616	/mnt/pikachu/JAX_scRNAseq02_processed/ocm_prod_batch_flex_native_yremove_trace_20260521T034223Z/25E35-L4/samples/EPAS1-Day-6/downstream_genefull_velocyto_cellbender_remote/adaptive_qc_threshold.json	2026-05-23T13:51:53Z	/JAX_scRNAseq02_processed/JAX-scRNAseq02-5-22-26-completion-7-27-26/EPAS1-Day-6/downstream_genefull_velocyto_cellbender/adaptive_qc_threshold.json	6d5e713a-8a01-11f1-881a-02ce27bde401	SUCCEEDED
JAX scRNAseq02	25E35-L4	EPAS1-Day-6	EPAS1-Day-6/downstream_genefull_velocyto_cellbender/cellbender/cellbender_counts.log	37504	69c0fd420f0642aceded1aa9093204c7c5bbdd2308bc8d1aebefcffc84ab1600	/mnt/pikachu/JAX_scRNAseq02_processed/ocm_prod_batch_flex_native_yremove_trace_20260521T034223Z/25E35-L4/samples/EPAS1-Day-6/downstream_genefull_velocyto_cellbender_remote/cellbender/cellbender_counts.log	2026-05-23T14:30:45Z	/JAX_scRNAseq02_processed/JAX-scRNAseq02-5-22-26-completion-7-27-26/EPAS1-Day-6/downstream_genefull_velocyto_cellbender/cellbender/cellbender_counts.log	6d5e713a-8a01-11f1-881a-02ce27bde401	SUCCEEDED
JAX scRNAseq02	25E35-L4	EPAS1-Day-6	EPAS1-Day-6/downstream_genefull_velocyto_cellbender/cellbender/cellbender_counts.pdf	87452	f4f8c962d8e126377bf980e86659e34b47f9cb6e6bb400d31dbcb5e0d77e43af	/mnt/pikachu/JAX_scRNAseq02_processed/ocm_prod_batch_flex_native_yremove_trace_20260521T034223Z/25E35-L4/samples/EPAS1-Day-6/downstream_genefull_velocyto_cellbender_remote/cellbender/cellbender_counts.pdf	2026-05-23T14:22:07Z	/JAX_scRNAseq02_processed/JAX-scRNAseq02-5-22-26-completion-7-27-26/EPAS1-Day-6/downstream_genefull_velocyto_cellbender/cellbender/cellbender_counts.pdf	6d5e713a-8a01-11f1-881a-02ce27bde401	SUCCEEDED
JAX scRNAseq02	25E35-L4	EPAS1-Day-6	EPAS1-Day-6/downstream_genefull_velocyto_cellbender/cellbender/cellbender_counts_cell_barcodes.csv	745997	aa12518ca55f63cef707a4c8138aef304cdb7e68e669a2395e8ff41953747cc9	/mnt/pikachu/JAX_scRNAseq02_processed/ocm_prod_batch_flex_native_yremove_trace_20260521T034223Z/25E35-L4/samples/EPAS1-Day-6/downstream_genefull_velocyto_cellbender_remote/cellbender/cellbender_counts_cell_barcodes.csv	2026-05-23T14:22:07Z	/JAX_scRNAseq02_processed/JAX-scRNAseq02-5-22-26-completion-7-27-26/EPAS1-Day-6/downstream_genefull_velocyto_cellbender/cellbender/cellbender_counts_cell_barcodes.csv	6d5e713a-8a01-11f1-881a-02ce27bde401	SUCCEEDED
JAX scRNAseq02	25E35-L4	EPAS1-Day-6	EPAS1-Day-6/downstream_genefull_velocyto_cellbender/cellbender/cellbender_counts_metrics.csv	585	19e3ff912d7f7dca8711b3781e693c631cae66485d696fda15de9ab171974748	/mnt/pikachu/JAX_scRNAseq02_processed/ocm_prod_batch_flex_native_yremove_trace_20260521T034223Z/25E35-L4/samples/EPAS1-Day-6/downstream_genefull_velocyto_cellbender_remote/cellbender/cellbender_counts_metrics.csv	2026-05-23T14:30:31Z	/JAX_scRNAseq02_processed/JAX-scRNAseq02-5-22-26-completion-7-27-26/EPAS1-Day-6/downstream_genefull_velocyto_cellbender/cellbender/cellbender_counts_metrics.csv	6d5e713a-8a01-11f1-881a-02ce27bde401	SUCCEEDED
JAX scRNAseq02	25E35-L4	EPAS1-Day-6	EPAS1-Day-6/downstream_genefull_velocyto_cellbender/cellbender/cellbender_counts_report.html	1121565	8f3a2c9279da7e72891e77f0ad927ca87eacd63fbe0c33f99e45078327e7faf4	/mnt/pikachu/JAX_scRNAseq02_processed/ocm_prod_batch_flex_native_yremove_trace_20260521T034223Z/25E35-L4/samples/EPAS1-Day-6/downstream_genefull_velocyto_cellbender_remote/cellbender/cellbender_counts_report.html	2026-05-23T14:30:45Z	/JAX_scRNAseq02_processed/JAX-scRNAseq02-5-22-26-completion-7-27-26/EPAS1-Day-6/downstream_genefull_velocyto_cellbender/cellbender/cellbender_counts_report.html	6d5e713a-8a01-11f1-881a-02ce27bde401	SUCCEEDED
JAX scRNAseq02	25E35-L4	EPAS1-Day-6	EPAS1-Day-6/downstream_genefull_velocyto_cellbender/counts.h5ad	1480619286	c82ed14a071d8b6ab6078b2557a35267e2c0f697b6ab3b583a30567f7b4cb683	/mnt/pikachu/JAX_scRNAseq02_processed/ocm_prod_batch_flex_native_yremove_trace_20260521T034223Z/25E35-L4/samples/EPAS1-Day-6/downstream_genefull_velocyto_cellbender_remote/counts.h5ad	2026-05-23T14:30:52Z	/JAX_scRNAseq02_processed/JAX-scRNAseq02-5-22-26-completion-7-27-26/EPAS1-Day-6/downstream_genefull_velocyto_cellbender/counts.h5ad	6d5e713a-8a01-11f1-881a-02ce27bde401	SUCCEEDED
JAX scRNAseq02	25E35-L4	EPAS1-Day-6	EPAS1-Day-6/downstream_genefull_velocyto_cellbender/default_singlet_filtered_counts.h5ad	795831434	18adbda68340f5a8c0bbb94f027ec0c72796ca9e3b5e4dd519d4c51034148fe1	/mnt/pikachu/JAX_scRNAseq02_processed/ocm_prod_batch_flex_native_yremove_trace_20260521T034223Z/25E35-L4/samples/EPAS1-Day-6/downstream_genefull_velocyto_cellbender_remote/default_singlet_filtered_counts.h5ad	2026-05-23T14:31:05Z	/JAX_scRNAseq02_processed/JAX-scRNAseq02-5-22-26-completion-7-27-26/EPAS1-Day-6/downstream_genefull_velocyto_cellbender/default_singlet_filtered_counts.h5ad	6d5e713a-8a01-11f1-881a-02ce27bde401	SUCCEEDED
JAX scRNAseq02	25E35-L4	EPAS1-Day-6	EPAS1-Day-6/downstream_genefull_velocyto_cellbender/doublet_barcodes.txt	37829	c7c49d5d94773f69b61d39d6b35b247a3e555cd747fd7d971464b1499d63a48d	/mnt/pikachu/JAX_scRNAseq02_processed/ocm_prod_batch_flex_native_yremove_trace_20260521T034223Z/25E35-L4/samples/EPAS1-Day-6/downstream_genefull_velocyto_cellbender_remote/doublet_barcodes.txt	2026-05-23T13:48:10Z	/JAX_scRNAseq02_processed/JAX-scRNAseq02-5-22-26-completion-7-27-26/EPAS1-Day-6/downstream_genefull_velocyto_cellbender/doublet_barcodes.txt	6d5e713a-8a01-11f1-881a-02ce27bde401	SUCCEEDED
JAX scRNAseq02	25E35-L4	EPAS1-Day-6	EPAS1-Day-6/downstream_genefull_velocyto_cellbender/filtered_barcodes_with_scores.txt	861061	12837783961fdc6697498ace34aed39ba93a178e7574aa6d189bacb6eee0121d	/mnt/pikachu/JAX_scRNAseq02_processed/ocm_prod_batch_flex_native_yremove_trace_20260521T034223Z/25E35-L4/samples/EPAS1-Day-6/downstream_genefull_velocyto_cellbender_remote/filtered_barcodes_with_scores.txt	2026-05-23T13:48:10Z	/JAX_scRNAseq02_processed/JAX-scRNAseq02-5-22-26-completion-7-27-26/EPAS1-Day-6/downstream_genefull_velocyto_cellbender/filtered_barcodes_with_scores.txt	6d5e713a-8a01-11f1-881a-02ce27bde401	SUCCEEDED
JAX scRNAseq02	25E35-L4	EPAS1-Day-6	EPAS1-Day-6/downstream_genefull_velocyto_cellbender/filtered_counts.h5ad	950264840	179d80fe28889d1e0ac09ec73c2ffbd47260eb9dc59db1bfb05bcd6a742fae22	/mnt/pikachu/JAX_scRNAseq02_processed/ocm_prod_batch_flex_native_yremove_trace_20260521T034223Z/25E35-L4/samples/EPAS1-Day-6/downstream_genefull_velocyto_cellbender_remote/filtered_counts.h5ad	2026-05-23T14:31:02Z	/JAX_scRNAseq02_processed/JAX-scRNAseq02-5-22-26-completion-7-27-26/EPAS1-Day-6/downstream_genefull_velocyto_cellbender/filtered_counts.h5ad	6d5e713a-8a01-11f1-881a-02ce27bde401	SUCCEEDED
JAX scRNAseq02	25E35-L4	EPAS1-Day-6	EPAS1-Day-6/downstream_genefull_velocyto_cellbender/final_counts.h5ad	1524873366	3d4b950c27a30b2484bea9363612127aea1c21f8b08dc303910a9247222680c1	/mnt/pikachu/JAX_scRNAseq02_processed/ocm_prod_batch_flex_native_yremove_trace_20260521T034223Z/25E35-L4/samples/EPAS1-Day-6/downstream_genefull_velocyto_cellbender_remote/final_counts.h5ad	2026-05-23T14:31:07Z	/JAX_scRNAseq02_processed/JAX-scRNAseq02-5-22-26-completion-7-27-26/EPAS1-Day-6/downstream_genefull_velocyto_cellbender/final_counts.h5ad	6d5e713a-8a01-11f1-881a-02ce27bde401	SUCCEEDED
JAX scRNAseq02	25E35-L4	EPAS1-Day-6	EPAS1-Day-6/downstream_genefull_velocyto_cellbender/gene_quantile_histogram.html	3799433	ef552717fca1485c4a371182be9ef65df1a65b963219729b453198f538122c6f	/mnt/pikachu/JAX_scRNAseq02_processed/ocm_prod_batch_flex_native_yremove_trace_20260521T034223Z/25E35-L4/samples/EPAS1-Day-6/downstream_genefull_velocyto_cellbender_remote/gene_quantile_histogram.html	2026-05-23T13:51:55Z	/JAX_scRNAseq02_processed/JAX-scRNAseq02-5-22-26-completion-7-27-26/EPAS1-Day-6/downstream_genefull_velocyto_cellbender/gene_quantile_histogram.html	6d5e713a-8a01-11f1-881a-02ce27bde401	SUCCEEDED
JAX scRNAseq02	25E35-L4	EPAS1-Day-6	EPAS1-Day-6/downstream_genefull_velocyto_cellbender/gene_quantile_histogram.png	190921	b99beb44197a0546936be0d4468894935e39f78903cc2c225a27df8b53c2b260	/mnt/pikachu/JAX_scRNAseq02_processed/ocm_prod_batch_flex_native_yremove_trace_20260521T034223Z/25E35-L4/samples/EPAS1-Day-6/downstream_genefull_velocyto_cellbender_remote/gene_quantile_histogram.png	2026-05-23T13:51:56Z	/JAX_scRNAseq02_processed/JAX-scRNAseq02-5-22-26-completion-7-27-26/EPAS1-Day-6/downstream_genefull_velocyto_cellbender/gene_quantile_histogram.png	6d5e713a-8a01-11f1-881a-02ce27bde401	SUCCEEDED
JAX scRNAseq02	25E35-L4	EPAS1-Day-6	EPAS1-Day-6/downstream_genefull_velocyto_cellbender/non_empty_barcodes.txt	351139	d2ca6fdf03e5f469e9a1b46ea329a03d5bf8f46e201e0b36a495c1b20c7647fc	/mnt/pikachu/JAX_scRNAseq02_processed/ocm_prod_batch_flex_native_yremove_trace_20260521T034223Z/25E35-L4/samples/EPAS1-Day-6/downstream_genefull_velocyto_cellbender_remote/non_empty_barcodes.txt	2026-05-23T13:45:25Z	/JAX_scRNAseq02_processed/JAX-scRNAseq02-5-22-26-completion-7-27-26/EPAS1-Day-6/downstream_genefull_velocyto_cellbender/non_empty_barcodes.txt	6d5e713a-8a01-11f1-881a-02ce27bde401	SUCCEEDED
JAX scRNAseq02	25E35-L4	EPAS1-Day-6	EPAS1-Day-6/downstream_genefull_velocyto_cellbender/summary.txt	12708	0b1166230ae10e7f3069771be698a45188485e58fa3d7e881cfcc25df3dbc6f6	/mnt/pikachu/JAX_scRNAseq02_processed/ocm_prod_batch_flex_native_yremove_trace_20260521T034223Z/25E35-L4/samples/EPAS1-Day-6/downstream_genefull_velocyto_cellbender_remote/summary.txt	2026-05-23T14:31:13Z	/JAX_scRNAseq02_processed/JAX-scRNAseq02-5-22-26-completion-7-27-26/EPAS1-Day-6/downstream_genefull_velocyto_cellbender/summary.txt	6d5e713a-8a01-11f1-881a-02ce27bde401	SUCCEEDED
JAX scRNAseq02	25E35-L4	EPAS1-Day-6	EPAS1-Day-6/downstream_genefull_velocyto_cellbender/unfiltered_counts.h5ad	1524873366	3d4b950c27a30b2484bea9363612127aea1c21f8b08dc303910a9247222680c1	/mnt/pikachu/JAX_scRNAseq02_processed/ocm_prod_batch_flex_native_yremove_trace_20260521T034223Z/25E35-L4/samples/EPAS1-Day-6/downstream_genefull_velocyto_cellbender_remote/unfiltered_counts.h5ad	2026-05-23T14:30:58Z	/JAX_scRNAseq02_processed/JAX-scRNAseq02-5-22-26-completion-7-27-26/EPAS1-Day-6/downstream_genefull_velocyto_cellbender/unfiltered_counts.h5ad	6d5e713a-8a01-11f1-881a-02ce27bde401	SUCCEEDED
JAX scRNAseq02	25E35-L4	ISL1-Day-6	ISL1-Day-6/downstream_genefull_velocyto_cellbender/adaptive_qc_threshold.json	1032	62bf707cab2a377244360ac7aaa53f14d2a8f76c4cf74a690d706147a582a589	/mnt/pikachu/JAX_scRNAseq02_processed/ocm_prod_batch_flex_native_yremove_trace_20260521T034223Z/25E35-L4/samples/ISL1-Day-6/downstream_genefull_velocyto_cellbender_remote/adaptive_qc_threshold.json	2026-05-23T13:15:02Z	/JAX_scRNAseq02_processed/JAX-scRNAseq02-5-22-26-completion-7-27-26/ISL1-Day-6/downstream_genefull_velocyto_cellbender/adaptive_qc_threshold.json	6d5e713a-8a01-11f1-881a-02ce27bde401	SUCCEEDED
JAX scRNAseq02	25E35-L4	ISL1-Day-6	ISL1-Day-6/downstream_genefull_velocyto_cellbender/cellbender/cellbender_counts.log	34868	289cfa112081f0ceeaf07db221024c027f5d1afcae3bbc5e75f5f74485cb710d	/mnt/pikachu/JAX_scRNAseq02_processed/ocm_prod_batch_flex_native_yremove_trace_20260521T034223Z/25E35-L4/samples/ISL1-Day-6/downstream_genefull_velocyto_cellbender_remote/cellbender/cellbender_counts.log	2026-05-23T13:43:35Z	/JAX_scRNAseq02_processed/JAX-scRNAseq02-5-22-26-completion-7-27-26/ISL1-Day-6/downstream_genefull_velocyto_cellbender/cellbender/cellbender_counts.log	6d5e713a-8a01-11f1-881a-02ce27bde401	SUCCEEDED
JAX scRNAseq02	25E35-L4	ISL1-Day-6	ISL1-Day-6/downstream_genefull_velocyto_cellbender/cellbender/cellbender_counts.pdf	93967	87f6c2aa3230a052148eecf3d573f5bf5757c1fbdf58838a9373dc1085c4c314	/mnt/pikachu/JAX_scRNAseq02_processed/ocm_prod_batch_flex_native_yremove_trace_20260521T034223Z/25E35-L4/samples/ISL1-Day-6/downstream_genefull_velocyto_cellbender_remote/cellbender/cellbender_counts.pdf	2026-05-23T13:38:03Z	/JAX_scRNAseq02_processed/JAX-scRNAseq02-5-22-26-completion-7-27-26/ISL1-Day-6/downstream_genefull_velocyto_cellbender/cellbender/cellbender_counts.pdf	6d5e713a-8a01-11f1-881a-02ce27bde401	SUCCEEDED
JAX scRNAseq02	25E35-L4	ISL1-Day-6	ISL1-Day-6/downstream_genefull_velocyto_cellbender/cellbender/cellbender_counts_cell_barcodes.csv	632928	25f88ff60a5eccbd14aee815b4a525c553a47a9c37125d903a2d04ed744e18a1	/mnt/pikachu/JAX_scRNAseq02_processed/ocm_prod_batch_flex_native_yremove_trace_20260521T034223Z/25E35-L4/samples/ISL1-Day-6/downstream_genefull_velocyto_cellbender_remote/cellbender/cellbender_counts_cell_barcodes.csv	2026-05-23T13:38:03Z	/JAX_scRNAseq02_processed/JAX-scRNAseq02-5-22-26-completion-7-27-26/ISL1-Day-6/downstream_genefull_velocyto_cellbender/cellbender/cellbender_counts_cell_barcodes.csv	6d5e713a-8a01-11f1-881a-02ce27bde401	SUCCEEDED
JAX scRNAseq02	25E35-L4	ISL1-Day-6	ISL1-Day-6/downstream_genefull_velocyto_cellbender/cellbender/cellbender_counts_metrics.csv	584	de0793a56e2a277aaf399c665b5ce45bcb72a47cf5efb333e2cd59d324da3df5	/mnt/pikachu/JAX_scRNAseq02_processed/ocm_prod_batch_flex_native_yremove_trace_20260521T034223Z/25E35-L4/samples/ISL1-Day-6/downstream_genefull_velocyto_cellbender_remote/cellbender/cellbender_counts_metrics.csv	2026-05-23T13:43:22Z	/JAX_scRNAseq02_processed/JAX-scRNAseq02-5-22-26-completion-7-27-26/ISL1-Day-6/downstream_genefull_velocyto_cellbender/cellbender/cellbender_counts_metrics.csv	6d5e713a-8a01-11f1-881a-02ce27bde401	SUCCEEDED
JAX scRNAseq02	25E35-L4	ISL1-Day-6	ISL1-Day-6/downstream_genefull_velocyto_cellbender/cellbender/cellbender_counts_report.html	1142214	bae214cfce71b9953386689e824e49c873676cd51a2b6b6270515109ef3f5fdf	/mnt/pikachu/JAX_scRNAseq02_processed/ocm_prod_batch_flex_native_yremove_trace_20260521T034223Z/25E35-L4/samples/ISL1-Day-6/downstream_genefull_velocyto_cellbender_remote/cellbender/cellbender_counts_report.html	2026-05-23T13:43:35Z	/JAX_scRNAseq02_processed/JAX-scRNAseq02-5-22-26-completion-7-27-26/ISL1-Day-6/downstream_genefull_velocyto_cellbender/cellbender/cellbender_counts_report.html	6d5e713a-8a01-11f1-881a-02ce27bde401	SUCCEEDED
JAX scRNAseq02	25E35-L4	ISL1-Day-6	ISL1-Day-6/downstream_genefull_velocyto_cellbender/counts.h5ad	951398326	92458243d1ba0c948ff744c2ed70dcf063c658c7f97d31d573a52575d9588c88	/mnt/pikachu/JAX_scRNAseq02_processed/ocm_prod_batch_flex_native_yremove_trace_20260521T034223Z/25E35-L4/samples/ISL1-Day-6/downstream_genefull_velocyto_cellbender_remote/counts.h5ad	2026-05-23T13:43:40Z	/JAX_scRNAseq02_processed/JAX-scRNAseq02-5-22-26-completion-7-27-26/ISL1-Day-6/downstream_genefull_velocyto_cellbender/counts.h5ad	6d5e713a-8a01-11f1-881a-02ce27bde401	SUCCEEDED
JAX scRNAseq02	25E35-L4	ISL1-Day-6	ISL1-Day-6/downstream_genefull_velocyto_cellbender/default_singlet_filtered_counts.h5ad	469918944	89acbb3cd652c7dd6e9ead2e5e93d59032d686d320d3dea5df54a9f5a417d090	/mnt/pikachu/JAX_scRNAseq02_processed/ocm_prod_batch_flex_native_yremove_trace_20260521T034223Z/25E35-L4/samples/ISL1-Day-6/downstream_genefull_velocyto_cellbender_remote/default_singlet_filtered_counts.h5ad	2026-05-23T13:43:51Z	/JAX_scRNAseq02_processed/JAX-scRNAseq02-5-22-26-completion-7-27-26/ISL1-Day-6/downstream_genefull_velocyto_cellbender/default_singlet_filtered_counts.h5ad	6d5e713a-8a01-11f1-881a-02ce27bde401	SUCCEEDED
JAX scRNAseq02	25E35-L4	ISL1-Day-6	ISL1-Day-6/downstream_genefull_velocyto_cellbender/doublet_barcodes.txt	21052	2a6d8d0d8ce36648082184a557e24176dddd4b48d7b0cd78ac4e00f491534206	/mnt/pikachu/JAX_scRNAseq02_processed/ocm_prod_batch_flex_native_yremove_trace_20260521T034223Z/25E35-L4/samples/ISL1-Day-6/downstream_genefull_velocyto_cellbender_remote/doublet_barcodes.txt	2026-05-23T13:12:44Z	/JAX_scRNAseq02_processed/JAX-scRNAseq02-5-22-26-completion-7-27-26/ISL1-Day-6/downstream_genefull_velocyto_cellbender/doublet_barcodes.txt	6d5e713a-8a01-11f1-881a-02ce27bde401	SUCCEEDED
JAX scRNAseq02	25E35-L4	ISL1-Day-6	ISL1-Day-6/downstream_genefull_velocyto_cellbender/filtered_barcodes_with_scores.txt	533755	c0686654999d7268824980478aa6dd97935307836a039caebd55637d7787e3a0	/mnt/pikachu/JAX_scRNAseq02_processed/ocm_prod_batch_flex_native_yremove_trace_20260521T034223Z/25E35-L4/samples/ISL1-Day-6/downstream_genefull_velocyto_cellbender_remote/filtered_barcodes_with_scores.txt	2026-05-23T13:12:44Z	/JAX_scRNAseq02_processed/JAX-scRNAseq02-5-22-26-completion-7-27-26/ISL1-Day-6/downstream_genefull_velocyto_cellbender/filtered_barcodes_with_scores.txt	6d5e713a-8a01-11f1-881a-02ce27bde401	SUCCEEDED
JAX scRNAseq02	25E35-L4	ISL1-Day-6	ISL1-Day-6/downstream_genefull_velocyto_cellbender/filtered_counts.h5ad	519648414	a60e2bf69563f7bdd6bb22856f554a36b979bd4a839f96c3f6abcc7f906bbc72	/mnt/pikachu/JAX_scRNAseq02_processed/ocm_prod_batch_flex_native_yremove_trace_20260521T034223Z/25E35-L4/samples/ISL1-Day-6/downstream_genefull_velocyto_cellbender_remote/filtered_counts.h5ad	2026-05-23T13:43:48Z	/JAX_scRNAseq02_processed/JAX-scRNAseq02-5-22-26-completion-7-27-26/ISL1-Day-6/downstream_genefull_velocyto_cellbender/filtered_counts.h5ad	6d5e713a-8a01-11f1-881a-02ce27bde401	SUCCEEDED
JAX scRNAseq02	25E35-L4	ISL1-Day-6	ISL1-Day-6/downstream_genefull_velocyto_cellbender/final_counts.h5ad	995652406	3f9cdb46ebac791ca4e1e6dd91e0ca6f83d903aab57d9728a0eef4082cb0e379	/mnt/pikachu/JAX_scRNAseq02_processed/ocm_prod_batch_flex_native_yremove_trace_20260521T034223Z/25E35-L4/samples/ISL1-Day-6/downstream_genefull_velocyto_cellbender_remote/final_counts.h5ad	2026-05-23T13:43:52Z	/JAX_scRNAseq02_processed/JAX-scRNAseq02-5-22-26-completion-7-27-26/ISL1-Day-6/downstream_genefull_velocyto_cellbender/final_counts.h5ad	6d5e713a-8a01-11f1-881a-02ce27bde401	SUCCEEDED
JAX scRNAseq02	25E35-L4	ISL1-Day-6	ISL1-Day-6/downstream_genefull_velocyto_cellbender/gene_quantile_histogram.html	3744063	72fad771894b84bb3ddc57de50563bcc70bed9d463fdf70a202a99b4720017f3	/mnt/pikachu/JAX_scRNAseq02_processed/ocm_prod_batch_flex_native_yremove_trace_20260521T034223Z/25E35-L4/samples/ISL1-Day-6/downstream_genefull_velocyto_cellbender_remote/gene_quantile_histogram.html	2026-05-23T13:15:04Z	/JAX_scRNAseq02_processed/JAX-scRNAseq02-5-22-26-completion-7-27-26/ISL1-Day-6/downstream_genefull_velocyto_cellbender/gene_quantile_histogram.html	6d5e713a-8a01-11f1-881a-02ce27bde401	SUCCEEDED
JAX scRNAseq02	25E35-L4	ISL1-Day-6	ISL1-Day-6/downstream_genefull_velocyto_cellbender/gene_quantile_histogram.png	207740	59f938723a33897aee0be88643013e8db852ed6d1dc82aed70cf3efdef9e3dfc	/mnt/pikachu/JAX_scRNAseq02_processed/ocm_prod_batch_flex_native_yremove_trace_20260521T034223Z/25E35-L4/samples/ISL1-Day-6/downstream_genefull_velocyto_cellbender_remote/gene_quantile_histogram.png	2026-05-23T13:15:05Z	/JAX_scRNAseq02_processed/JAX-scRNAseq02-5-22-26-completion-7-27-26/ISL1-Day-6/downstream_genefull_velocyto_cellbender/gene_quantile_histogram.png	6d5e713a-8a01-11f1-881a-02ce27bde401	SUCCEEDED
JAX scRNAseq02	25E35-L4	ISL1-Day-6	ISL1-Day-6/downstream_genefull_velocyto_cellbender/non_empty_barcodes.txt	217854	98987b47e3950685e6256450e555c9abe240a04e715816835df9e379f73bc09c	/mnt/pikachu/JAX_scRNAseq02_processed/ocm_prod_batch_flex_native_yremove_trace_20260521T034223Z/25E35-L4/samples/ISL1-Day-6/downstream_genefull_velocyto_cellbender_remote/non_empty_barcodes.txt	2026-05-23T13:11:23Z	/JAX_scRNAseq02_processed/JAX-scRNAseq02-5-22-26-completion-7-27-26/ISL1-Day-6/downstream_genefull_velocyto_cellbender/non_empty_barcodes.txt	6d5e713a-8a01-11f1-881a-02ce27bde401	SUCCEEDED
JAX scRNAseq02	25E35-L4	ISL1-Day-6	ISL1-Day-6/downstream_genefull_velocyto_cellbender/summary.txt	12678	4044674868ac77c6b0c8da5b621566ae49da6ad7782aa070ca846f142edbb356	/mnt/pikachu/JAX_scRNAseq02_processed/ocm_prod_batch_flex_native_yremove_trace_20260521T034223Z/25E35-L4/samples/ISL1-Day-6/downstream_genefull_velocyto_cellbender_remote/summary.txt	2026-05-23T13:43:56Z	/JAX_scRNAseq02_processed/JAX-scRNAseq02-5-22-26-completion-7-27-26/ISL1-Day-6/downstream_genefull_velocyto_cellbender/summary.txt	6d5e713a-8a01-11f1-881a-02ce27bde401	SUCCEEDED
JAX scRNAseq02	25E35-L4	ISL1-Day-6	ISL1-Day-6/downstream_genefull_velocyto_cellbender/unfiltered_counts.h5ad	995652406	3f9cdb46ebac791ca4e1e6dd91e0ca6f83d903aab57d9728a0eef4082cb0e379	/mnt/pikachu/JAX_scRNAseq02_processed/ocm_prod_batch_flex_native_yremove_trace_20260521T034223Z/25E35-L4/samples/ISL1-Day-6/downstream_genefull_velocyto_cellbender_remote/unfiltered_counts.h5ad	2026-05-23T13:43:45Z	/JAX_scRNAseq02_processed/JAX-scRNAseq02-5-22-26-completion-7-27-26/ISL1-Day-6/downstream_genefull_velocyto_cellbender/unfiltered_counts.h5ad	6d5e713a-8a01-11f1-881a-02ce27bde401	SUCCEEDED
JAX scRNAseq02	25E35-L4	WT-ExM-Day-6	WT-ExM-Day-6/downstream_genefull_velocyto_cellbender/adaptive_qc_threshold.json	1031	241032b3e8c4329b512e75d8cd2600aa66ed495acef1d4d90aa0ca632e299399	/mnt/pikachu/JAX_scRNAseq02_processed/ocm_prod_batch_flex_native_yremove_trace_20260521T034223Z/25E35-L4/samples/WT-ExM-Day-6/downstream_genefull_velocyto_cellbender_remote/adaptive_qc_threshold.json	2026-05-23T15:29:51Z	/JAX_scRNAseq02_processed/JAX-scRNAseq02-5-22-26-completion-7-27-26/WT-ExM-Day-6/downstream_genefull_velocyto_cellbender/adaptive_qc_threshold.json	6d5e713a-8a01-11f1-881a-02ce27bde401	SUCCEEDED
JAX scRNAseq02	25E35-L4	WT-ExM-Day-6	WT-ExM-Day-6/downstream_genefull_velocyto_cellbender/cellbender/cellbender_counts.log	35407	fc19e37911dbb97cf5b88d16d971d9fd9267aa49db884317fa99ad030751d203	/mnt/pikachu/JAX_scRNAseq02_processed/ocm_prod_batch_flex_native_yremove_trace_20260521T034223Z/25E35-L4/samples/WT-ExM-Day-6/downstream_genefull_velocyto_cellbender_remote/cellbender/cellbender_counts.log	2026-05-23T16:02:25Z	/JAX_scRNAseq02_processed/JAX-scRNAseq02-5-22-26-completion-7-27-26/WT-ExM-Day-6/downstream_genefull_velocyto_cellbender/cellbender/cellbender_counts.log	6d5e713a-8a01-11f1-881a-02ce27bde401	SUCCEEDED
JAX scRNAseq02	25E35-L4	WT-ExM-Day-6	WT-ExM-Day-6/downstream_genefull_velocyto_cellbender/cellbender/cellbender_counts.pdf	70243	43bc0fc9322f192351e5d82d43c1ea7c45c4f05027aec302af1f5fd9efc6333f	/mnt/pikachu/JAX_scRNAseq02_processed/ocm_prod_batch_flex_native_yremove_trace_20260521T034223Z/25E35-L4/samples/WT-ExM-Day-6/downstream_genefull_velocyto_cellbender_remote/cellbender/cellbender_counts.pdf	2026-05-23T15:55:54Z	/JAX_scRNAseq02_processed/JAX-scRNAseq02-5-22-26-completion-7-27-26/WT-ExM-Day-6/downstream_genefull_velocyto_cellbender/cellbender/cellbender_counts.pdf	6d5e713a-8a01-11f1-881a-02ce27bde401	SUCCEEDED
JAX scRNAseq02	25E35-L4	WT-ExM-Day-6	WT-ExM-Day-6/downstream_genefull_velocyto_cellbender/cellbender/cellbender_counts_cell_barcodes.csv	655405	751913293573c3d03b1986b018d5174223971460cf3c7fb37e379172d8b11da8	/mnt/pikachu/JAX_scRNAseq02_processed/ocm_prod_batch_flex_native_yremove_trace_20260521T034223Z/25E35-L4/samples/WT-ExM-Day-6/downstream_genefull_velocyto_cellbender_remote/cellbender/cellbender_counts_cell_barcodes.csv	2026-05-23T15:55:54Z	/JAX_scRNAseq02_processed/JAX-scRNAseq02-5-22-26-completion-7-27-26/WT-ExM-Day-6/downstream_genefull_velocyto_cellbender/cellbender/cellbender_counts_cell_barcodes.csv	6d5e713a-8a01-11f1-881a-02ce27bde401	SUCCEEDED
JAX scRNAseq02	25E35-L4	WT-ExM-Day-6	WT-ExM-Day-6/downstream_genefull_velocyto_cellbender/cellbender/cellbender_counts_metrics.csv	585	3e28f5327d6a999f0450d4cfb336358930c2194afd4093fe6a2b70d2d97cc924	/mnt/pikachu/JAX_scRNAseq02_processed/ocm_prod_batch_flex_native_yremove_trace_20260521T034223Z/25E35-L4/samples/WT-ExM-Day-6/downstream_genefull_velocyto_cellbender_remote/cellbender/cellbender_counts_metrics.csv	2026-05-23T16:02:12Z	/JAX_scRNAseq02_processed/JAX-scRNAseq02-5-22-26-completion-7-27-26/WT-ExM-Day-6/downstream_genefull_velocyto_cellbender/cellbender/cellbender_counts_metrics.csv	6d5e713a-8a01-11f1-881a-02ce27bde401	SUCCEEDED
JAX scRNAseq02	25E35-L4	WT-ExM-Day-6	WT-ExM-Day-6/downstream_genefull_velocyto_cellbender/cellbender/cellbender_counts_report.html	1058591	564a55b8fc33ba3c0f532a02665644ba214e687edf23eb77468631efc05e4fa9	/mnt/pikachu/JAX_scRNAseq02_processed/ocm_prod_batch_flex_native_yremove_trace_20260521T034223Z/25E35-L4/samples/WT-ExM-Day-6/downstream_genefull_velocyto_cellbender_remote/cellbender/cellbender_counts_report.html	2026-05-23T16:02:25Z	/JAX_scRNAseq02_processed/JAX-scRNAseq02-5-22-26-completion-7-27-26/WT-ExM-Day-6/downstream_genefull_velocyto_cellbender/cellbender/cellbender_counts_report.html	6d5e713a-8a01-11f1-881a-02ce27bde401	SUCCEEDED
JAX scRNAseq02	25E35-L4	WT-ExM-Day-6	WT-ExM-Day-6/downstream_genefull_velocyto_cellbender/counts.h5ad	1139666870	8481bf3c03704eef34aaf998c4581937a16acc947e886fef7b3063a6b9b4051f	/mnt/pikachu/JAX_scRNAseq02_processed/ocm_prod_batch_flex_native_yremove_trace_20260521T034223Z/25E35-L4/samples/WT-ExM-Day-6/downstream_genefull_velocyto_cellbender_remote/counts.h5ad	2026-05-23T16:02:31Z	/JAX_scRNAseq02_processed/JAX-scRNAseq02-5-22-26-completion-7-27-26/WT-ExM-Day-6/downstream_genefull_velocyto_cellbender/counts.h5ad	6d5e713a-8a01-11f1-881a-02ce27bde401	SUCCEEDED
JAX scRNAseq02	25E35-L4	WT-ExM-Day-6	WT-ExM-Day-6/downstream_genefull_velocyto_cellbender/default_singlet_filtered_counts.h5ad	613754986	05ebfa47b7c66cb8c11fa87200439629cde3d9a7fde376c8b9b4e1dfd05dc1cf	/mnt/pikachu/JAX_scRNAseq02_processed/ocm_prod_batch_flex_native_yremove_trace_20260521T034223Z/25E35-L4/samples/WT-ExM-Day-6/downstream_genefull_velocyto_cellbender_remote/default_singlet_filtered_counts.h5ad	2026-05-23T16:02:43Z	/JAX_scRNAseq02_processed/JAX-scRNAseq02-5-22-26-completion-7-27-26/WT-ExM-Day-6/downstream_genefull_velocyto_cellbender/default_singlet_filtered_counts.h5ad	6d5e713a-8a01-11f1-881a-02ce27bde401	SUCCEEDED
JAX scRNAseq02	25E35-L4	WT-ExM-Day-6	WT-ExM-Day-6/downstream_genefull_velocyto_cellbender/doublet_barcodes.txt	25137	00ad29fafca8fa99ef1670f929d779731baf386fd7b31c6fbfd3eebc5bf75ce5	/mnt/pikachu/JAX_scRNAseq02_processed/ocm_prod_batch_flex_native_yremove_trace_20260521T034223Z/25E35-L4/samples/WT-ExM-Day-6/downstream_genefull_velocyto_cellbender_remote/doublet_barcodes.txt	2026-05-23T15:27:23Z	/JAX_scRNAseq02_processed/JAX-scRNAseq02-5-22-26-completion-7-27-26/WT-ExM-Day-6/downstream_genefull_velocyto_cellbender/doublet_barcodes.txt	6d5e713a-8a01-11f1-881a-02ce27bde401	SUCCEEDED
JAX scRNAseq02	25E35-L4	WT-ExM-Day-6	WT-ExM-Day-6/downstream_genefull_velocyto_cellbender/filtered_barcodes_with_scores.txt	574953	4929168b4565f8172178a3709e027fcc7e3bedae483563b658a243b7f3d0745b	/mnt/pikachu/JAX_scRNAseq02_processed/ocm_prod_batch_flex_native_yremove_trace_20260521T034223Z/25E35-L4/samples/WT-ExM-Day-6/downstream_genefull_velocyto_cellbender_remote/filtered_barcodes_with_scores.txt	2026-05-23T15:27:23Z	/JAX_scRNAseq02_processed/JAX-scRNAseq02-5-22-26-completion-7-27-26/WT-ExM-Day-6/downstream_genefull_velocyto_cellbender/filtered_barcodes_with_scores.txt	6d5e713a-8a01-11f1-881a-02ce27bde401	SUCCEEDED
JAX scRNAseq02	25E35-L4	WT-ExM-Day-6	WT-ExM-Day-6/downstream_genefull_velocyto_cellbender/filtered_counts.h5ad	703561494	900c0513ff8ce991c78ae9ddf6472e35255a81854b2416791705d78ba893eac7	/mnt/pikachu/JAX_scRNAseq02_processed/ocm_prod_batch_flex_native_yremove_trace_20260521T034223Z/25E35-L4/samples/WT-ExM-Day-6/downstream_genefull_velocyto_cellbender_remote/filtered_counts.h5ad	2026-05-23T16:02:40Z	/JAX_scRNAseq02_processed/JAX-scRNAseq02-5-22-26-completion-7-27-26/WT-ExM-Day-6/downstream_genefull_velocyto_cellbender/filtered_counts.h5ad	6d5e713a-8a01-11f1-881a-02ce27bde401	SUCCEEDED
JAX scRNAseq02	25E35-L4	WT-ExM-Day-6	WT-ExM-Day-6/downstream_genefull_velocyto_cellbender/final_counts.h5ad	1183920950	82dbeefd886dfe3b47bafc0dcb03209ef676c974794fa434cf5bb57fabab36ef	/mnt/pikachu/JAX_scRNAseq02_processed/ocm_prod_batch_flex_native_yremove_trace_20260521T034223Z/25E35-L4/samples/WT-ExM-Day-6/downstream_genefull_velocyto_cellbender_remote/final_counts.h5ad	2026-05-23T16:02:44Z	/JAX_scRNAseq02_processed/JAX-scRNAseq02-5-22-26-completion-7-27-26/WT-ExM-Day-6/downstream_genefull_velocyto_cellbender/final_counts.h5ad	6d5e713a-8a01-11f1-881a-02ce27bde401	SUCCEEDED
JAX scRNAseq02	25E35-L4	WT-ExM-Day-6	WT-ExM-Day-6/downstream_genefull_velocyto_cellbender/gene_quantile_histogram.html	3744834	083dff1b751b80ad8b321785d487a9be0f96e3dc71e98db9c9c5f23e60e49f54	/mnt/pikachu/JAX_scRNAseq02_processed/ocm_prod_batch_flex_native_yremove_trace_20260521T034223Z/25E35-L4/samples/WT-ExM-Day-6/downstream_genefull_velocyto_cellbender_remote/gene_quantile_histogram.html	2026-05-23T15:29:53Z	/JAX_scRNAseq02_processed/JAX-scRNAseq02-5-22-26-completion-7-27-26/WT-ExM-Day-6/downstream_genefull_velocyto_cellbender/gene_quantile_histogram.html	6d5e713a-8a01-11f1-881a-02ce27bde401	SUCCEEDED
JAX scRNAseq02	25E35-L4	WT-ExM-Day-6	WT-ExM-Day-6/downstream_genefull_velocyto_cellbender/gene_quantile_histogram.png	211509	bae360fdea5c86069524c7bfd06d2d95e014cf1e7336c4f1921429de1311853a	/mnt/pikachu/JAX_scRNAseq02_processed/ocm_prod_batch_flex_native_yremove_trace_20260521T034223Z/25E35-L4/samples/WT-ExM-Day-6/downstream_genefull_velocyto_cellbender_remote/gene_quantile_histogram.png	2026-05-23T15:29:54Z	/JAX_scRNAseq02_processed/JAX-scRNAseq02-5-22-26-completion-7-27-26/WT-ExM-Day-6/downstream_genefull_velocyto_cellbender/gene_quantile_histogram.png	6d5e713a-8a01-11f1-881a-02ce27bde401	SUCCEEDED
JAX scRNAseq02	25E35-L4	WT-ExM-Day-6	WT-ExM-Day-6/downstream_genefull_velocyto_cellbender/non_empty_barcodes.txt	235258	ec299455e1464598770dc3380cb396c099f4d327e757fc3941da1881063c2b0b	/mnt/pikachu/JAX_scRNAseq02_processed/ocm_prod_batch_flex_native_yremove_trace_20260521T034223Z/25E35-L4/samples/WT-ExM-Day-6/downstream_genefull_velocyto_cellbender_remote/non_empty_barcodes.txt	2026-05-23T15:25:55Z	/JAX_scRNAseq02_processed/JAX-scRNAseq02-5-22-26-completion-7-27-26/WT-ExM-Day-6/downstream_genefull_velocyto_cellbender/non_empty_barcodes.txt	6d5e713a-8a01-11f1-881a-02ce27bde401	SUCCEEDED
JAX scRNAseq02	25E35-L4	WT-ExM-Day-6	WT-ExM-Day-6/downstream_genefull_velocyto_cellbender/summary.txt	14032	b2e3fdac5813eeb58c4ed9d808aef434829e037196b600eeef4a9c0804f88a9b	/mnt/pikachu/JAX_scRNAseq02_processed/ocm_prod_batch_flex_native_yremove_trace_20260521T034223Z/25E35-L4/samples/WT-ExM-Day-6/downstream_genefull_velocyto_cellbender_remote/summary.txt	2026-05-23T16:02:49Z	/JAX_scRNAseq02_processed/JAX-scRNAseq02-5-22-26-completion-7-27-26/WT-ExM-Day-6/downstream_genefull_velocyto_cellbender/summary.txt	6d5e713a-8a01-11f1-881a-02ce27bde401	SUCCEEDED
JAX scRNAseq02	25E35-L4	WT-ExM-Day-6	WT-ExM-Day-6/downstream_genefull_velocyto_cellbender/unfiltered_counts.h5ad	1183920950	82dbeefd886dfe3b47bafc0dcb03209ef676c974794fa434cf5bb57fabab36ef	/mnt/pikachu/JAX_scRNAseq02_processed/ocm_prod_batch_flex_native_yremove_trace_20260521T034223Z/25E35-L4/samples/WT-ExM-Day-6/downstream_genefull_velocyto_cellbender_remote/unfiltered_counts.h5ad	2026-05-23T16:02:36Z	/JAX_scRNAseq02_processed/JAX-scRNAseq02-5-22-26-completion-7-27-26/WT-ExM-Day-6/downstream_genefull_velocyto_cellbender/unfiltered_counts.h5ad	6d5e713a-8a01-11f1-881a-02ce27bde401	SUCCEEDED
JAX scRNAseq02	25E35-L4	WT-PrS-3pct-Day-6	WT-PrS-3pct-Day-6/downstream_genefull_velocyto_cellbender/adaptive_qc_threshold.json	1023	99f7ab2a3559c1d33e7832e6312ddb2f098307673653d261f5cd269df0d2b7e0	/mnt/pikachu/JAX_scRNAseq02_processed/ocm_prod_batch_flex_native_yremove_trace_20260521T034223Z/25E35-L4/samples/WT-PrS-3pct-Day-6/downstream_genefull_velocyto_cellbender_remote/adaptive_qc_threshold.json	2026-05-23T14:39:42Z	/JAX_scRNAseq02_processed/JAX-scRNAseq02-5-22-26-completion-7-27-26/WT-PrS-3pct-Day-6/downstream_genefull_velocyto_cellbender/adaptive_qc_threshold.json	6d5e713a-8a01-11f1-881a-02ce27bde401	SUCCEEDED
JAX scRNAseq02	25E35-L4	WT-PrS-3pct-Day-6	WT-PrS-3pct-Day-6/downstream_genefull_velocyto_cellbender/cellbender/cellbender_counts.log	37951	48134b32aee38d0a604bbd9bd614e9c8896a9d1fceaf1055efb8c24e6e00ed89	/mnt/pikachu/JAX_scRNAseq02_processed/ocm_prod_batch_flex_native_yremove_trace_20260521T034223Z/25E35-L4/samples/WT-PrS-3pct-Day-6/downstream_genefull_velocyto_cellbender_remote/cellbender/cellbender_counts.log	2026-05-23T15:23:44Z	/JAX_scRNAseq02_processed/JAX-scRNAseq02-5-22-26-completion-7-27-26/WT-PrS-3pct-Day-6/downstream_genefull_velocyto_cellbender/cellbender/cellbender_counts.log	6d5e713a-8a01-11f1-881a-02ce27bde401	SUCCEEDED
JAX scRNAseq02	25E35-L4	WT-PrS-3pct-Day-6	WT-PrS-3pct-Day-6/downstream_genefull_velocyto_cellbender/cellbender/cellbender_counts.pdf	80275	255b71ed662fe296e1c88ef859421cdcac9af26793332bfad17f574950fb74fc	/mnt/pikachu/JAX_scRNAseq02_processed/ocm_prod_batch_flex_native_yremove_trace_20260521T034223Z/25E35-L4/samples/WT-PrS-3pct-Day-6/downstream_genefull_velocyto_cellbender_remote/cellbender/cellbender_counts.pdf	2026-05-23T15:15:26Z	/JAX_scRNAseq02_processed/JAX-scRNAseq02-5-22-26-completion-7-27-26/WT-PrS-3pct-Day-6/downstream_genefull_velocyto_cellbender/cellbender/cellbender_counts.pdf	6d5e713a-8a01-11f1-881a-02ce27bde401	SUCCEEDED
JAX scRNAseq02	25E35-L4	WT-PrS-3pct-Day-6	WT-PrS-3pct-Day-6/downstream_genefull_velocyto_cellbender/cellbender/cellbender_counts_cell_barcodes.csv	750633	dcd00b373d3d78ad4e76102cac49d4139644718ad5839d7fb23357dc203e5336	/mnt/pikachu/JAX_scRNAseq02_processed/ocm_prod_batch_flex_native_yremove_trace_20260521T034223Z/25E35-L4/samples/WT-PrS-3pct-Day-6/downstream_genefull_velocyto_cellbender_remote/cellbender/cellbender_counts_cell_barcodes.csv	2026-05-23T15:15:26Z	/JAX_scRNAseq02_processed/JAX-scRNAseq02-5-22-26-completion-7-27-26/WT-PrS-3pct-Day-6/downstream_genefull_velocyto_cellbender/cellbender/cellbender_counts_cell_barcodes.csv	6d5e713a-8a01-11f1-881a-02ce27bde401	SUCCEEDED
JAX scRNAseq02	25E35-L4	WT-PrS-3pct-Day-6	WT-PrS-3pct-Day-6/downstream_genefull_velocyto_cellbender/cellbender/cellbender_counts_metrics.csv	585	c590fee35c32b488b2f2220f145be43fd6a2fd335602ba55c1d05c6422924d06	/mnt/pikachu/JAX_scRNAseq02_processed/ocm_prod_batch_flex_native_yremove_trace_20260521T034223Z/25E35-L4/samples/WT-PrS-3pct-Day-6/downstream_genefull_velocyto_cellbender_remote/cellbender/cellbender_counts_metrics.csv	2026-05-23T15:23:30Z	/JAX_scRNAseq02_processed/JAX-scRNAseq02-5-22-26-completion-7-27-26/WT-PrS-3pct-Day-6/downstream_genefull_velocyto_cellbender/cellbender/cellbender_counts_metrics.csv	6d5e713a-8a01-11f1-881a-02ce27bde401	SUCCEEDED
JAX scRNAseq02	25E35-L4	WT-PrS-3pct-Day-6	WT-PrS-3pct-Day-6/downstream_genefull_velocyto_cellbender/cellbender/cellbender_counts_report.html	1109789	f8693e83efabe4f3408fb1dbc1953e1b8e4a2cd7bf9c716abe9c8462e13e39bc	/mnt/pikachu/JAX_scRNAseq02_processed/ocm_prod_batch_flex_native_yremove_trace_20260521T034223Z/25E35-L4/samples/WT-PrS-3pct-Day-6/downstream_genefull_velocyto_cellbender_remote/cellbender/cellbender_counts_report.html	2026-05-23T15:23:44Z	/JAX_scRNAseq02_processed/JAX-scRNAseq02-5-22-26-completion-7-27-26/WT-PrS-3pct-Day-6/downstream_genefull_velocyto_cellbender/cellbender/cellbender_counts_report.html	6d5e713a-8a01-11f1-881a-02ce27bde401	SUCCEEDED
JAX scRNAseq02	25E35-L4	WT-PrS-3pct-Day-6	WT-PrS-3pct-Day-6/downstream_genefull_velocyto_cellbender/counts.h5ad	1428643318	8384ebb286ac97e9bf25cbc55f919c1203e3cd5e759dc8d17a8c36c715dff03d	/mnt/pikachu/JAX_scRNAseq02_processed/ocm_prod_batch_flex_native_yremove_trace_20260521T034223Z/25E35-L4/samples/WT-PrS-3pct-Day-6/downstream_genefull_velocyto_cellbender_remote/counts.h5ad	2026-05-23T15:23:51Z	/JAX_scRNAseq02_processed/JAX-scRNAseq02-5-22-26-completion-7-27-26/WT-PrS-3pct-Day-6/downstream_genefull_velocyto_cellbender/counts.h5ad	6d5e713a-8a01-11f1-881a-02ce27bde401	SUCCEEDED
JAX scRNAseq02	25E35-L4	WT-PrS-3pct-Day-6	WT-PrS-3pct-Day-6/downstream_genefull_velocyto_cellbender/default_singlet_filtered_counts.h5ad	966427004	6ea899ac0d02b2f9d2810b6918bdca3a9e10fb707e9f7615b1fb86efac4738c4	/mnt/pikachu/JAX_scRNAseq02_processed/ocm_prod_batch_flex_native_yremove_trace_20260521T034223Z/25E35-L4/samples/WT-PrS-3pct-Day-6/downstream_genefull_velocyto_cellbender_remote/default_singlet_filtered_counts.h5ad	2026-05-23T15:24:05Z	/JAX_scRNAseq02_processed/JAX-scRNAseq02-5-22-26-completion-7-27-26/WT-PrS-3pct-Day-6/downstream_genefull_velocyto_cellbender/default_singlet_filtered_counts.h5ad	6d5e713a-8a01-11f1-881a-02ce27bde401	SUCCEEDED
JAX scRNAseq02	25E35-L4	WT-PrS-3pct-Day-6	WT-PrS-3pct-Day-6/downstream_genefull_velocyto_cellbender/doublet_barcodes.txt	34789	a758dc7948a88e7530e19d46f3c22af6e4958796d7f1002d617736f211622a20	/mnt/pikachu/JAX_scRNAseq02_processed/ocm_prod_batch_flex_native_yremove_trace_20260521T034223Z/25E35-L4/samples/WT-PrS-3pct-Day-6/downstream_genefull_velocyto_cellbender_remote/doublet_barcodes.txt	2026-05-23T14:35:50Z	/JAX_scRNAseq02_processed/JAX-scRNAseq02-5-22-26-completion-7-27-26/WT-PrS-3pct-Day-6/downstream_genefull_velocyto_cellbender/doublet_barcodes.txt	6d5e713a-8a01-11f1-881a-02ce27bde401	SUCCEEDED
JAX scRNAseq02	25E35-L4	WT-PrS-3pct-Day-6	WT-PrS-3pct-Day-6/downstream_genefull_velocyto_cellbender/filtered_barcodes_with_scores.txt	952709	06f8779f77ed3ba942d473dd2fc8f035db166e367be214c641970bc128fb795c	/mnt/pikachu/JAX_scRNAseq02_processed/ocm_prod_batch_flex_native_yremove_trace_20260521T034223Z/25E35-L4/samples/WT-PrS-3pct-Day-6/downstream_genefull_velocyto_cellbender_remote/filtered_barcodes_with_scores.txt	2026-05-23T14:35:50Z	/JAX_scRNAseq02_processed/JAX-scRNAseq02-5-22-26-completion-7-27-26/WT-PrS-3pct-Day-6/downstream_genefull_velocyto_cellbender/filtered_barcodes_with_scores.txt	6d5e713a-8a01-11f1-881a-02ce27bde401	SUCCEEDED
JAX scRNAseq02	25E35-L4	WT-PrS-3pct-Day-6	WT-PrS-3pct-Day-6/downstream_genefull_velocyto_cellbender/filtered_counts.h5ad	1046325792	1e4b281290fe65c942e2c78f2d7b625224c235a2168f204c1cc6c7c053a07ecd	/mnt/pikachu/JAX_scRNAseq02_processed/ocm_prod_batch_flex_native_yremove_trace_20260521T034223Z/25E35-L4/samples/WT-PrS-3pct-Day-6/downstream_genefull_velocyto_cellbender_remote/filtered_counts.h5ad	2026-05-23T15:24:01Z	/JAX_scRNAseq02_processed/JAX-scRNAseq02-5-22-26-completion-7-27-26/WT-PrS-3pct-Day-6/downstream_genefull_velocyto_cellbender/filtered_counts.h5ad	6d5e713a-8a01-11f1-881a-02ce27bde401	SUCCEEDED
JAX scRNAseq02	25E35-L4	WT-PrS-3pct-Day-6	WT-PrS-3pct-Day-6/downstream_genefull_velocyto_cellbender/final_counts.h5ad	1472897398	aa4785eb66d66363d8155ad1b9cab506bb72c2877f9cdf175be22118387670bf	/mnt/pikachu/JAX_scRNAseq02_processed/ocm_prod_batch_flex_native_yremove_trace_20260521T034223Z/25E35-L4/samples/WT-PrS-3pct-Day-6/downstream_genefull_velocyto_cellbender_remote/final_counts.h5ad	2026-05-23T15:24:06Z	/JAX_scRNAseq02_processed/JAX-scRNAseq02-5-22-26-completion-7-27-26/WT-PrS-3pct-Day-6/downstream_genefull_velocyto_cellbender/final_counts.h5ad	6d5e713a-8a01-11f1-881a-02ce27bde401	SUCCEEDED
JAX scRNAseq02	25E35-L4	WT-PrS-3pct-Day-6	WT-PrS-3pct-Day-6/downstream_genefull_velocyto_cellbender/gene_quantile_histogram.html	3826236	3af449b9afcd2aca39876cc68df6f3801e8c5d1e4891d0f959314d824e96f7dd	/mnt/pikachu/JAX_scRNAseq02_processed/ocm_prod_batch_flex_native_yremove_trace_20260521T034223Z/25E35-L4/samples/WT-PrS-3pct-Day-6/downstream_genefull_velocyto_cellbender_remote/gene_quantile_histogram.html	2026-05-23T14:39:44Z	/JAX_scRNAseq02_processed/JAX-scRNAseq02-5-22-26-completion-7-27-26/WT-PrS-3pct-Day-6/downstream_genefull_velocyto_cellbender/gene_quantile_histogram.html	6d5e713a-8a01-11f1-881a-02ce27bde401	SUCCEEDED
JAX scRNAseq02	25E35-L4	WT-PrS-3pct-Day-6	WT-PrS-3pct-Day-6/downstream_genefull_velocyto_cellbender/gene_quantile_histogram.png	183400	72441065601193e2a03e0b0fc86c5cdff0ab957d4e1f6eede5318b41cd5b3e07	/mnt/pikachu/JAX_scRNAseq02_processed/ocm_prod_batch_flex_native_yremove_trace_20260521T034223Z/25E35-L4/samples/WT-PrS-3pct-Day-6/downstream_genefull_velocyto_cellbender_remote/gene_quantile_histogram.png	2026-05-23T14:39:45Z	/JAX_scRNAseq02_processed/JAX-scRNAseq02-5-22-26-completion-7-27-26/WT-PrS-3pct-Day-6/downstream_genefull_velocyto_cellbender/gene_quantile_histogram.png	6d5e713a-8a01-11f1-881a-02ce27bde401	SUCCEEDED
JAX scRNAseq02	25E35-L4	WT-PrS-3pct-Day-6	WT-PrS-3pct-Day-6/downstream_genefull_velocyto_cellbender/non_empty_barcodes.txt	388303	eb4fd514c7cb1d00c9aa5e03638d56d80c76408c9eb50ebf808818336b1ccc46	/mnt/pikachu/JAX_scRNAseq02_processed/ocm_prod_batch_flex_native_yremove_trace_20260521T034223Z/25E35-L4/samples/WT-PrS-3pct-Day-6/downstream_genefull_velocyto_cellbender_remote/non_empty_barcodes.txt	2026-05-23T14:33:02Z	/JAX_scRNAseq02_processed/JAX-scRNAseq02-5-22-26-completion-7-27-26/WT-PrS-3pct-Day-6/downstream_genefull_velocyto_cellbender/non_empty_barcodes.txt	6d5e713a-8a01-11f1-881a-02ce27bde401	SUCCEEDED
JAX scRNAseq02	25E35-L4	WT-PrS-3pct-Day-6	WT-PrS-3pct-Day-6/downstream_genefull_velocyto_cellbender/summary.txt	12766	6768194bdcc337f3f22f1a73b72853fb11b6bb1f66dc2cab9c22a767a17d6958	/mnt/pikachu/JAX_scRNAseq02_processed/ocm_prod_batch_flex_native_yremove_trace_20260521T034223Z/25E35-L4/samples/WT-PrS-3pct-Day-6/downstream_genefull_velocyto_cellbender_remote/summary.txt	2026-05-23T15:24:13Z	/JAX_scRNAseq02_processed/JAX-scRNAseq02-5-22-26-completion-7-27-26/WT-PrS-3pct-Day-6/downstream_genefull_velocyto_cellbender/summary.txt	6d5e713a-8a01-11f1-881a-02ce27bde401	SUCCEEDED
JAX scRNAseq02	25E35-L4	WT-PrS-3pct-Day-6	WT-PrS-3pct-Day-6/downstream_genefull_velocyto_cellbender/unfiltered_counts.h5ad	1472897398	aa4785eb66d66363d8155ad1b9cab506bb72c2877f9cdf175be22118387670bf	/mnt/pikachu/JAX_scRNAseq02_processed/ocm_prod_batch_flex_native_yremove_trace_20260521T034223Z/25E35-L4/samples/WT-PrS-3pct-Day-6/downstream_genefull_velocyto_cellbender_remote/unfiltered_counts.h5ad	2026-05-23T15:23:57Z	/JAX_scRNAseq02_processed/JAX-scRNAseq02-5-22-26-completion-7-27-26/WT-PrS-3pct-Day-6/downstream_genefull_velocyto_cellbender/unfiltered_counts.h5ad	6d5e713a-8a01-11f1-881a-02ce27bde401	SUCCEEDED
JAX scRNAseq02			README.md	5518	e082c1ff41eb23c8b0a109fe0daaa88c659265af34b47028b41a2384d38fa37d	/mnt/pikachu/JAX_scRNAseq02_handoff/JAX-scRNAseq02-5-22-26-completion-7-27-26/README.md	2026-07-27T21:20:31Z	/JAX_scRNAseq02_processed/JAX-scRNAseq02-5-22-26-completion-7-27-26/README.md	6d5e713a-8a01-11f1-881a-02ce27bde401	SUCCEEDED
JAX scRNAseq02			MANIFEST.tsv	100087	5d32e903b5a0c8cd34f342015c8637f1488f328960f1a9107e334d4a21155835	/mnt/pikachu/JAX_scRNAseq02_handoff/JAX-scRNAseq02-5-22-26-completion-7-27-26/MANIFEST.tsv	2026-07-27T21:20:31Z	/JAX_scRNAseq02_processed/JAX-scRNAseq02-5-22-26-completion-7-27-26/MANIFEST.tsv	6d5e713a-8a01-11f1-881a-02ce27bde401	SUCCEEDED
JAX scRNAseq02			sample_summary.tsv	473	17f2d2f9128e960780ff61b79b8f00ddcf946e00064962520fe6d7ad7b4711f0	/mnt/pikachu/JAX_scRNAseq02_handoff/JAX-scRNAseq02-5-22-26-completion-7-27-26/sample_summary.tsv	2026-07-27T21:20:31Z	/JAX_scRNAseq02_processed/JAX-scRNAseq02-5-22-26-completion-7-27-26/sample_summary.tsv	6d5e713a-8a01-11f1-881a-02ce27bde401	SUCCEEDED
JAX scRNAseq02			PROVENANCE.md	1265	421d3b228a9ba81e24192a93f90bb3c87b1719626f2db78b827b0534f94ebfb0	/mnt/pikachu/JAX_scRNAseq02_handoff/JAX-scRNAseq02-5-22-26-completion-7-27-26/PROVENANCE.md	2026-07-27T21:20:31Z	/JAX_scRNAseq02_processed/JAX-scRNAseq02-5-22-26-completion-7-27-26/PROVENANCE.md	6d5e713a-8a01-11f1-881a-02ce27bde401	SUCCEEDED
JAX scRNAseq02			PROVENANCE.tsv	101008	0d7e66c2cd2e081bc57aa3e0bfd2ed2c92fdc615396ff9f2871d89e2e5de4c6c	/mnt/pikachu/JAX_scRNAseq02_handoff/JAX-scRNAseq02-5-22-26-completion-7-27-26/PROVENANCE.tsv	2026-07-27T21:20:31Z	/JAX_scRNAseq02_processed/JAX-scRNAseq02-5-22-26-completion-7-27-26/PROVENANCE.tsv	6d5e713a-8a01-11f1-881a-02ce27bde401	SUCCEEDED
JAX scRNAseq02			SHA256SUMS.tsv	31929	299c9044b82f7194109a69065d1c2502a7178dd9c2aaa217eec9ede04dd91380	/mnt/pikachu/JAX_scRNAseq02_handoff/JAX-scRNAseq02-5-22-26-completion-7-27-26/SHA256SUMS.tsv	2026-07-27T21:22:35Z	/JAX_scRNAseq02_processed/JAX-scRNAseq02-5-22-26-completion-7-27-26/SHA256SUMS.tsv	6d5e713a-8a01-11f1-881a-02ce27bde401	SUCCEEDED
