dataset	globus_collection	globus_collection_id	globus_folder	file_name	provider_file_name	file_extension	lane_index	read_role	read_length	library_preparation_id	run_id	library_type	protocol_id	whitelist_family	input_barcode_namespace	canonical_output_namespace	present_on_globus	size_bytes	md5	delivery_status
Cardiac	MSK	2cbf283e-6379-4a24-9f38-8f3db74170f8	/MSK_Perturbseq06_Cardiac_20260902/	CP_R3_gRNA_A1_IGO_18498_9_S3_L001_I1_001.fastq.gz	CP_R3_gRNA_A1_IGO_18498_9_S3_L001_I1_001.fastq.gz	fastq.gz	1	index1	10	CP_A1_gRNA	BONO_0157	CRISPR Guide Capture	msk_pooledseq_polyIII	february-2018-3M	NXT	TRU	false			missing
Cardiac	MSK	2cbf283e-6379-4a24-9f38-8f3db74170f8	/MSK_Perturbseq06_Cardiac_20260902/	CP_R3_gRNA_A1_IGO_18498_9_S3_L001_I2_001.fastq.gz	CP_R3_gRNA_A1_IGO_18498_9_S3_L001_I2_001.fastq.gz	fastq.gz	1	index2	10	CP_A1_gRNA	BONO_0157	CRISPR Guide Capture	msk_pooledseq_polyIII	february-2018-3M	NXT	TRU	false			missing
Cardiac	MSK	2cbf283e-6379-4a24-9f38-8f3db74170f8	/MSK_Perturbseq06_Cardiac_20260902/	CP_R3_gRNA_A1_IGO_18498_9_S3_L001_R1_001.fastq.gz	CP_R3_gRNA_A1_IGO_18498_9_S3_L001_R1_001.fastq.gz	fastq.gz	1	read1	29	CP_A1_gRNA	BONO_0157	CRISPR Guide Capture	msk_pooledseq_polyIII	february-2018-3M	NXT	TRU	false			missing
Cardiac	MSK	2cbf283e-6379-4a24-9f38-8f3db74170f8	/MSK_Perturbseq06_Cardiac_20260902/	CP_R3_gRNA_A1_IGO_18498_9_S3_L001_R2_001.fastq.gz	CP_R3_gRNA_A1_IGO_18498_9_S3_L001_R2_001.fastq.gz	fastq.gz	1	read2	89	CP_A1_gRNA	BONO_0157	CRISPR Guide Capture	msk_pooledseq_polyIII	february-2018-3M	NXT	TRU	false			missing
Cardiac	MSK	2cbf283e-6379-4a24-9f38-8f3db74170f8	/MSK_Perturbseq06_Cardiac_20260902/	CP_R3_gRNA_A1_IGO_18498_9_S3_L002_I1_001.fastq.gz	CP_R3_gRNA_A1_IGO_18498_9_S3_L002_I1_001.fastq.gz	fastq.gz	2	index1	10	CP_A1_gRNA	BONO_0157	CRISPR Guide Capture	msk_pooledseq_polyIII	february-2018-3M	NXT	TRU	false			missing
Cardiac	MSK	2cbf283e-6379-4a24-9f38-8f3db74170f8	/MSK_Perturbseq06_Cardiac_20260902/	CP_R3_gRNA_A1_IGO_18498_9_S3_L002_I2_001.fastq.gz	CP_R3_gRNA_A1_IGO_18498_9_S3_L002_I2_001.fastq.gz	fastq.gz	2	index2	10	CP_A1_gRNA	BONO_0157	CRISPR Guide Capture	msk_pooledseq_polyIII	february-2018-3M	NXT	TRU	false			missing
Cardiac	MSK	2cbf283e-6379-4a24-9f38-8f3db74170f8	/MSK_Perturbseq06_Cardiac_20260902/	CP_R3_gRNA_A1_IGO_18498_9_S3_L002_R1_001.fastq.gz	CP_R3_gRNA_A1_IGO_18498_9_S3_L002_R1_001.fastq.gz	fastq.gz	2	read1	29	CP_A1_gRNA	BONO_0157	CRISPR Guide Capture	msk_pooledseq_polyIII	february-2018-3M	NXT	TRU	false			missing
Cardiac	MSK	2cbf283e-6379-4a24-9f38-8f3db74170f8	/MSK_Perturbseq06_Cardiac_20260902/	CP_R3_gRNA_A1_IGO_18498_9_S3_L002_R2_001.fastq.gz	CP_R3_gRNA_A1_IGO_18498_9_S3_L002_R2_001.fastq.gz	fastq.gz	2	read2	89	CP_A1_gRNA	BONO_0157	CRISPR Guide Capture	msk_pooledseq_polyIII	february-2018-3M	NXT	TRU	false			missing
Cardiac	MSK	2cbf283e-6379-4a24-9f38-8f3db74170f8	/MSK_Perturbseq06_Cardiac_20260902/	CP_R3_gRNA_A1_IGO_18498_9_S3_L003_I1_001.fastq.gz	CP_R3_gRNA_A1_IGO_18498_9_S3_L003_I1_001.fastq.gz	fastq.gz	3	index1	10	CP_A1_gRNA	BONO_0157	CRISPR Guide Capture	msk_pooledseq_polyIII	february-2018-3M	NXT	TRU	false			missing
Cardiac	MSK	2cbf283e-6379-4a24-9f38-8f3db74170f8	/MSK_Perturbseq06_Cardiac_20260902/	CP_R3_gRNA_A1_IGO_18498_9_S3_L003_I2_001.fastq.gz	CP_R3_gRNA_A1_IGO_18498_9_S3_L003_I2_001.fastq.gz	fastq.gz	3	index2	10	CP_A1_gRNA	BONO_0157	CRISPR Guide Capture	msk_pooledseq_polyIII	february-2018-3M	NXT	TRU	false			missing
Cardiac	MSK	2cbf283e-6379-4a24-9f38-8f3db74170f8	/MSK_Perturbseq06_Cardiac_20260902/	CP_R3_gRNA_A1_IGO_18498_9_S3_L003_R1_001.fastq.gz	CP_R3_gRNA_A1_IGO_18498_9_S3_L003_R1_001.fastq.gz	fastq.gz	3	read1	29	CP_A1_gRNA	BONO_0157	CRISPR Guide Capture	msk_pooledseq_polyIII	february-2018-3M	NXT	TRU	false			missing
Cardiac	MSK	2cbf283e-6379-4a24-9f38-8f3db74170f8	/MSK_Perturbseq06_Cardiac_20260902/	CP_R3_gRNA_A1_IGO_18498_9_S3_L003_R2_001.fastq.gz	CP_R3_gRNA_A1_IGO_18498_9_S3_L003_R2_001.fastq.gz	fastq.gz	3	read2	89	CP_A1_gRNA	BONO_0157	CRISPR Guide Capture	msk_pooledseq_polyIII	february-2018-3M	NXT	TRU	false			missing
Cardiac	MSK	2cbf283e-6379-4a24-9f38-8f3db74170f8	/MSK_Perturbseq06_Cardiac_20260902/	CP_R3_gRNA_A1_IGO_18498_9_S3_L004_I1_001.fastq.gz	CP_R3_gRNA_A1_IGO_18498_9_S3_L004_I1_001.fastq.gz	fastq.gz	4	index1	10	CP_A1_gRNA	BONO_0157	CRISPR Guide Capture	msk_pooledseq_polyIII	february-2018-3M	NXT	TRU	false			missing
Cardiac	MSK	2cbf283e-6379-4a24-9f38-8f3db74170f8	/MSK_Perturbseq06_Cardiac_20260902/	CP_R3_gRNA_A1_IGO_18498_9_S3_L004_I2_001.fastq.gz	CP_R3_gRNA_A1_IGO_18498_9_S3_L004_I2_001.fastq.gz	fastq.gz	4	index2	10	CP_A1_gRNA	BONO_0157	CRISPR Guide Capture	msk_pooledseq_polyIII	february-2018-3M	NXT	TRU	false			missing
Cardiac	MSK	2cbf283e-6379-4a24-9f38-8f3db74170f8	/MSK_Perturbseq06_Cardiac_20260902/	CP_R3_gRNA_A1_IGO_18498_9_S3_L004_R1_001.fastq.gz	CP_R3_gRNA_A1_IGO_18498_9_S3_L004_R1_001.fastq.gz	fastq.gz	4	read1	29	CP_A1_gRNA	BONO_0157	CRISPR Guide Capture	msk_pooledseq_polyIII	february-2018-3M	NXT	TRU	false			missing
Cardiac	MSK	2cbf283e-6379-4a24-9f38-8f3db74170f8	/MSK_Perturbseq06_Cardiac_20260902/	CP_R3_gRNA_A1_IGO_18498_9_S3_L004_R2_001.fastq.gz	CP_R3_gRNA_A1_IGO_18498_9_S3_L004_R2_001.fastq.gz	fastq.gz	4	read2	89	CP_A1_gRNA	BONO_0157	CRISPR Guide Capture	msk_pooledseq_polyIII	february-2018-3M	NXT	TRU	false			missing
Cardiac	MSK	2cbf283e-6379-4a24-9f38-8f3db74170f8	/MSK_Perturbseq06_Cardiac_20260902/	CP_R3_gRNA_A1_IGO_18498_9_S3_L005_I1_001.fastq.gz	CP_R3_gRNA_A1_IGO_18498_9_S3_L005_I1_001.fastq.gz	fastq.gz	5	index1	10	CP_A1_gRNA	BONO_0157	CRISPR Guide Capture	msk_pooledseq_polyIII	february-2018-3M	NXT	TRU	false			missing
Cardiac	MSK	2cbf283e-6379-4a24-9f38-8f3db74170f8	/MSK_Perturbseq06_Cardiac_20260902/	CP_R3_gRNA_A1_IGO_18498_9_S3_L005_I2_001.fastq.gz	CP_R3_gRNA_A1_IGO_18498_9_S3_L005_I2_001.fastq.gz	fastq.gz	5	index2	10	CP_A1_gRNA	BONO_0157	CRISPR Guide Capture	msk_pooledseq_polyIII	february-2018-3M	NXT	TRU	false			missing
Cardiac	MSK	2cbf283e-6379-4a24-9f38-8f3db74170f8	/MSK_Perturbseq06_Cardiac_20260902/	CP_R3_gRNA_A1_IGO_18498_9_S3_L005_R1_001.fastq.gz	CP_R3_gRNA_A1_IGO_18498_9_S3_L005_R1_001.fastq.gz	fastq.gz	5	read1	29	CP_A1_gRNA	BONO_0157	CRISPR Guide Capture	msk_pooledseq_polyIII	february-2018-3M	NXT	TRU	false			missing
Cardiac	MSK	2cbf283e-6379-4a24-9f38-8f3db74170f8	/MSK_Perturbseq06_Cardiac_20260902/	CP_R3_gRNA_A1_IGO_18498_9_S3_L005_R2_001.fastq.gz	CP_R3_gRNA_A1_IGO_18498_9_S3_L005_R2_001.fastq.gz	fastq.gz	5	read2	89	CP_A1_gRNA	BONO_0157	CRISPR Guide Capture	msk_pooledseq_polyIII	february-2018-3M	NXT	TRU	false			missing
Cardiac	MSK	2cbf283e-6379-4a24-9f38-8f3db74170f8	/MSK_Perturbseq06_Cardiac_20260902/	CP_R3_gRNA_A1_IGO_18498_9_S3_L006_I1_001.fastq.gz	CP_R3_gRNA_A1_IGO_18498_9_S3_L006_I1_001.fastq.gz	fastq.gz	6	index1	10	CP_A1_gRNA	BONO_0157	CRISPR Guide Capture	msk_pooledseq_polyIII	february-2018-3M	NXT	TRU	false			missing
Cardiac	MSK	2cbf283e-6379-4a24-9f38-8f3db74170f8	/MSK_Perturbseq06_Cardiac_20260902/	CP_R3_gRNA_A1_IGO_18498_9_S3_L006_I2_001.fastq.gz	CP_R3_gRNA_A1_IGO_18498_9_S3_L006_I2_001.fastq.gz	fastq.gz	6	index2	10	CP_A1_gRNA	BONO_0157	CRISPR Guide Capture	msk_pooledseq_polyIII	february-2018-3M	NXT	TRU	false			missing
Cardiac	MSK	2cbf283e-6379-4a24-9f38-8f3db74170f8	/MSK_Perturbseq06_Cardiac_20260902/	CP_R3_gRNA_A1_IGO_18498_9_S3_L006_R1_001.fastq.gz	CP_R3_gRNA_A1_IGO_18498_9_S3_L006_R1_001.fastq.gz	fastq.gz	6	read1	29	CP_A1_gRNA	BONO_0157	CRISPR Guide Capture	msk_pooledseq_polyIII	february-2018-3M	NXT	TRU	false			missing
Cardiac	MSK	2cbf283e-6379-4a24-9f38-8f3db74170f8	/MSK_Perturbseq06_Cardiac_20260902/	CP_R3_gRNA_A1_IGO_18498_9_S3_L006_R2_001.fastq.gz	CP_R3_gRNA_A1_IGO_18498_9_S3_L006_R2_001.fastq.gz	fastq.gz	6	read2	89	CP_A1_gRNA	BONO_0157	CRISPR Guide Capture	msk_pooledseq_polyIII	february-2018-3M	NXT	TRU	false			missing
Cardiac	MSK	2cbf283e-6379-4a24-9f38-8f3db74170f8	/MSK_Perturbseq06_Cardiac_20260902/	CP_R3_gRNA_A1_IGO_18498_9_S3_L007_I1_001.fastq.gz	CP_R3_gRNA_A1_IGO_18498_9_S3_L007_I1_001.fastq.gz	fastq.gz	7	index1	10	CP_A1_gRNA	BONO_0157	CRISPR Guide Capture	msk_pooledseq_polyIII	february-2018-3M	NXT	TRU	false			missing
Cardiac	MSK	2cbf283e-6379-4a24-9f38-8f3db74170f8	/MSK_Perturbseq06_Cardiac_20260902/	CP_R3_gRNA_A1_IGO_18498_9_S3_L007_I2_001.fastq.gz	CP_R3_gRNA_A1_IGO_18498_9_S3_L007_I2_001.fastq.gz	fastq.gz	7	index2	10	CP_A1_gRNA	BONO_0157	CRISPR Guide Capture	msk_pooledseq_polyIII	february-2018-3M	NXT	TRU	false			missing
Cardiac	MSK	2cbf283e-6379-4a24-9f38-8f3db74170f8	/MSK_Perturbseq06_Cardiac_20260902/	CP_R3_gRNA_A1_IGO_18498_9_S3_L007_R1_001.fastq.gz	CP_R3_gRNA_A1_IGO_18498_9_S3_L007_R1_001.fastq.gz	fastq.gz	7	read1	29	CP_A1_gRNA	BONO_0157	CRISPR Guide Capture	msk_pooledseq_polyIII	february-2018-3M	NXT	TRU	false			missing
Cardiac	MSK	2cbf283e-6379-4a24-9f38-8f3db74170f8	/MSK_Perturbseq06_Cardiac_20260902/	CP_R3_gRNA_A1_IGO_18498_9_S3_L007_R2_001.fastq.gz	CP_R3_gRNA_A1_IGO_18498_9_S3_L007_R2_001.fastq.gz	fastq.gz	7	read2	89	CP_A1_gRNA	BONO_0157	CRISPR Guide Capture	msk_pooledseq_polyIII	february-2018-3M	NXT	TRU	false			missing
Cardiac	MSK	2cbf283e-6379-4a24-9f38-8f3db74170f8	/MSK_Perturbseq06_Cardiac_20260902/	CP_R3_gRNA_A1_IGO_18498_9_S3_L008_I1_001.fastq.gz	CP_R3_gRNA_A1_IGO_18498_9_S3_L008_I1_001.fastq.gz	fastq.gz	8	index1	10	CP_A1_gRNA	BONO_0157	CRISPR Guide Capture	msk_pooledseq_polyIII	february-2018-3M	NXT	TRU	false			missing
Cardiac	MSK	2cbf283e-6379-4a24-9f38-8f3db74170f8	/MSK_Perturbseq06_Cardiac_20260902/	CP_R3_gRNA_A1_IGO_18498_9_S3_L008_I2_001.fastq.gz	CP_R3_gRNA_A1_IGO_18498_9_S3_L008_I2_001.fastq.gz	fastq.gz	8	index2	10	CP_A1_gRNA	BONO_0157	CRISPR Guide Capture	msk_pooledseq_polyIII	february-2018-3M	NXT	TRU	false			missing
Cardiac	MSK	2cbf283e-6379-4a24-9f38-8f3db74170f8	/MSK_Perturbseq06_Cardiac_20260902/	CP_R3_gRNA_A1_IGO_18498_9_S3_L008_R1_001.fastq.gz	CP_R3_gRNA_A1_IGO_18498_9_S3_L008_R1_001.fastq.gz	fastq.gz	8	read1	29	CP_A1_gRNA	BONO_0157	CRISPR Guide Capture	msk_pooledseq_polyIII	february-2018-3M	NXT	TRU	false			missing
Cardiac	MSK	2cbf283e-6379-4a24-9f38-8f3db74170f8	/MSK_Perturbseq06_Cardiac_20260902/	CP_R3_gRNA_A1_IGO_18498_9_S3_L008_R2_001.fastq.gz	CP_R3_gRNA_A1_IGO_18498_9_S3_L008_R2_001.fastq.gz	fastq.gz	8	read2	89	CP_A1_gRNA	BONO_0157	CRISPR Guide Capture	msk_pooledseq_polyIII	february-2018-3M	NXT	TRU	false			missing
Cardiac	MSK	2cbf283e-6379-4a24-9f38-8f3db74170f8	/MSK_Perturbseq06_Cardiac_20260902/	CP_R3_mRNA_A1_2_IGO_18498_B_1_S16_L001_I1_001.fastq.gz	CP_R3_mRNA_A1_2_IGO_18498_B_1_S16_L001_I1_001.fastq.gz	fastq.gz	1	index1	10	CP_A1_mRNA	BONO_0157	Gene Expression	msk_pooledseq_transcriptome	february-2018-3M	TRU	TRU	false			missing
Cardiac	MSK	2cbf283e-6379-4a24-9f38-8f3db74170f8	/MSK_Perturbseq06_Cardiac_20260902/	CP_R3_mRNA_A1_2_IGO_18498_B_1_S16_L001_I2_001.fastq.gz	CP_R3_mRNA_A1_2_IGO_18498_B_1_S16_L001_I2_001.fastq.gz	fastq.gz	1	index2	10	CP_A1_mRNA	BONO_0157	Gene Expression	msk_pooledseq_transcriptome	february-2018-3M	TRU	TRU	false			missing
Cardiac	MSK	2cbf283e-6379-4a24-9f38-8f3db74170f8	/MSK_Perturbseq06_Cardiac_20260902/	CP_R3_mRNA_A1_2_IGO_18498_B_1_S16_L001_R1_001.fastq.gz	CP_R3_mRNA_A1_2_IGO_18498_B_1_S16_L001_R1_001.fastq.gz	fastq.gz	1	read1	29	CP_A1_mRNA	BONO_0157	Gene Expression	msk_pooledseq_transcriptome	february-2018-3M	TRU	TRU	false			missing
Cardiac	MSK	2cbf283e-6379-4a24-9f38-8f3db74170f8	/MSK_Perturbseq06_Cardiac_20260902/	CP_R3_mRNA_A1_2_IGO_18498_B_1_S16_L001_R2_001.fastq.gz	CP_R3_mRNA_A1_2_IGO_18498_B_1_S16_L001_R2_001.fastq.gz	fastq.gz	1	read2	89	CP_A1_mRNA	BONO_0157	Gene Expression	msk_pooledseq_transcriptome	february-2018-3M	TRU	TRU	false			missing
Cardiac	MSK	2cbf283e-6379-4a24-9f38-8f3db74170f8	/MSK_Perturbseq06_Cardiac_20260902/	CP_R3_mRNA_A1_2_IGO_18498_B_1_S16_L002_I1_001.fastq.gz	CP_R3_mRNA_A1_2_IGO_18498_B_1_S16_L002_I1_001.fastq.gz	fastq.gz	2	index1	10	CP_A1_mRNA	BONO_0157	Gene Expression	msk_pooledseq_transcriptome	february-2018-3M	TRU	TRU	false			missing
Cardiac	MSK	2cbf283e-6379-4a24-9f38-8f3db74170f8	/MSK_Perturbseq06_Cardiac_20260902/	CP_R3_mRNA_A1_2_IGO_18498_B_1_S16_L002_I2_001.fastq.gz	CP_R3_mRNA_A1_2_IGO_18498_B_1_S16_L002_I2_001.fastq.gz	fastq.gz	2	index2	10	CP_A1_mRNA	BONO_0157	Gene Expression	msk_pooledseq_transcriptome	february-2018-3M	TRU	TRU	false			missing
Cardiac	MSK	2cbf283e-6379-4a24-9f38-8f3db74170f8	/MSK_Perturbseq06_Cardiac_20260902/	CP_R3_mRNA_A1_2_IGO_18498_B_1_S16_L002_R1_001.fastq.gz	CP_R3_mRNA_A1_2_IGO_18498_B_1_S16_L002_R1_001.fastq.gz	fastq.gz	2	read1	29	CP_A1_mRNA	BONO_0157	Gene Expression	msk_pooledseq_transcriptome	february-2018-3M	TRU	TRU	false			missing
Cardiac	MSK	2cbf283e-6379-4a24-9f38-8f3db74170f8	/MSK_Perturbseq06_Cardiac_20260902/	CP_R3_mRNA_A1_2_IGO_18498_B_1_S16_L002_R2_001.fastq.gz	CP_R3_mRNA_A1_2_IGO_18498_B_1_S16_L002_R2_001.fastq.gz	fastq.gz	2	read2	89	CP_A1_mRNA	BONO_0157	Gene Expression	msk_pooledseq_transcriptome	february-2018-3M	TRU	TRU	false			missing
Cardiac	MSK	2cbf283e-6379-4a24-9f38-8f3db74170f8	/MSK_Perturbseq06_Cardiac_20260902/	CP_R3_mRNA_A1_2_IGO_18498_B_1_S16_L003_I1_001.fastq.gz	CP_R3_mRNA_A1_2_IGO_18498_B_1_S16_L003_I1_001.fastq.gz	fastq.gz	3	index1	10	CP_A1_mRNA	BONO_0157	Gene Expression	msk_pooledseq_transcriptome	february-2018-3M	TRU	TRU	false			missing
Cardiac	MSK	2cbf283e-6379-4a24-9f38-8f3db74170f8	/MSK_Perturbseq06_Cardiac_20260902/	CP_R3_mRNA_A1_2_IGO_18498_B_1_S16_L003_I2_001.fastq.gz	CP_R3_mRNA_A1_2_IGO_18498_B_1_S16_L003_I2_001.fastq.gz	fastq.gz	3	index2	10	CP_A1_mRNA	BONO_0157	Gene Expression	msk_pooledseq_transcriptome	february-2018-3M	TRU	TRU	false			missing
Cardiac	MSK	2cbf283e-6379-4a24-9f38-8f3db74170f8	/MSK_Perturbseq06_Cardiac_20260902/	CP_R3_mRNA_A1_2_IGO_18498_B_1_S16_L003_R1_001.fastq.gz	CP_R3_mRNA_A1_2_IGO_18498_B_1_S16_L003_R1_001.fastq.gz	fastq.gz	3	read1	29	CP_A1_mRNA	BONO_0157	Gene Expression	msk_pooledseq_transcriptome	february-2018-3M	TRU	TRU	false			missing
Cardiac	MSK	2cbf283e-6379-4a24-9f38-8f3db74170f8	/MSK_Perturbseq06_Cardiac_20260902/	CP_R3_mRNA_A1_2_IGO_18498_B_1_S16_L003_R2_001.fastq.gz	CP_R3_mRNA_A1_2_IGO_18498_B_1_S16_L003_R2_001.fastq.gz	fastq.gz	3	read2	89	CP_A1_mRNA	BONO_0157	Gene Expression	msk_pooledseq_transcriptome	february-2018-3M	TRU	TRU	false			missing
Cardiac	MSK	2cbf283e-6379-4a24-9f38-8f3db74170f8	/MSK_Perturbseq06_Cardiac_20260902/	CP_R3_mRNA_A1_2_IGO_18498_B_1_S16_L004_I1_001.fastq.gz	CP_R3_mRNA_A1_2_IGO_18498_B_1_S16_L004_I1_001.fastq.gz	fastq.gz	4	index1	10	CP_A1_mRNA	BONO_0157	Gene Expression	msk_pooledseq_transcriptome	february-2018-3M	TRU	TRU	false			missing
Cardiac	MSK	2cbf283e-6379-4a24-9f38-8f3db74170f8	/MSK_Perturbseq06_Cardiac_20260902/	CP_R3_mRNA_A1_2_IGO_18498_B_1_S16_L004_I2_001.fastq.gz	CP_R3_mRNA_A1_2_IGO_18498_B_1_S16_L004_I2_001.fastq.gz	fastq.gz	4	index2	10	CP_A1_mRNA	BONO_0157	Gene Expression	msk_pooledseq_transcriptome	february-2018-3M	TRU	TRU	false			missing
Cardiac	MSK	2cbf283e-6379-4a24-9f38-8f3db74170f8	/MSK_Perturbseq06_Cardiac_20260902/	CP_R3_mRNA_A1_2_IGO_18498_B_1_S16_L004_R1_001.fastq.gz	CP_R3_mRNA_A1_2_IGO_18498_B_1_S16_L004_R1_001.fastq.gz	fastq.gz	4	read1	29	CP_A1_mRNA	BONO_0157	Gene Expression	msk_pooledseq_transcriptome	february-2018-3M	TRU	TRU	false			missing
Cardiac	MSK	2cbf283e-6379-4a24-9f38-8f3db74170f8	/MSK_Perturbseq06_Cardiac_20260902/	CP_R3_mRNA_A1_2_IGO_18498_B_1_S16_L004_R2_001.fastq.gz	CP_R3_mRNA_A1_2_IGO_18498_B_1_S16_L004_R2_001.fastq.gz	fastq.gz	4	read2	89	CP_A1_mRNA	BONO_0157	Gene Expression	msk_pooledseq_transcriptome	february-2018-3M	TRU	TRU	false			missing
Cardiac	MSK	2cbf283e-6379-4a24-9f38-8f3db74170f8	/MSK_Perturbseq06_Cardiac_20260902/	CP_R3_mRNA_A1_2_IGO_18498_B_1_S16_L005_I1_001.fastq.gz	CP_R3_mRNA_A1_2_IGO_18498_B_1_S16_L005_I1_001.fastq.gz	fastq.gz	5	index1	10	CP_A1_mRNA	BONO_0157	Gene Expression	msk_pooledseq_transcriptome	february-2018-3M	TRU	TRU	false			missing
Cardiac	MSK	2cbf283e-6379-4a24-9f38-8f3db74170f8	/MSK_Perturbseq06_Cardiac_20260902/	CP_R3_mRNA_A1_2_IGO_18498_B_1_S16_L005_I2_001.fastq.gz	CP_R3_mRNA_A1_2_IGO_18498_B_1_S16_L005_I2_001.fastq.gz	fastq.gz	5	index2	10	CP_A1_mRNA	BONO_0157	Gene Expression	msk_pooledseq_transcriptome	february-2018-3M	TRU	TRU	false			missing
Cardiac	MSK	2cbf283e-6379-4a24-9f38-8f3db74170f8	/MSK_Perturbseq06_Cardiac_20260902/	CP_R3_mRNA_A1_2_IGO_18498_B_1_S16_L005_R1_001.fastq.gz	CP_R3_mRNA_A1_2_IGO_18498_B_1_S16_L005_R1_001.fastq.gz	fastq.gz	5	read1	29	CP_A1_mRNA	BONO_0157	Gene Expression	msk_pooledseq_transcriptome	february-2018-3M	TRU	TRU	false			missing
Cardiac	MSK	2cbf283e-6379-4a24-9f38-8f3db74170f8	/MSK_Perturbseq06_Cardiac_20260902/	CP_R3_mRNA_A1_2_IGO_18498_B_1_S16_L005_R2_001.fastq.gz	CP_R3_mRNA_A1_2_IGO_18498_B_1_S16_L005_R2_001.fastq.gz	fastq.gz	5	read2	89	CP_A1_mRNA	BONO_0157	Gene Expression	msk_pooledseq_transcriptome	february-2018-3M	TRU	TRU	false			missing
Cardiac	MSK	2cbf283e-6379-4a24-9f38-8f3db74170f8	/MSK_Perturbseq06_Cardiac_20260902/	CP_R3_mRNA_A1_2_IGO_18498_B_1_S16_L006_I1_001.fastq.gz	CP_R3_mRNA_A1_2_IGO_18498_B_1_S16_L006_I1_001.fastq.gz	fastq.gz	6	index1	10	CP_A1_mRNA	BONO_0157	Gene Expression	msk_pooledseq_transcriptome	february-2018-3M	TRU	TRU	false			missing
Cardiac	MSK	2cbf283e-6379-4a24-9f38-8f3db74170f8	/MSK_Perturbseq06_Cardiac_20260902/	CP_R3_mRNA_A1_2_IGO_18498_B_1_S16_L006_I2_001.fastq.gz	CP_R3_mRNA_A1_2_IGO_18498_B_1_S16_L006_I2_001.fastq.gz	fastq.gz	6	index2	10	CP_A1_mRNA	BONO_0157	Gene Expression	msk_pooledseq_transcriptome	february-2018-3M	TRU	TRU	false			missing
Cardiac	MSK	2cbf283e-6379-4a24-9f38-8f3db74170f8	/MSK_Perturbseq06_Cardiac_20260902/	CP_R3_mRNA_A1_2_IGO_18498_B_1_S16_L006_R1_001.fastq.gz	CP_R3_mRNA_A1_2_IGO_18498_B_1_S16_L006_R1_001.fastq.gz	fastq.gz	6	read1	29	CP_A1_mRNA	BONO_0157	Gene Expression	msk_pooledseq_transcriptome	february-2018-3M	TRU	TRU	false			missing
Cardiac	MSK	2cbf283e-6379-4a24-9f38-8f3db74170f8	/MSK_Perturbseq06_Cardiac_20260902/	CP_R3_mRNA_A1_2_IGO_18498_B_1_S16_L006_R2_001.fastq.gz	CP_R3_mRNA_A1_2_IGO_18498_B_1_S16_L006_R2_001.fastq.gz	fastq.gz	6	read2	89	CP_A1_mRNA	BONO_0157	Gene Expression	msk_pooledseq_transcriptome	february-2018-3M	TRU	TRU	false			missing
Cardiac	MSK	2cbf283e-6379-4a24-9f38-8f3db74170f8	/MSK_Perturbseq06_Cardiac_20260902/	CP_R3_mRNA_A1_2_IGO_18498_B_1_S16_L007_I1_001.fastq.gz	CP_R3_mRNA_A1_2_IGO_18498_B_1_S16_L007_I1_001.fastq.gz	fastq.gz	7	index1	10	CP_A1_mRNA	BONO_0157	Gene Expression	msk_pooledseq_transcriptome	february-2018-3M	TRU	TRU	false			missing
Cardiac	MSK	2cbf283e-6379-4a24-9f38-8f3db74170f8	/MSK_Perturbseq06_Cardiac_20260902/	CP_R3_mRNA_A1_2_IGO_18498_B_1_S16_L007_I2_001.fastq.gz	CP_R3_mRNA_A1_2_IGO_18498_B_1_S16_L007_I2_001.fastq.gz	fastq.gz	7	index2	10	CP_A1_mRNA	BONO_0157	Gene Expression	msk_pooledseq_transcriptome	february-2018-3M	TRU	TRU	false			missing
Cardiac	MSK	2cbf283e-6379-4a24-9f38-8f3db74170f8	/MSK_Perturbseq06_Cardiac_20260902/	CP_R3_mRNA_A1_2_IGO_18498_B_1_S16_L007_R1_001.fastq.gz	CP_R3_mRNA_A1_2_IGO_18498_B_1_S16_L007_R1_001.fastq.gz	fastq.gz	7	read1	29	CP_A1_mRNA	BONO_0157	Gene Expression	msk_pooledseq_transcriptome	february-2018-3M	TRU	TRU	false			missing
Cardiac	MSK	2cbf283e-6379-4a24-9f38-8f3db74170f8	/MSK_Perturbseq06_Cardiac_20260902/	CP_R3_mRNA_A1_2_IGO_18498_B_1_S16_L007_R2_001.fastq.gz	CP_R3_mRNA_A1_2_IGO_18498_B_1_S16_L007_R2_001.fastq.gz	fastq.gz	7	read2	89	CP_A1_mRNA	BONO_0157	Gene Expression	msk_pooledseq_transcriptome	february-2018-3M	TRU	TRU	false			missing
Cardiac	MSK	2cbf283e-6379-4a24-9f38-8f3db74170f8	/MSK_Perturbseq06_Cardiac_20260902/	CP_R3_mRNA_A1_2_IGO_18498_B_1_S16_L008_I1_001.fastq.gz	CP_R3_mRNA_A1_2_IGO_18498_B_1_S16_L008_I1_001.fastq.gz	fastq.gz	8	index1	10	CP_A1_mRNA	BONO_0157	Gene Expression	msk_pooledseq_transcriptome	february-2018-3M	TRU	TRU	false			missing
Cardiac	MSK	2cbf283e-6379-4a24-9f38-8f3db74170f8	/MSK_Perturbseq06_Cardiac_20260902/	CP_R3_mRNA_A1_2_IGO_18498_B_1_S16_L008_I2_001.fastq.gz	CP_R3_mRNA_A1_2_IGO_18498_B_1_S16_L008_I2_001.fastq.gz	fastq.gz	8	index2	10	CP_A1_mRNA	BONO_0157	Gene Expression	msk_pooledseq_transcriptome	february-2018-3M	TRU	TRU	false			missing
Cardiac	MSK	2cbf283e-6379-4a24-9f38-8f3db74170f8	/MSK_Perturbseq06_Cardiac_20260902/	CP_R3_mRNA_A1_2_IGO_18498_B_1_S16_L008_R1_001.fastq.gz	CP_R3_mRNA_A1_2_IGO_18498_B_1_S16_L008_R1_001.fastq.gz	fastq.gz	8	read1	29	CP_A1_mRNA	BONO_0157	Gene Expression	msk_pooledseq_transcriptome	february-2018-3M	TRU	TRU	false			missing
Cardiac	MSK	2cbf283e-6379-4a24-9f38-8f3db74170f8	/MSK_Perturbseq06_Cardiac_20260902/	CP_R3_mRNA_A1_2_IGO_18498_B_1_S16_L008_R2_001.fastq.gz	CP_R3_mRNA_A1_2_IGO_18498_B_1_S16_L008_R2_001.fastq.gz	fastq.gz	8	read2	89	CP_A1_mRNA	BONO_0157	Gene Expression	msk_pooledseq_transcriptome	february-2018-3M	TRU	TRU	false			missing
Cardiac	MSK	2cbf283e-6379-4a24-9f38-8f3db74170f8	/MSK_Perturbseq06_Cardiac_20260902/	CP_R3_mRNA_A1_2_IGO_18498_B_1_S1_L001_I1_001.fastq.gz	CP_R3_mRNA_A1_2_IGO_18498_B_1_S1_L001_I1_001.fastq.gz	fastq.gz	1	index1	10	CP_A1_mRNA	FAUCI2_0161	Gene Expression	msk_pooledseq_transcriptome	february-2018-3M	TRU	TRU	false			missing
Cardiac	MSK	2cbf283e-6379-4a24-9f38-8f3db74170f8	/MSK_Perturbseq06_Cardiac_20260902/	CP_R3_mRNA_A1_2_IGO_18498_B_1_S1_L001_I2_001.fastq.gz	CP_R3_mRNA_A1_2_IGO_18498_B_1_S1_L001_I2_001.fastq.gz	fastq.gz	1	index2	10	CP_A1_mRNA	FAUCI2_0161	Gene Expression	msk_pooledseq_transcriptome	february-2018-3M	TRU	TRU	false			missing
Cardiac	MSK	2cbf283e-6379-4a24-9f38-8f3db74170f8	/MSK_Perturbseq06_Cardiac_20260902/	CP_R3_mRNA_A1_2_IGO_18498_B_1_S1_L001_R1_001.fastq.gz	CP_R3_mRNA_A1_2_IGO_18498_B_1_S1_L001_R1_001.fastq.gz	fastq.gz	1	read1	29	CP_A1_mRNA	FAUCI2_0161	Gene Expression	msk_pooledseq_transcriptome	february-2018-3M	TRU	TRU	false			missing
Cardiac	MSK	2cbf283e-6379-4a24-9f38-8f3db74170f8	/MSK_Perturbseq06_Cardiac_20260902/	CP_R3_mRNA_A1_2_IGO_18498_B_1_S1_L001_R2_001.fastq.gz	CP_R3_mRNA_A1_2_IGO_18498_B_1_S1_L001_R2_001.fastq.gz	fastq.gz	1	read2	89	CP_A1_mRNA	FAUCI2_0161	Gene Expression	msk_pooledseq_transcriptome	february-2018-3M	TRU	TRU	false			missing
Cardiac	MSK	2cbf283e-6379-4a24-9f38-8f3db74170f8	/MSK_Perturbseq06_Cardiac_20260902/	CP_R3_mRNA_A1_2_IGO_18498_B_1_S1_L002_I1_001.fastq.gz	CP_R3_mRNA_A1_2_IGO_18498_B_1_S1_L002_I1_001.fastq.gz	fastq.gz	2	index1	10	CP_A1_mRNA	FAUCI2_0161	Gene Expression	msk_pooledseq_transcriptome	february-2018-3M	TRU	TRU	false			missing
Cardiac	MSK	2cbf283e-6379-4a24-9f38-8f3db74170f8	/MSK_Perturbseq06_Cardiac_20260902/	CP_R3_mRNA_A1_2_IGO_18498_B_1_S1_L002_I2_001.fastq.gz	CP_R3_mRNA_A1_2_IGO_18498_B_1_S1_L002_I2_001.fastq.gz	fastq.gz	2	index2	10	CP_A1_mRNA	FAUCI2_0161	Gene Expression	msk_pooledseq_transcriptome	february-2018-3M	TRU	TRU	false			missing
Cardiac	MSK	2cbf283e-6379-4a24-9f38-8f3db74170f8	/MSK_Perturbseq06_Cardiac_20260902/	CP_R3_mRNA_A1_2_IGO_18498_B_1_S1_L002_R1_001.fastq.gz	CP_R3_mRNA_A1_2_IGO_18498_B_1_S1_L002_R1_001.fastq.gz	fastq.gz	2	read1	29	CP_A1_mRNA	FAUCI2_0161	Gene Expression	msk_pooledseq_transcriptome	february-2018-3M	TRU	TRU	false			missing
Cardiac	MSK	2cbf283e-6379-4a24-9f38-8f3db74170f8	/MSK_Perturbseq06_Cardiac_20260902/	CP_R3_mRNA_A1_2_IGO_18498_B_1_S1_L002_R2_001.fastq.gz	CP_R3_mRNA_A1_2_IGO_18498_B_1_S1_L002_R2_001.fastq.gz	fastq.gz	2	read2	89	CP_A1_mRNA	FAUCI2_0161	Gene Expression	msk_pooledseq_transcriptome	february-2018-3M	TRU	TRU	false			missing
Cardiac	MSK	2cbf283e-6379-4a24-9f38-8f3db74170f8	/MSK_Perturbseq06_Cardiac_20260902/	CP_R3_mRNA_A1_2_IGO_18498_B_1_S1_L003_I1_001.fastq.gz	CP_R3_mRNA_A1_2_IGO_18498_B_1_S1_L003_I1_001.fastq.gz	fastq.gz	3	index1	10	CP_A1_mRNA	FAUCI2_0161	Gene Expression	msk_pooledseq_transcriptome	february-2018-3M	TRU	TRU	false			missing
Cardiac	MSK	2cbf283e-6379-4a24-9f38-8f3db74170f8	/MSK_Perturbseq06_Cardiac_20260902/	CP_R3_mRNA_A1_2_IGO_18498_B_1_S1_L003_I2_001.fastq.gz	CP_R3_mRNA_A1_2_IGO_18498_B_1_S1_L003_I2_001.fastq.gz	fastq.gz	3	index2	10	CP_A1_mRNA	FAUCI2_0161	Gene Expression	msk_pooledseq_transcriptome	february-2018-3M	TRU	TRU	false			missing
Cardiac	MSK	2cbf283e-6379-4a24-9f38-8f3db74170f8	/MSK_Perturbseq06_Cardiac_20260902/	CP_R3_mRNA_A1_2_IGO_18498_B_1_S1_L003_R1_001.fastq.gz	CP_R3_mRNA_A1_2_IGO_18498_B_1_S1_L003_R1_001.fastq.gz	fastq.gz	3	read1	29	CP_A1_mRNA	FAUCI2_0161	Gene Expression	msk_pooledseq_transcriptome	february-2018-3M	TRU	TRU	false			missing
Cardiac	MSK	2cbf283e-6379-4a24-9f38-8f3db74170f8	/MSK_Perturbseq06_Cardiac_20260902/	CP_R3_mRNA_A1_2_IGO_18498_B_1_S1_L003_R2_001.fastq.gz	CP_R3_mRNA_A1_2_IGO_18498_B_1_S1_L003_R2_001.fastq.gz	fastq.gz	3	read2	89	CP_A1_mRNA	FAUCI2_0161	Gene Expression	msk_pooledseq_transcriptome	february-2018-3M	TRU	TRU	false			missing
Cardiac	MSK	2cbf283e-6379-4a24-9f38-8f3db74170f8	/MSK_Perturbseq06_Cardiac_20260902/	CP_R3_mRNA_A1_2_IGO_18498_B_1_S1_L004_I1_001.fastq.gz	CP_R3_mRNA_A1_2_IGO_18498_B_1_S1_L004_I1_001.fastq.gz	fastq.gz	4	index1	10	CP_A1_mRNA	FAUCI2_0161	Gene Expression	msk_pooledseq_transcriptome	february-2018-3M	TRU	TRU	false			missing
Cardiac	MSK	2cbf283e-6379-4a24-9f38-8f3db74170f8	/MSK_Perturbseq06_Cardiac_20260902/	CP_R3_mRNA_A1_2_IGO_18498_B_1_S1_L004_I2_001.fastq.gz	CP_R3_mRNA_A1_2_IGO_18498_B_1_S1_L004_I2_001.fastq.gz	fastq.gz	4	index2	10	CP_A1_mRNA	FAUCI2_0161	Gene Expression	msk_pooledseq_transcriptome	february-2018-3M	TRU	TRU	false			missing
Cardiac	MSK	2cbf283e-6379-4a24-9f38-8f3db74170f8	/MSK_Perturbseq06_Cardiac_20260902/	CP_R3_mRNA_A1_2_IGO_18498_B_1_S1_L004_R1_001.fastq.gz	CP_R3_mRNA_A1_2_IGO_18498_B_1_S1_L004_R1_001.fastq.gz	fastq.gz	4	read1	29	CP_A1_mRNA	FAUCI2_0161	Gene Expression	msk_pooledseq_transcriptome	february-2018-3M	TRU	TRU	false			missing
Cardiac	MSK	2cbf283e-6379-4a24-9f38-8f3db74170f8	/MSK_Perturbseq06_Cardiac_20260902/	CP_R3_mRNA_A1_2_IGO_18498_B_1_S1_L004_R2_001.fastq.gz	CP_R3_mRNA_A1_2_IGO_18498_B_1_S1_L004_R2_001.fastq.gz	fastq.gz	4	read2	89	CP_A1_mRNA	FAUCI2_0161	Gene Expression	msk_pooledseq_transcriptome	february-2018-3M	TRU	TRU	false			missing
Cardiac	MSK	2cbf283e-6379-4a24-9f38-8f3db74170f8	/MSK_Perturbseq06_Cardiac_20260902/	CP_R3_mRNA_A1_2_IGO_18498_B_1_S1_L005_I1_001.fastq.gz	CP_R3_mRNA_A1_2_IGO_18498_B_1_S1_L005_I1_001.fastq.gz	fastq.gz	5	index1	10	CP_A1_mRNA	FAUCI2_0161	Gene Expression	msk_pooledseq_transcriptome	february-2018-3M	TRU	TRU	false			missing
Cardiac	MSK	2cbf283e-6379-4a24-9f38-8f3db74170f8	/MSK_Perturbseq06_Cardiac_20260902/	CP_R3_mRNA_A1_2_IGO_18498_B_1_S1_L005_I2_001.fastq.gz	CP_R3_mRNA_A1_2_IGO_18498_B_1_S1_L005_I2_001.fastq.gz	fastq.gz	5	index2	10	CP_A1_mRNA	FAUCI2_0161	Gene Expression	msk_pooledseq_transcriptome	february-2018-3M	TRU	TRU	false			missing
Cardiac	MSK	2cbf283e-6379-4a24-9f38-8f3db74170f8	/MSK_Perturbseq06_Cardiac_20260902/	CP_R3_mRNA_A1_2_IGO_18498_B_1_S1_L005_R1_001.fastq.gz	CP_R3_mRNA_A1_2_IGO_18498_B_1_S1_L005_R1_001.fastq.gz	fastq.gz	5	read1	29	CP_A1_mRNA	FAUCI2_0161	Gene Expression	msk_pooledseq_transcriptome	february-2018-3M	TRU	TRU	false			missing
Cardiac	MSK	2cbf283e-6379-4a24-9f38-8f3db74170f8	/MSK_Perturbseq06_Cardiac_20260902/	CP_R3_mRNA_A1_2_IGO_18498_B_1_S1_L005_R2_001.fastq.gz	CP_R3_mRNA_A1_2_IGO_18498_B_1_S1_L005_R2_001.fastq.gz	fastq.gz	5	read2	89	CP_A1_mRNA	FAUCI2_0161	Gene Expression	msk_pooledseq_transcriptome	february-2018-3M	TRU	TRU	false			missing
Cardiac	MSK	2cbf283e-6379-4a24-9f38-8f3db74170f8	/MSK_Perturbseq06_Cardiac_20260902/	CP_R3_mRNA_A1_2_IGO_18498_B_1_S1_L006_I1_001.fastq.gz	CP_R3_mRNA_A1_2_IGO_18498_B_1_S1_L006_I1_001.fastq.gz	fastq.gz	6	index1	10	CP_A1_mRNA	FAUCI2_0161	Gene Expression	msk_pooledseq_transcriptome	february-2018-3M	TRU	TRU	false			missing
Cardiac	MSK	2cbf283e-6379-4a24-9f38-8f3db74170f8	/MSK_Perturbseq06_Cardiac_20260902/	CP_R3_mRNA_A1_2_IGO_18498_B_1_S1_L006_I2_001.fastq.gz	CP_R3_mRNA_A1_2_IGO_18498_B_1_S1_L006_I2_001.fastq.gz	fastq.gz	6	index2	10	CP_A1_mRNA	FAUCI2_0161	Gene Expression	msk_pooledseq_transcriptome	february-2018-3M	TRU	TRU	false			missing
Cardiac	MSK	2cbf283e-6379-4a24-9f38-8f3db74170f8	/MSK_Perturbseq06_Cardiac_20260902/	CP_R3_mRNA_A1_2_IGO_18498_B_1_S1_L006_R1_001.fastq.gz	CP_R3_mRNA_A1_2_IGO_18498_B_1_S1_L006_R1_001.fastq.gz	fastq.gz	6	read1	29	CP_A1_mRNA	FAUCI2_0161	Gene Expression	msk_pooledseq_transcriptome	february-2018-3M	TRU	TRU	false			missing
Cardiac	MSK	2cbf283e-6379-4a24-9f38-8f3db74170f8	/MSK_Perturbseq06_Cardiac_20260902/	CP_R3_mRNA_A1_2_IGO_18498_B_1_S1_L006_R2_001.fastq.gz	CP_R3_mRNA_A1_2_IGO_18498_B_1_S1_L006_R2_001.fastq.gz	fastq.gz	6	read2	89	CP_A1_mRNA	FAUCI2_0161	Gene Expression	msk_pooledseq_transcriptome	february-2018-3M	TRU	TRU	false			missing
Cardiac	MSK	2cbf283e-6379-4a24-9f38-8f3db74170f8	/MSK_Perturbseq06_Cardiac_20260902/	CP_R3_mRNA_A1_2_IGO_18498_B_1_S1_L007_I1_001.fastq.gz	CP_R3_mRNA_A1_2_IGO_18498_B_1_S1_L007_I1_001.fastq.gz	fastq.gz	7	index1	10	CP_A1_mRNA	FAUCI2_0161	Gene Expression	msk_pooledseq_transcriptome	february-2018-3M	TRU	TRU	false			missing
Cardiac	MSK	2cbf283e-6379-4a24-9f38-8f3db74170f8	/MSK_Perturbseq06_Cardiac_20260902/	CP_R3_mRNA_A1_2_IGO_18498_B_1_S1_L007_I2_001.fastq.gz	CP_R3_mRNA_A1_2_IGO_18498_B_1_S1_L007_I2_001.fastq.gz	fastq.gz	7	index2	10	CP_A1_mRNA	FAUCI2_0161	Gene Expression	msk_pooledseq_transcriptome	february-2018-3M	TRU	TRU	false			missing
Cardiac	MSK	2cbf283e-6379-4a24-9f38-8f3db74170f8	/MSK_Perturbseq06_Cardiac_20260902/	CP_R3_mRNA_A1_2_IGO_18498_B_1_S1_L007_R1_001.fastq.gz	CP_R3_mRNA_A1_2_IGO_18498_B_1_S1_L007_R1_001.fastq.gz	fastq.gz	7	read1	29	CP_A1_mRNA	FAUCI2_0161	Gene Expression	msk_pooledseq_transcriptome	february-2018-3M	TRU	TRU	false			missing
Cardiac	MSK	2cbf283e-6379-4a24-9f38-8f3db74170f8	/MSK_Perturbseq06_Cardiac_20260902/	CP_R3_mRNA_A1_2_IGO_18498_B_1_S1_L007_R2_001.fastq.gz	CP_R3_mRNA_A1_2_IGO_18498_B_1_S1_L007_R2_001.fastq.gz	fastq.gz	7	read2	89	CP_A1_mRNA	FAUCI2_0161	Gene Expression	msk_pooledseq_transcriptome	february-2018-3M	TRU	TRU	false			missing
Cardiac	MSK	2cbf283e-6379-4a24-9f38-8f3db74170f8	/MSK_Perturbseq06_Cardiac_20260902/	CP_R3_mRNA_A1_2_IGO_18498_C_1_S4_L001_I1_001.fastq.gz	CP_R3_mRNA_A1_2_IGO_18498_C_1_S4_L001_I1_001.fastq.gz	fastq.gz	1	index1	10	CP_A1_mRNA	FAUCI2_0170	Gene Expression	msk_pooledseq_transcriptome	february-2018-3M	TRU	TRU	false			missing
Cardiac	MSK	2cbf283e-6379-4a24-9f38-8f3db74170f8	/MSK_Perturbseq06_Cardiac_20260902/	CP_R3_mRNA_A1_2_IGO_18498_C_1_S4_L001_I2_001.fastq.gz	CP_R3_mRNA_A1_2_IGO_18498_C_1_S4_L001_I2_001.fastq.gz	fastq.gz	1	index2	10	CP_A1_mRNA	FAUCI2_0170	Gene Expression	msk_pooledseq_transcriptome	february-2018-3M	TRU	TRU	false			missing
Cardiac	MSK	2cbf283e-6379-4a24-9f38-8f3db74170f8	/MSK_Perturbseq06_Cardiac_20260902/	CP_R3_mRNA_A1_2_IGO_18498_C_1_S4_L001_R1_001.fastq.gz	CP_R3_mRNA_A1_2_IGO_18498_C_1_S4_L001_R1_001.fastq.gz	fastq.gz	1	read1	29	CP_A1_mRNA	FAUCI2_0170	Gene Expression	msk_pooledseq_transcriptome	february-2018-3M	TRU	TRU	false			missing
Cardiac	MSK	2cbf283e-6379-4a24-9f38-8f3db74170f8	/MSK_Perturbseq06_Cardiac_20260902/	CP_R3_mRNA_A1_2_IGO_18498_C_1_S4_L001_R2_001.fastq.gz	CP_R3_mRNA_A1_2_IGO_18498_C_1_S4_L001_R2_001.fastq.gz	fastq.gz	1	read2	89	CP_A1_mRNA	FAUCI2_0170	Gene Expression	msk_pooledseq_transcriptome	february-2018-3M	TRU	TRU	false			missing
Cardiac	MSK	2cbf283e-6379-4a24-9f38-8f3db74170f8	/MSK_Perturbseq06_Cardiac_20260902/	CP_R3_mRNA_A1_2_IGO_18498_C_1_S4_L002_I1_001.fastq.gz	CP_R3_mRNA_A1_2_IGO_18498_C_1_S4_L002_I1_001.fastq.gz	fastq.gz	2	index1	10	CP_A1_mRNA	FAUCI2_0170	Gene Expression	msk_pooledseq_transcriptome	february-2018-3M	TRU	TRU	false			missing
Cardiac	MSK	2cbf283e-6379-4a24-9f38-8f3db74170f8	/MSK_Perturbseq06_Cardiac_20260902/	CP_R3_mRNA_A1_2_IGO_18498_C_1_S4_L002_I2_001.fastq.gz	CP_R3_mRNA_A1_2_IGO_18498_C_1_S4_L002_I2_001.fastq.gz	fastq.gz	2	index2	10	CP_A1_mRNA	FAUCI2_0170	Gene Expression	msk_pooledseq_transcriptome	february-2018-3M	TRU	TRU	false			missing
Cardiac	MSK	2cbf283e-6379-4a24-9f38-8f3db74170f8	/MSK_Perturbseq06_Cardiac_20260902/	CP_R3_mRNA_A1_2_IGO_18498_C_1_S4_L002_R1_001.fastq.gz	CP_R3_mRNA_A1_2_IGO_18498_C_1_S4_L002_R1_001.fastq.gz	fastq.gz	2	read1	29	CP_A1_mRNA	FAUCI2_0170	Gene Expression	msk_pooledseq_transcriptome	february-2018-3M	TRU	TRU	false			missing
Cardiac	MSK	2cbf283e-6379-4a24-9f38-8f3db74170f8	/MSK_Perturbseq06_Cardiac_20260902/	CP_R3_mRNA_A1_2_IGO_18498_C_1_S4_L002_R2_001.fastq.gz	CP_R3_mRNA_A1_2_IGO_18498_C_1_S4_L002_R2_001.fastq.gz	fastq.gz	2	read2	89	CP_A1_mRNA	FAUCI2_0170	Gene Expression	msk_pooledseq_transcriptome	february-2018-3M	TRU	TRU	false			missing
Cardiac	MSK	2cbf283e-6379-4a24-9f38-8f3db74170f8	/MSK_Perturbseq06_Cardiac_20260902/	CP_R3_mRNA_A1_2_IGO_18498_C_1_S4_L003_I1_001.fastq.gz	CP_R3_mRNA_A1_2_IGO_18498_C_1_S4_L003_I1_001.fastq.gz	fastq.gz	3	index1	10	CP_A1_mRNA	FAUCI2_0170	Gene Expression	msk_pooledseq_transcriptome	february-2018-3M	TRU	TRU	false			missing
Cardiac	MSK	2cbf283e-6379-4a24-9f38-8f3db74170f8	/MSK_Perturbseq06_Cardiac_20260902/	CP_R3_mRNA_A1_2_IGO_18498_C_1_S4_L003_I2_001.fastq.gz	CP_R3_mRNA_A1_2_IGO_18498_C_1_S4_L003_I2_001.fastq.gz	fastq.gz	3	index2	10	CP_A1_mRNA	FAUCI2_0170	Gene Expression	msk_pooledseq_transcriptome	february-2018-3M	TRU	TRU	false			missing
Cardiac	MSK	2cbf283e-6379-4a24-9f38-8f3db74170f8	/MSK_Perturbseq06_Cardiac_20260902/	CP_R3_mRNA_A1_2_IGO_18498_C_1_S4_L003_R1_001.fastq.gz	CP_R3_mRNA_A1_2_IGO_18498_C_1_S4_L003_R1_001.fastq.gz	fastq.gz	3	read1	29	CP_A1_mRNA	FAUCI2_0170	Gene Expression	msk_pooledseq_transcriptome	february-2018-3M	TRU	TRU	false			missing
Cardiac	MSK	2cbf283e-6379-4a24-9f38-8f3db74170f8	/MSK_Perturbseq06_Cardiac_20260902/	CP_R3_mRNA_A1_2_IGO_18498_C_1_S4_L003_R2_001.fastq.gz	CP_R3_mRNA_A1_2_IGO_18498_C_1_S4_L003_R2_001.fastq.gz	fastq.gz	3	read2	89	CP_A1_mRNA	FAUCI2_0170	Gene Expression	msk_pooledseq_transcriptome	february-2018-3M	TRU	TRU	false			missing
Cardiac	MSK	2cbf283e-6379-4a24-9f38-8f3db74170f8	/MSK_Perturbseq06_Cardiac_20260902/	CP_R3_mRNA_A1_2_IGO_18498_C_1_S4_L004_I1_001.fastq.gz	CP_R3_mRNA_A1_2_IGO_18498_C_1_S4_L004_I1_001.fastq.gz	fastq.gz	4	index1	10	CP_A1_mRNA	FAUCI2_0170	Gene Expression	msk_pooledseq_transcriptome	february-2018-3M	TRU	TRU	false			missing
Cardiac	MSK	2cbf283e-6379-4a24-9f38-8f3db74170f8	/MSK_Perturbseq06_Cardiac_20260902/	CP_R3_mRNA_A1_2_IGO_18498_C_1_S4_L004_I2_001.fastq.gz	CP_R3_mRNA_A1_2_IGO_18498_C_1_S4_L004_I2_001.fastq.gz	fastq.gz	4	index2	10	CP_A1_mRNA	FAUCI2_0170	Gene Expression	msk_pooledseq_transcriptome	february-2018-3M	TRU	TRU	false			missing
Cardiac	MSK	2cbf283e-6379-4a24-9f38-8f3db74170f8	/MSK_Perturbseq06_Cardiac_20260902/	CP_R3_mRNA_A1_2_IGO_18498_C_1_S4_L004_R1_001.fastq.gz	CP_R3_mRNA_A1_2_IGO_18498_C_1_S4_L004_R1_001.fastq.gz	fastq.gz	4	read1	29	CP_A1_mRNA	FAUCI2_0170	Gene Expression	msk_pooledseq_transcriptome	february-2018-3M	TRU	TRU	false			missing
Cardiac	MSK	2cbf283e-6379-4a24-9f38-8f3db74170f8	/MSK_Perturbseq06_Cardiac_20260902/	CP_R3_mRNA_A1_2_IGO_18498_C_1_S4_L004_R2_001.fastq.gz	CP_R3_mRNA_A1_2_IGO_18498_C_1_S4_L004_R2_001.fastq.gz	fastq.gz	4	read2	89	CP_A1_mRNA	FAUCI2_0170	Gene Expression	msk_pooledseq_transcriptome	february-2018-3M	TRU	TRU	false			missing
Cardiac	MSK	2cbf283e-6379-4a24-9f38-8f3db74170f8	/MSK_Perturbseq06_Cardiac_20260902/	CP_R3_mRNA_A1_2_IGO_18498_C_1_S4_L005_I1_001.fastq.gz	CP_R3_mRNA_A1_2_IGO_18498_C_1_S4_L005_I1_001.fastq.gz	fastq.gz	5	index1	10	CP_A1_mRNA	FAUCI2_0170	Gene Expression	msk_pooledseq_transcriptome	february-2018-3M	TRU	TRU	false			missing
Cardiac	MSK	2cbf283e-6379-4a24-9f38-8f3db74170f8	/MSK_Perturbseq06_Cardiac_20260902/	CP_R3_mRNA_A1_2_IGO_18498_C_1_S4_L005_I2_001.fastq.gz	CP_R3_mRNA_A1_2_IGO_18498_C_1_S4_L005_I2_001.fastq.gz	fastq.gz	5	index2	10	CP_A1_mRNA	FAUCI2_0170	Gene Expression	msk_pooledseq_transcriptome	february-2018-3M	TRU	TRU	false			missing
Cardiac	MSK	2cbf283e-6379-4a24-9f38-8f3db74170f8	/MSK_Perturbseq06_Cardiac_20260902/	CP_R3_mRNA_A1_2_IGO_18498_C_1_S4_L005_R1_001.fastq.gz	CP_R3_mRNA_A1_2_IGO_18498_C_1_S4_L005_R1_001.fastq.gz	fastq.gz	5	read1	29	CP_A1_mRNA	FAUCI2_0170	Gene Expression	msk_pooledseq_transcriptome	february-2018-3M	TRU	TRU	false			missing
Cardiac	MSK	2cbf283e-6379-4a24-9f38-8f3db74170f8	/MSK_Perturbseq06_Cardiac_20260902/	CP_R3_mRNA_A1_2_IGO_18498_C_1_S4_L005_R2_001.fastq.gz	CP_R3_mRNA_A1_2_IGO_18498_C_1_S4_L005_R2_001.fastq.gz	fastq.gz	5	read2	89	CP_A1_mRNA	FAUCI2_0170	Gene Expression	msk_pooledseq_transcriptome	february-2018-3M	TRU	TRU	false			missing
Cardiac	MSK	2cbf283e-6379-4a24-9f38-8f3db74170f8	/MSK_Perturbseq06_Cardiac_20260902/	CP_R3_mRNA_A1_2_IGO_18498_C_1_S4_L006_I1_001.fastq.gz	CP_R3_mRNA_A1_2_IGO_18498_C_1_S4_L006_I1_001.fastq.gz	fastq.gz	6	index1	10	CP_A1_mRNA	FAUCI2_0170	Gene Expression	msk_pooledseq_transcriptome	february-2018-3M	TRU	TRU	false			missing
Cardiac	MSK	2cbf283e-6379-4a24-9f38-8f3db74170f8	/MSK_Perturbseq06_Cardiac_20260902/	CP_R3_mRNA_A1_2_IGO_18498_C_1_S4_L006_I2_001.fastq.gz	CP_R3_mRNA_A1_2_IGO_18498_C_1_S4_L006_I2_001.fastq.gz	fastq.gz	6	index2	10	CP_A1_mRNA	FAUCI2_0170	Gene Expression	msk_pooledseq_transcriptome	february-2018-3M	TRU	TRU	false			missing
Cardiac	MSK	2cbf283e-6379-4a24-9f38-8f3db74170f8	/MSK_Perturbseq06_Cardiac_20260902/	CP_R3_mRNA_A1_2_IGO_18498_C_1_S4_L006_R1_001.fastq.gz	CP_R3_mRNA_A1_2_IGO_18498_C_1_S4_L006_R1_001.fastq.gz	fastq.gz	6	read1	29	CP_A1_mRNA	FAUCI2_0170	Gene Expression	msk_pooledseq_transcriptome	february-2018-3M	TRU	TRU	false			missing
Cardiac	MSK	2cbf283e-6379-4a24-9f38-8f3db74170f8	/MSK_Perturbseq06_Cardiac_20260902/	CP_R3_mRNA_A1_2_IGO_18498_C_1_S4_L006_R2_001.fastq.gz	CP_R3_mRNA_A1_2_IGO_18498_C_1_S4_L006_R2_001.fastq.gz	fastq.gz	6	read2	89	CP_A1_mRNA	FAUCI2_0170	Gene Expression	msk_pooledseq_transcriptome	february-2018-3M	TRU	TRU	false			missing
Cardiac	MSK	2cbf283e-6379-4a24-9f38-8f3db74170f8	/MSK_Perturbseq06_Cardiac_20260902/	CP_R3_mRNA_A1_2_IGO_18498_C_1_S4_L007_I1_001.fastq.gz	CP_R3_mRNA_A1_2_IGO_18498_C_1_S4_L007_I1_001.fastq.gz	fastq.gz	7	index1	10	CP_A1_mRNA	FAUCI2_0170	Gene Expression	msk_pooledseq_transcriptome	february-2018-3M	TRU	TRU	false			missing
Cardiac	MSK	2cbf283e-6379-4a24-9f38-8f3db74170f8	/MSK_Perturbseq06_Cardiac_20260902/	CP_R3_mRNA_A1_2_IGO_18498_C_1_S4_L007_I2_001.fastq.gz	CP_R3_mRNA_A1_2_IGO_18498_C_1_S4_L007_I2_001.fastq.gz	fastq.gz	7	index2	10	CP_A1_mRNA	FAUCI2_0170	Gene Expression	msk_pooledseq_transcriptome	february-2018-3M	TRU	TRU	false			missing
Cardiac	MSK	2cbf283e-6379-4a24-9f38-8f3db74170f8	/MSK_Perturbseq06_Cardiac_20260902/	CP_R3_mRNA_A1_2_IGO_18498_C_1_S4_L007_R1_001.fastq.gz	CP_R3_mRNA_A1_2_IGO_18498_C_1_S4_L007_R1_001.fastq.gz	fastq.gz	7	read1	29	CP_A1_mRNA	FAUCI2_0170	Gene Expression	msk_pooledseq_transcriptome	february-2018-3M	TRU	TRU	false			missing
Cardiac	MSK	2cbf283e-6379-4a24-9f38-8f3db74170f8	/MSK_Perturbseq06_Cardiac_20260902/	CP_R3_mRNA_A1_2_IGO_18498_C_1_S4_L007_R2_001.fastq.gz	CP_R3_mRNA_A1_2_IGO_18498_C_1_S4_L007_R2_001.fastq.gz	fastq.gz	7	read2	89	CP_A1_mRNA	FAUCI2_0170	Gene Expression	msk_pooledseq_transcriptome	february-2018-3M	TRU	TRU	false			missing
Cardiac	MSK	2cbf283e-6379-4a24-9f38-8f3db74170f8	/MSK_Perturbseq06_Cardiac_20260902/	CP_R3_mRNA_A1_2_IGO_18498_C_1_S4_L008_I1_001.fastq.gz	CP_R3_mRNA_A1_2_IGO_18498_C_1_S4_L008_I1_001.fastq.gz	fastq.gz	8	index1	10	CP_A1_mRNA	FAUCI2_0170	Gene Expression	msk_pooledseq_transcriptome	february-2018-3M	TRU	TRU	false			missing
Cardiac	MSK	2cbf283e-6379-4a24-9f38-8f3db74170f8	/MSK_Perturbseq06_Cardiac_20260902/	CP_R3_mRNA_A1_2_IGO_18498_C_1_S4_L008_I2_001.fastq.gz	CP_R3_mRNA_A1_2_IGO_18498_C_1_S4_L008_I2_001.fastq.gz	fastq.gz	8	index2	10	CP_A1_mRNA	FAUCI2_0170	Gene Expression	msk_pooledseq_transcriptome	february-2018-3M	TRU	TRU	false			missing
Cardiac	MSK	2cbf283e-6379-4a24-9f38-8f3db74170f8	/MSK_Perturbseq06_Cardiac_20260902/	CP_R3_mRNA_A1_2_IGO_18498_C_1_S4_L008_R1_001.fastq.gz	CP_R3_mRNA_A1_2_IGO_18498_C_1_S4_L008_R1_001.fastq.gz	fastq.gz	8	read1	29	CP_A1_mRNA	FAUCI2_0170	Gene Expression	msk_pooledseq_transcriptome	february-2018-3M	TRU	TRU	false			missing
Cardiac	MSK	2cbf283e-6379-4a24-9f38-8f3db74170f8	/MSK_Perturbseq06_Cardiac_20260902/	CP_R3_mRNA_A1_2_IGO_18498_C_1_S4_L008_R2_001.fastq.gz	CP_R3_mRNA_A1_2_IGO_18498_C_1_S4_L008_R2_001.fastq.gz	fastq.gz	8	read2	89	CP_A1_mRNA	FAUCI2_0170	Gene Expression	msk_pooledseq_transcriptome	february-2018-3M	TRU	TRU	false			missing
Cardiac	MSK	2cbf283e-6379-4a24-9f38-8f3db74170f8	/MSK_Perturbseq06_Cardiac_20260902/	CP_R3_gRNA_A2_IGO_18498_10_S4_L001_I1_001.fastq.gz	CP_R3_gRNA_A2_IGO_18498_10_S4_L001_I1_001.fastq.gz	fastq.gz	1	index1	10	CP_A2_gRNA	BONO_0157	CRISPR Guide Capture	msk_pooledseq_polyIII	february-2018-3M	NXT	TRU	false			missing
Cardiac	MSK	2cbf283e-6379-4a24-9f38-8f3db74170f8	/MSK_Perturbseq06_Cardiac_20260902/	CP_R3_gRNA_A2_IGO_18498_10_S4_L001_I2_001.fastq.gz	CP_R3_gRNA_A2_IGO_18498_10_S4_L001_I2_001.fastq.gz	fastq.gz	1	index2	10	CP_A2_gRNA	BONO_0157	CRISPR Guide Capture	msk_pooledseq_polyIII	february-2018-3M	NXT	TRU	false			missing
Cardiac	MSK	2cbf283e-6379-4a24-9f38-8f3db74170f8	/MSK_Perturbseq06_Cardiac_20260902/	CP_R3_gRNA_A2_IGO_18498_10_S4_L001_R1_001.fastq.gz	CP_R3_gRNA_A2_IGO_18498_10_S4_L001_R1_001.fastq.gz	fastq.gz	1	read1	29	CP_A2_gRNA	BONO_0157	CRISPR Guide Capture	msk_pooledseq_polyIII	february-2018-3M	NXT	TRU	false			missing
Cardiac	MSK	2cbf283e-6379-4a24-9f38-8f3db74170f8	/MSK_Perturbseq06_Cardiac_20260902/	CP_R3_gRNA_A2_IGO_18498_10_S4_L001_R2_001.fastq.gz	CP_R3_gRNA_A2_IGO_18498_10_S4_L001_R2_001.fastq.gz	fastq.gz	1	read2	89	CP_A2_gRNA	BONO_0157	CRISPR Guide Capture	msk_pooledseq_polyIII	february-2018-3M	NXT	TRU	false			missing
Cardiac	MSK	2cbf283e-6379-4a24-9f38-8f3db74170f8	/MSK_Perturbseq06_Cardiac_20260902/	CP_R3_gRNA_A2_IGO_18498_10_S4_L002_I1_001.fastq.gz	CP_R3_gRNA_A2_IGO_18498_10_S4_L002_I1_001.fastq.gz	fastq.gz	2	index1	10	CP_A2_gRNA	BONO_0157	CRISPR Guide Capture	msk_pooledseq_polyIII	february-2018-3M	NXT	TRU	false			missing
Cardiac	MSK	2cbf283e-6379-4a24-9f38-8f3db74170f8	/MSK_Perturbseq06_Cardiac_20260902/	CP_R3_gRNA_A2_IGO_18498_10_S4_L002_I2_001.fastq.gz	CP_R3_gRNA_A2_IGO_18498_10_S4_L002_I2_001.fastq.gz	fastq.gz	2	index2	10	CP_A2_gRNA	BONO_0157	CRISPR Guide Capture	msk_pooledseq_polyIII	february-2018-3M	NXT	TRU	false			missing
Cardiac	MSK	2cbf283e-6379-4a24-9f38-8f3db74170f8	/MSK_Perturbseq06_Cardiac_20260902/	CP_R3_gRNA_A2_IGO_18498_10_S4_L002_R1_001.fastq.gz	CP_R3_gRNA_A2_IGO_18498_10_S4_L002_R1_001.fastq.gz	fastq.gz	2	read1	29	CP_A2_gRNA	BONO_0157	CRISPR Guide Capture	msk_pooledseq_polyIII	february-2018-3M	NXT	TRU	false			missing
Cardiac	MSK	2cbf283e-6379-4a24-9f38-8f3db74170f8	/MSK_Perturbseq06_Cardiac_20260902/	CP_R3_gRNA_A2_IGO_18498_10_S4_L002_R2_001.fastq.gz	CP_R3_gRNA_A2_IGO_18498_10_S4_L002_R2_001.fastq.gz	fastq.gz	2	read2	89	CP_A2_gRNA	BONO_0157	CRISPR Guide Capture	msk_pooledseq_polyIII	february-2018-3M	NXT	TRU	false			missing
Cardiac	MSK	2cbf283e-6379-4a24-9f38-8f3db74170f8	/MSK_Perturbseq06_Cardiac_20260902/	CP_R3_gRNA_A2_IGO_18498_10_S4_L003_I1_001.fastq.gz	CP_R3_gRNA_A2_IGO_18498_10_S4_L003_I1_001.fastq.gz	fastq.gz	3	index1	10	CP_A2_gRNA	BONO_0157	CRISPR Guide Capture	msk_pooledseq_polyIII	february-2018-3M	NXT	TRU	false			missing
Cardiac	MSK	2cbf283e-6379-4a24-9f38-8f3db74170f8	/MSK_Perturbseq06_Cardiac_20260902/	CP_R3_gRNA_A2_IGO_18498_10_S4_L003_I2_001.fastq.gz	CP_R3_gRNA_A2_IGO_18498_10_S4_L003_I2_001.fastq.gz	fastq.gz	3	index2	10	CP_A2_gRNA	BONO_0157	CRISPR Guide Capture	msk_pooledseq_polyIII	february-2018-3M	NXT	TRU	false			missing
Cardiac	MSK	2cbf283e-6379-4a24-9f38-8f3db74170f8	/MSK_Perturbseq06_Cardiac_20260902/	CP_R3_gRNA_A2_IGO_18498_10_S4_L003_R1_001.fastq.gz	CP_R3_gRNA_A2_IGO_18498_10_S4_L003_R1_001.fastq.gz	fastq.gz	3	read1	29	CP_A2_gRNA	BONO_0157	CRISPR Guide Capture	msk_pooledseq_polyIII	february-2018-3M	NXT	TRU	false			missing
Cardiac	MSK	2cbf283e-6379-4a24-9f38-8f3db74170f8	/MSK_Perturbseq06_Cardiac_20260902/	CP_R3_gRNA_A2_IGO_18498_10_S4_L003_R2_001.fastq.gz	CP_R3_gRNA_A2_IGO_18498_10_S4_L003_R2_001.fastq.gz	fastq.gz	3	read2	89	CP_A2_gRNA	BONO_0157	CRISPR Guide Capture	msk_pooledseq_polyIII	february-2018-3M	NXT	TRU	false			missing
Cardiac	MSK	2cbf283e-6379-4a24-9f38-8f3db74170f8	/MSK_Perturbseq06_Cardiac_20260902/	CP_R3_gRNA_A2_IGO_18498_10_S4_L004_I1_001.fastq.gz	CP_R3_gRNA_A2_IGO_18498_10_S4_L004_I1_001.fastq.gz	fastq.gz	4	index1	10	CP_A2_gRNA	BONO_0157	CRISPR Guide Capture	msk_pooledseq_polyIII	february-2018-3M	NXT	TRU	false			missing
Cardiac	MSK	2cbf283e-6379-4a24-9f38-8f3db74170f8	/MSK_Perturbseq06_Cardiac_20260902/	CP_R3_gRNA_A2_IGO_18498_10_S4_L004_I2_001.fastq.gz	CP_R3_gRNA_A2_IGO_18498_10_S4_L004_I2_001.fastq.gz	fastq.gz	4	index2	10	CP_A2_gRNA	BONO_0157	CRISPR Guide Capture	msk_pooledseq_polyIII	february-2018-3M	NXT	TRU	false			missing
Cardiac	MSK	2cbf283e-6379-4a24-9f38-8f3db74170f8	/MSK_Perturbseq06_Cardiac_20260902/	CP_R3_gRNA_A2_IGO_18498_10_S4_L004_R1_001.fastq.gz	CP_R3_gRNA_A2_IGO_18498_10_S4_L004_R1_001.fastq.gz	fastq.gz	4	read1	29	CP_A2_gRNA	BONO_0157	CRISPR Guide Capture	msk_pooledseq_polyIII	february-2018-3M	NXT	TRU	false			missing
Cardiac	MSK	2cbf283e-6379-4a24-9f38-8f3db74170f8	/MSK_Perturbseq06_Cardiac_20260902/	CP_R3_gRNA_A2_IGO_18498_10_S4_L004_R2_001.fastq.gz	CP_R3_gRNA_A2_IGO_18498_10_S4_L004_R2_001.fastq.gz	fastq.gz	4	read2	89	CP_A2_gRNA	BONO_0157	CRISPR Guide Capture	msk_pooledseq_polyIII	february-2018-3M	NXT	TRU	false			missing
Cardiac	MSK	2cbf283e-6379-4a24-9f38-8f3db74170f8	/MSK_Perturbseq06_Cardiac_20260902/	CP_R3_gRNA_A2_IGO_18498_10_S4_L005_I1_001.fastq.gz	CP_R3_gRNA_A2_IGO_18498_10_S4_L005_I1_001.fastq.gz	fastq.gz	5	index1	10	CP_A2_gRNA	BONO_0157	CRISPR Guide Capture	msk_pooledseq_polyIII	february-2018-3M	NXT	TRU	false			missing
Cardiac	MSK	2cbf283e-6379-4a24-9f38-8f3db74170f8	/MSK_Perturbseq06_Cardiac_20260902/	CP_R3_gRNA_A2_IGO_18498_10_S4_L005_I2_001.fastq.gz	CP_R3_gRNA_A2_IGO_18498_10_S4_L005_I2_001.fastq.gz	fastq.gz	5	index2	10	CP_A2_gRNA	BONO_0157	CRISPR Guide Capture	msk_pooledseq_polyIII	february-2018-3M	NXT	TRU	false			missing
Cardiac	MSK	2cbf283e-6379-4a24-9f38-8f3db74170f8	/MSK_Perturbseq06_Cardiac_20260902/	CP_R3_gRNA_A2_IGO_18498_10_S4_L005_R1_001.fastq.gz	CP_R3_gRNA_A2_IGO_18498_10_S4_L005_R1_001.fastq.gz	fastq.gz	5	read1	29	CP_A2_gRNA	BONO_0157	CRISPR Guide Capture	msk_pooledseq_polyIII	february-2018-3M	NXT	TRU	false			missing
Cardiac	MSK	2cbf283e-6379-4a24-9f38-8f3db74170f8	/MSK_Perturbseq06_Cardiac_20260902/	CP_R3_gRNA_A2_IGO_18498_10_S4_L005_R2_001.fastq.gz	CP_R3_gRNA_A2_IGO_18498_10_S4_L005_R2_001.fastq.gz	fastq.gz	5	read2	89	CP_A2_gRNA	BONO_0157	CRISPR Guide Capture	msk_pooledseq_polyIII	february-2018-3M	NXT	TRU	false			missing
Cardiac	MSK	2cbf283e-6379-4a24-9f38-8f3db74170f8	/MSK_Perturbseq06_Cardiac_20260902/	CP_R3_gRNA_A2_IGO_18498_10_S4_L006_I1_001.fastq.gz	CP_R3_gRNA_A2_IGO_18498_10_S4_L006_I1_001.fastq.gz	fastq.gz	6	index1	10	CP_A2_gRNA	BONO_0157	CRISPR Guide Capture	msk_pooledseq_polyIII	february-2018-3M	NXT	TRU	false			missing
Cardiac	MSK	2cbf283e-6379-4a24-9f38-8f3db74170f8	/MSK_Perturbseq06_Cardiac_20260902/	CP_R3_gRNA_A2_IGO_18498_10_S4_L006_I2_001.fastq.gz	CP_R3_gRNA_A2_IGO_18498_10_S4_L006_I2_001.fastq.gz	fastq.gz	6	index2	10	CP_A2_gRNA	BONO_0157	CRISPR Guide Capture	msk_pooledseq_polyIII	february-2018-3M	NXT	TRU	false			missing
Cardiac	MSK	2cbf283e-6379-4a24-9f38-8f3db74170f8	/MSK_Perturbseq06_Cardiac_20260902/	CP_R3_gRNA_A2_IGO_18498_10_S4_L006_R1_001.fastq.gz	CP_R3_gRNA_A2_IGO_18498_10_S4_L006_R1_001.fastq.gz	fastq.gz	6	read1	29	CP_A2_gRNA	BONO_0157	CRISPR Guide Capture	msk_pooledseq_polyIII	february-2018-3M	NXT	TRU	false			missing
Cardiac	MSK	2cbf283e-6379-4a24-9f38-8f3db74170f8	/MSK_Perturbseq06_Cardiac_20260902/	CP_R3_gRNA_A2_IGO_18498_10_S4_L006_R2_001.fastq.gz	CP_R3_gRNA_A2_IGO_18498_10_S4_L006_R2_001.fastq.gz	fastq.gz	6	read2	89	CP_A2_gRNA	BONO_0157	CRISPR Guide Capture	msk_pooledseq_polyIII	february-2018-3M	NXT	TRU	false			missing
Cardiac	MSK	2cbf283e-6379-4a24-9f38-8f3db74170f8	/MSK_Perturbseq06_Cardiac_20260902/	CP_R3_gRNA_A2_IGO_18498_10_S4_L007_I1_001.fastq.gz	CP_R3_gRNA_A2_IGO_18498_10_S4_L007_I1_001.fastq.gz	fastq.gz	7	index1	10	CP_A2_gRNA	BONO_0157	CRISPR Guide Capture	msk_pooledseq_polyIII	february-2018-3M	NXT	TRU	false			missing
Cardiac	MSK	2cbf283e-6379-4a24-9f38-8f3db74170f8	/MSK_Perturbseq06_Cardiac_20260902/	CP_R3_gRNA_A2_IGO_18498_10_S4_L007_I2_001.fastq.gz	CP_R3_gRNA_A2_IGO_18498_10_S4_L007_I2_001.fastq.gz	fastq.gz	7	index2	10	CP_A2_gRNA	BONO_0157	CRISPR Guide Capture	msk_pooledseq_polyIII	february-2018-3M	NXT	TRU	false			missing
Cardiac	MSK	2cbf283e-6379-4a24-9f38-8f3db74170f8	/MSK_Perturbseq06_Cardiac_20260902/	CP_R3_gRNA_A2_IGO_18498_10_S4_L007_R1_001.fastq.gz	CP_R3_gRNA_A2_IGO_18498_10_S4_L007_R1_001.fastq.gz	fastq.gz	7	read1	29	CP_A2_gRNA	BONO_0157	CRISPR Guide Capture	msk_pooledseq_polyIII	february-2018-3M	NXT	TRU	false			missing
Cardiac	MSK	2cbf283e-6379-4a24-9f38-8f3db74170f8	/MSK_Perturbseq06_Cardiac_20260902/	CP_R3_gRNA_A2_IGO_18498_10_S4_L007_R2_001.fastq.gz	CP_R3_gRNA_A2_IGO_18498_10_S4_L007_R2_001.fastq.gz	fastq.gz	7	read2	89	CP_A2_gRNA	BONO_0157	CRISPR Guide Capture	msk_pooledseq_polyIII	february-2018-3M	NXT	TRU	false			missing
Cardiac	MSK	2cbf283e-6379-4a24-9f38-8f3db74170f8	/MSK_Perturbseq06_Cardiac_20260902/	CP_R3_gRNA_A2_IGO_18498_10_S4_L008_I1_001.fastq.gz	CP_R3_gRNA_A2_IGO_18498_10_S4_L008_I1_001.fastq.gz	fastq.gz	8	index1	10	CP_A2_gRNA	BONO_0157	CRISPR Guide Capture	msk_pooledseq_polyIII	february-2018-3M	NXT	TRU	false			missing
Cardiac	MSK	2cbf283e-6379-4a24-9f38-8f3db74170f8	/MSK_Perturbseq06_Cardiac_20260902/	CP_R3_gRNA_A2_IGO_18498_10_S4_L008_I2_001.fastq.gz	CP_R3_gRNA_A2_IGO_18498_10_S4_L008_I2_001.fastq.gz	fastq.gz	8	index2	10	CP_A2_gRNA	BONO_0157	CRISPR Guide Capture	msk_pooledseq_polyIII	february-2018-3M	NXT	TRU	false			missing
Cardiac	MSK	2cbf283e-6379-4a24-9f38-8f3db74170f8	/MSK_Perturbseq06_Cardiac_20260902/	CP_R3_gRNA_A2_IGO_18498_10_S4_L008_R1_001.fastq.gz	CP_R3_gRNA_A2_IGO_18498_10_S4_L008_R1_001.fastq.gz	fastq.gz	8	read1	29	CP_A2_gRNA	BONO_0157	CRISPR Guide Capture	msk_pooledseq_polyIII	february-2018-3M	NXT	TRU	false			missing
Cardiac	MSK	2cbf283e-6379-4a24-9f38-8f3db74170f8	/MSK_Perturbseq06_Cardiac_20260902/	CP_R3_gRNA_A2_IGO_18498_10_S4_L008_R2_001.fastq.gz	CP_R3_gRNA_A2_IGO_18498_10_S4_L008_R2_001.fastq.gz	fastq.gz	8	read2	89	CP_A2_gRNA	BONO_0157	CRISPR Guide Capture	msk_pooledseq_polyIII	february-2018-3M	NXT	TRU	false			missing
Cardiac	MSK	2cbf283e-6379-4a24-9f38-8f3db74170f8	/MSK_Perturbseq06_Cardiac_20260902/	CP_R3_mRNA_A2_2_IGO_18498_B_2_S17_L001_I1_001.fastq.gz	CP_R3_mRNA_A2_2_IGO_18498_B_2_S17_L001_I1_001.fastq.gz	fastq.gz	1	index1	10	CP_A2_mRNA	BONO_0157	Gene Expression	msk_pooledseq_transcriptome	february-2018-3M	TRU	TRU	false			missing
Cardiac	MSK	2cbf283e-6379-4a24-9f38-8f3db74170f8	/MSK_Perturbseq06_Cardiac_20260902/	CP_R3_mRNA_A2_2_IGO_18498_B_2_S17_L001_I2_001.fastq.gz	CP_R3_mRNA_A2_2_IGO_18498_B_2_S17_L001_I2_001.fastq.gz	fastq.gz	1	index2	10	CP_A2_mRNA	BONO_0157	Gene Expression	msk_pooledseq_transcriptome	february-2018-3M	TRU	TRU	false			missing
Cardiac	MSK	2cbf283e-6379-4a24-9f38-8f3db74170f8	/MSK_Perturbseq06_Cardiac_20260902/	CP_R3_mRNA_A2_2_IGO_18498_B_2_S17_L001_R1_001.fastq.gz	CP_R3_mRNA_A2_2_IGO_18498_B_2_S17_L001_R1_001.fastq.gz	fastq.gz	1	read1	29	CP_A2_mRNA	BONO_0157	Gene Expression	msk_pooledseq_transcriptome	february-2018-3M	TRU	TRU	false			missing
Cardiac	MSK	2cbf283e-6379-4a24-9f38-8f3db74170f8	/MSK_Perturbseq06_Cardiac_20260902/	CP_R3_mRNA_A2_2_IGO_18498_B_2_S17_L001_R2_001.fastq.gz	CP_R3_mRNA_A2_2_IGO_18498_B_2_S17_L001_R2_001.fastq.gz	fastq.gz	1	read2	89	CP_A2_mRNA	BONO_0157	Gene Expression	msk_pooledseq_transcriptome	february-2018-3M	TRU	TRU	false			missing
Cardiac	MSK	2cbf283e-6379-4a24-9f38-8f3db74170f8	/MSK_Perturbseq06_Cardiac_20260902/	CP_R3_mRNA_A2_2_IGO_18498_B_2_S17_L002_I1_001.fastq.gz	CP_R3_mRNA_A2_2_IGO_18498_B_2_S17_L002_I1_001.fastq.gz	fastq.gz	2	index1	10	CP_A2_mRNA	BONO_0157	Gene Expression	msk_pooledseq_transcriptome	february-2018-3M	TRU	TRU	false			missing
Cardiac	MSK	2cbf283e-6379-4a24-9f38-8f3db74170f8	/MSK_Perturbseq06_Cardiac_20260902/	CP_R3_mRNA_A2_2_IGO_18498_B_2_S17_L002_I2_001.fastq.gz	CP_R3_mRNA_A2_2_IGO_18498_B_2_S17_L002_I2_001.fastq.gz	fastq.gz	2	index2	10	CP_A2_mRNA	BONO_0157	Gene Expression	msk_pooledseq_transcriptome	february-2018-3M	TRU	TRU	false			missing
Cardiac	MSK	2cbf283e-6379-4a24-9f38-8f3db74170f8	/MSK_Perturbseq06_Cardiac_20260902/	CP_R3_mRNA_A2_2_IGO_18498_B_2_S17_L002_R1_001.fastq.gz	CP_R3_mRNA_A2_2_IGO_18498_B_2_S17_L002_R1_001.fastq.gz	fastq.gz	2	read1	29	CP_A2_mRNA	BONO_0157	Gene Expression	msk_pooledseq_transcriptome	february-2018-3M	TRU	TRU	false			missing
Cardiac	MSK	2cbf283e-6379-4a24-9f38-8f3db74170f8	/MSK_Perturbseq06_Cardiac_20260902/	CP_R3_mRNA_A2_2_IGO_18498_B_2_S17_L002_R2_001.fastq.gz	CP_R3_mRNA_A2_2_IGO_18498_B_2_S17_L002_R2_001.fastq.gz	fastq.gz	2	read2	89	CP_A2_mRNA	BONO_0157	Gene Expression	msk_pooledseq_transcriptome	february-2018-3M	TRU	TRU	false			missing
Cardiac	MSK	2cbf283e-6379-4a24-9f38-8f3db74170f8	/MSK_Perturbseq06_Cardiac_20260902/	CP_R3_mRNA_A2_2_IGO_18498_B_2_S17_L003_I1_001.fastq.gz	CP_R3_mRNA_A2_2_IGO_18498_B_2_S17_L003_I1_001.fastq.gz	fastq.gz	3	index1	10	CP_A2_mRNA	BONO_0157	Gene Expression	msk_pooledseq_transcriptome	february-2018-3M	TRU	TRU	false			missing
Cardiac	MSK	2cbf283e-6379-4a24-9f38-8f3db74170f8	/MSK_Perturbseq06_Cardiac_20260902/	CP_R3_mRNA_A2_2_IGO_18498_B_2_S17_L003_I2_001.fastq.gz	CP_R3_mRNA_A2_2_IGO_18498_B_2_S17_L003_I2_001.fastq.gz	fastq.gz	3	index2	10	CP_A2_mRNA	BONO_0157	Gene Expression	msk_pooledseq_transcriptome	february-2018-3M	TRU	TRU	false			missing
Cardiac	MSK	2cbf283e-6379-4a24-9f38-8f3db74170f8	/MSK_Perturbseq06_Cardiac_20260902/	CP_R3_mRNA_A2_2_IGO_18498_B_2_S17_L003_R1_001.fastq.gz	CP_R3_mRNA_A2_2_IGO_18498_B_2_S17_L003_R1_001.fastq.gz	fastq.gz	3	read1	29	CP_A2_mRNA	BONO_0157	Gene Expression	msk_pooledseq_transcriptome	february-2018-3M	TRU	TRU	false			missing
Cardiac	MSK	2cbf283e-6379-4a24-9f38-8f3db74170f8	/MSK_Perturbseq06_Cardiac_20260902/	CP_R3_mRNA_A2_2_IGO_18498_B_2_S17_L003_R2_001.fastq.gz	CP_R3_mRNA_A2_2_IGO_18498_B_2_S17_L003_R2_001.fastq.gz	fastq.gz	3	read2	89	CP_A2_mRNA	BONO_0157	Gene Expression	msk_pooledseq_transcriptome	february-2018-3M	TRU	TRU	false			missing
Cardiac	MSK	2cbf283e-6379-4a24-9f38-8f3db74170f8	/MSK_Perturbseq06_Cardiac_20260902/	CP_R3_mRNA_A2_2_IGO_18498_B_2_S17_L004_I1_001.fastq.gz	CP_R3_mRNA_A2_2_IGO_18498_B_2_S17_L004_I1_001.fastq.gz	fastq.gz	4	index1	10	CP_A2_mRNA	BONO_0157	Gene Expression	msk_pooledseq_transcriptome	february-2018-3M	TRU	TRU	false			missing
Cardiac	MSK	2cbf283e-6379-4a24-9f38-8f3db74170f8	/MSK_Perturbseq06_Cardiac_20260902/	CP_R3_mRNA_A2_2_IGO_18498_B_2_S17_L004_I2_001.fastq.gz	CP_R3_mRNA_A2_2_IGO_18498_B_2_S17_L004_I2_001.fastq.gz	fastq.gz	4	index2	10	CP_A2_mRNA	BONO_0157	Gene Expression	msk_pooledseq_transcriptome	february-2018-3M	TRU	TRU	false			missing
Cardiac	MSK	2cbf283e-6379-4a24-9f38-8f3db74170f8	/MSK_Perturbseq06_Cardiac_20260902/	CP_R3_mRNA_A2_2_IGO_18498_B_2_S17_L004_R1_001.fastq.gz	CP_R3_mRNA_A2_2_IGO_18498_B_2_S17_L004_R1_001.fastq.gz	fastq.gz	4	read1	29	CP_A2_mRNA	BONO_0157	Gene Expression	msk_pooledseq_transcriptome	february-2018-3M	TRU	TRU	false			missing
Cardiac	MSK	2cbf283e-6379-4a24-9f38-8f3db74170f8	/MSK_Perturbseq06_Cardiac_20260902/	CP_R3_mRNA_A2_2_IGO_18498_B_2_S17_L004_R2_001.fastq.gz	CP_R3_mRNA_A2_2_IGO_18498_B_2_S17_L004_R2_001.fastq.gz	fastq.gz	4	read2	89	CP_A2_mRNA	BONO_0157	Gene Expression	msk_pooledseq_transcriptome	february-2018-3M	TRU	TRU	false			missing
Cardiac	MSK	2cbf283e-6379-4a24-9f38-8f3db74170f8	/MSK_Perturbseq06_Cardiac_20260902/	CP_R3_mRNA_A2_2_IGO_18498_B_2_S17_L005_I1_001.fastq.gz	CP_R3_mRNA_A2_2_IGO_18498_B_2_S17_L005_I1_001.fastq.gz	fastq.gz	5	index1	10	CP_A2_mRNA	BONO_0157	Gene Expression	msk_pooledseq_transcriptome	february-2018-3M	TRU	TRU	false			missing
Cardiac	MSK	2cbf283e-6379-4a24-9f38-8f3db74170f8	/MSK_Perturbseq06_Cardiac_20260902/	CP_R3_mRNA_A2_2_IGO_18498_B_2_S17_L005_I2_001.fastq.gz	CP_R3_mRNA_A2_2_IGO_18498_B_2_S17_L005_I2_001.fastq.gz	fastq.gz	5	index2	10	CP_A2_mRNA	BONO_0157	Gene Expression	msk_pooledseq_transcriptome	february-2018-3M	TRU	TRU	false			missing
Cardiac	MSK	2cbf283e-6379-4a24-9f38-8f3db74170f8	/MSK_Perturbseq06_Cardiac_20260902/	CP_R3_mRNA_A2_2_IGO_18498_B_2_S17_L005_R1_001.fastq.gz	CP_R3_mRNA_A2_2_IGO_18498_B_2_S17_L005_R1_001.fastq.gz	fastq.gz	5	read1	29	CP_A2_mRNA	BONO_0157	Gene Expression	msk_pooledseq_transcriptome	february-2018-3M	TRU	TRU	false			missing
Cardiac	MSK	2cbf283e-6379-4a24-9f38-8f3db74170f8	/MSK_Perturbseq06_Cardiac_20260902/	CP_R3_mRNA_A2_2_IGO_18498_B_2_S17_L005_R2_001.fastq.gz	CP_R3_mRNA_A2_2_IGO_18498_B_2_S17_L005_R2_001.fastq.gz	fastq.gz	5	read2	89	CP_A2_mRNA	BONO_0157	Gene Expression	msk_pooledseq_transcriptome	february-2018-3M	TRU	TRU	false			missing
Cardiac	MSK	2cbf283e-6379-4a24-9f38-8f3db74170f8	/MSK_Perturbseq06_Cardiac_20260902/	CP_R3_mRNA_A2_2_IGO_18498_B_2_S17_L006_I1_001.fastq.gz	CP_R3_mRNA_A2_2_IGO_18498_B_2_S17_L006_I1_001.fastq.gz	fastq.gz	6	index1	10	CP_A2_mRNA	BONO_0157	Gene Expression	msk_pooledseq_transcriptome	february-2018-3M	TRU	TRU	false			missing
Cardiac	MSK	2cbf283e-6379-4a24-9f38-8f3db74170f8	/MSK_Perturbseq06_Cardiac_20260902/	CP_R3_mRNA_A2_2_IGO_18498_B_2_S17_L006_I2_001.fastq.gz	CP_R3_mRNA_A2_2_IGO_18498_B_2_S17_L006_I2_001.fastq.gz	fastq.gz	6	index2	10	CP_A2_mRNA	BONO_0157	Gene Expression	msk_pooledseq_transcriptome	february-2018-3M	TRU	TRU	false			missing
Cardiac	MSK	2cbf283e-6379-4a24-9f38-8f3db74170f8	/MSK_Perturbseq06_Cardiac_20260902/	CP_R3_mRNA_A2_2_IGO_18498_B_2_S17_L006_R1_001.fastq.gz	CP_R3_mRNA_A2_2_IGO_18498_B_2_S17_L006_R1_001.fastq.gz	fastq.gz	6	read1	29	CP_A2_mRNA	BONO_0157	Gene Expression	msk_pooledseq_transcriptome	february-2018-3M	TRU	TRU	false			missing
Cardiac	MSK	2cbf283e-6379-4a24-9f38-8f3db74170f8	/MSK_Perturbseq06_Cardiac_20260902/	CP_R3_mRNA_A2_2_IGO_18498_B_2_S17_L006_R2_001.fastq.gz	CP_R3_mRNA_A2_2_IGO_18498_B_2_S17_L006_R2_001.fastq.gz	fastq.gz	6	read2	89	CP_A2_mRNA	BONO_0157	Gene Expression	msk_pooledseq_transcriptome	february-2018-3M	TRU	TRU	false			missing
Cardiac	MSK	2cbf283e-6379-4a24-9f38-8f3db74170f8	/MSK_Perturbseq06_Cardiac_20260902/	CP_R3_mRNA_A2_2_IGO_18498_B_2_S17_L007_I1_001.fastq.gz	CP_R3_mRNA_A2_2_IGO_18498_B_2_S17_L007_I1_001.fastq.gz	fastq.gz	7	index1	10	CP_A2_mRNA	BONO_0157	Gene Expression	msk_pooledseq_transcriptome	february-2018-3M	TRU	TRU	false			missing
Cardiac	MSK	2cbf283e-6379-4a24-9f38-8f3db74170f8	/MSK_Perturbseq06_Cardiac_20260902/	CP_R3_mRNA_A2_2_IGO_18498_B_2_S17_L007_I2_001.fastq.gz	CP_R3_mRNA_A2_2_IGO_18498_B_2_S17_L007_I2_001.fastq.gz	fastq.gz	7	index2	10	CP_A2_mRNA	BONO_0157	Gene Expression	msk_pooledseq_transcriptome	february-2018-3M	TRU	TRU	false			missing
Cardiac	MSK	2cbf283e-6379-4a24-9f38-8f3db74170f8	/MSK_Perturbseq06_Cardiac_20260902/	CP_R3_mRNA_A2_2_IGO_18498_B_2_S17_L007_R1_001.fastq.gz	CP_R3_mRNA_A2_2_IGO_18498_B_2_S17_L007_R1_001.fastq.gz	fastq.gz	7	read1	29	CP_A2_mRNA	BONO_0157	Gene Expression	msk_pooledseq_transcriptome	february-2018-3M	TRU	TRU	false			missing
Cardiac	MSK	2cbf283e-6379-4a24-9f38-8f3db74170f8	/MSK_Perturbseq06_Cardiac_20260902/	CP_R3_mRNA_A2_2_IGO_18498_B_2_S17_L007_R2_001.fastq.gz	CP_R3_mRNA_A2_2_IGO_18498_B_2_S17_L007_R2_001.fastq.gz	fastq.gz	7	read2	89	CP_A2_mRNA	BONO_0157	Gene Expression	msk_pooledseq_transcriptome	february-2018-3M	TRU	TRU	false			missing
Cardiac	MSK	2cbf283e-6379-4a24-9f38-8f3db74170f8	/MSK_Perturbseq06_Cardiac_20260902/	CP_R3_mRNA_A2_2_IGO_18498_B_2_S17_L008_I1_001.fastq.gz	CP_R3_mRNA_A2_2_IGO_18498_B_2_S17_L008_I1_001.fastq.gz	fastq.gz	8	index1	10	CP_A2_mRNA	BONO_0157	Gene Expression	msk_pooledseq_transcriptome	february-2018-3M	TRU	TRU	false			missing
Cardiac	MSK	2cbf283e-6379-4a24-9f38-8f3db74170f8	/MSK_Perturbseq06_Cardiac_20260902/	CP_R3_mRNA_A2_2_IGO_18498_B_2_S17_L008_I2_001.fastq.gz	CP_R3_mRNA_A2_2_IGO_18498_B_2_S17_L008_I2_001.fastq.gz	fastq.gz	8	index2	10	CP_A2_mRNA	BONO_0157	Gene Expression	msk_pooledseq_transcriptome	february-2018-3M	TRU	TRU	false			missing
Cardiac	MSK	2cbf283e-6379-4a24-9f38-8f3db74170f8	/MSK_Perturbseq06_Cardiac_20260902/	CP_R3_mRNA_A2_2_IGO_18498_B_2_S17_L008_R1_001.fastq.gz	CP_R3_mRNA_A2_2_IGO_18498_B_2_S17_L008_R1_001.fastq.gz	fastq.gz	8	read1	29	CP_A2_mRNA	BONO_0157	Gene Expression	msk_pooledseq_transcriptome	february-2018-3M	TRU	TRU	false			missing
Cardiac	MSK	2cbf283e-6379-4a24-9f38-8f3db74170f8	/MSK_Perturbseq06_Cardiac_20260902/	CP_R3_mRNA_A2_2_IGO_18498_B_2_S17_L008_R2_001.fastq.gz	CP_R3_mRNA_A2_2_IGO_18498_B_2_S17_L008_R2_001.fastq.gz	fastq.gz	8	read2	89	CP_A2_mRNA	BONO_0157	Gene Expression	msk_pooledseq_transcriptome	february-2018-3M	TRU	TRU	false			missing
Cardiac	MSK	2cbf283e-6379-4a24-9f38-8f3db74170f8	/MSK_Perturbseq06_Cardiac_20260902/	CP_R3_mRNA_A2_2_IGO_18498_B_2_S2_L001_I1_001.fastq.gz	CP_R3_mRNA_A2_2_IGO_18498_B_2_S2_L001_I1_001.fastq.gz	fastq.gz	1	index1	10	CP_A2_mRNA	FAUCI2_0161	Gene Expression	msk_pooledseq_transcriptome	february-2018-3M	TRU	TRU	false			missing
Cardiac	MSK	2cbf283e-6379-4a24-9f38-8f3db74170f8	/MSK_Perturbseq06_Cardiac_20260902/	CP_R3_mRNA_A2_2_IGO_18498_B_2_S2_L001_I2_001.fastq.gz	CP_R3_mRNA_A2_2_IGO_18498_B_2_S2_L001_I2_001.fastq.gz	fastq.gz	1	index2	10	CP_A2_mRNA	FAUCI2_0161	Gene Expression	msk_pooledseq_transcriptome	february-2018-3M	TRU	TRU	false			missing
Cardiac	MSK	2cbf283e-6379-4a24-9f38-8f3db74170f8	/MSK_Perturbseq06_Cardiac_20260902/	CP_R3_mRNA_A2_2_IGO_18498_B_2_S2_L001_R1_001.fastq.gz	CP_R3_mRNA_A2_2_IGO_18498_B_2_S2_L001_R1_001.fastq.gz	fastq.gz	1	read1	29	CP_A2_mRNA	FAUCI2_0161	Gene Expression	msk_pooledseq_transcriptome	february-2018-3M	TRU	TRU	false			missing
Cardiac	MSK	2cbf283e-6379-4a24-9f38-8f3db74170f8	/MSK_Perturbseq06_Cardiac_20260902/	CP_R3_mRNA_A2_2_IGO_18498_B_2_S2_L001_R2_001.fastq.gz	CP_R3_mRNA_A2_2_IGO_18498_B_2_S2_L001_R2_001.fastq.gz	fastq.gz	1	read2	89	CP_A2_mRNA	FAUCI2_0161	Gene Expression	msk_pooledseq_transcriptome	february-2018-3M	TRU	TRU	false			missing
Cardiac	MSK	2cbf283e-6379-4a24-9f38-8f3db74170f8	/MSK_Perturbseq06_Cardiac_20260902/	CP_R3_mRNA_A2_2_IGO_18498_B_2_S2_L002_I1_001.fastq.gz	CP_R3_mRNA_A2_2_IGO_18498_B_2_S2_L002_I1_001.fastq.gz	fastq.gz	2	index1	10	CP_A2_mRNA	FAUCI2_0161	Gene Expression	msk_pooledseq_transcriptome	february-2018-3M	TRU	TRU	false			missing
Cardiac	MSK	2cbf283e-6379-4a24-9f38-8f3db74170f8	/MSK_Perturbseq06_Cardiac_20260902/	CP_R3_mRNA_A2_2_IGO_18498_B_2_S2_L002_I2_001.fastq.gz	CP_R3_mRNA_A2_2_IGO_18498_B_2_S2_L002_I2_001.fastq.gz	fastq.gz	2	index2	10	CP_A2_mRNA	FAUCI2_0161	Gene Expression	msk_pooledseq_transcriptome	february-2018-3M	TRU	TRU	false			missing
Cardiac	MSK	2cbf283e-6379-4a24-9f38-8f3db74170f8	/MSK_Perturbseq06_Cardiac_20260902/	CP_R3_mRNA_A2_2_IGO_18498_B_2_S2_L002_R1_001.fastq.gz	CP_R3_mRNA_A2_2_IGO_18498_B_2_S2_L002_R1_001.fastq.gz	fastq.gz	2	read1	29	CP_A2_mRNA	FAUCI2_0161	Gene Expression	msk_pooledseq_transcriptome	february-2018-3M	TRU	TRU	false			missing
Cardiac	MSK	2cbf283e-6379-4a24-9f38-8f3db74170f8	/MSK_Perturbseq06_Cardiac_20260902/	CP_R3_mRNA_A2_2_IGO_18498_B_2_S2_L002_R2_001.fastq.gz	CP_R3_mRNA_A2_2_IGO_18498_B_2_S2_L002_R2_001.fastq.gz	fastq.gz	2	read2	89	CP_A2_mRNA	FAUCI2_0161	Gene Expression	msk_pooledseq_transcriptome	february-2018-3M	TRU	TRU	false			missing
Cardiac	MSK	2cbf283e-6379-4a24-9f38-8f3db74170f8	/MSK_Perturbseq06_Cardiac_20260902/	CP_R3_mRNA_A2_2_IGO_18498_B_2_S2_L003_I1_001.fastq.gz	CP_R3_mRNA_A2_2_IGO_18498_B_2_S2_L003_I1_001.fastq.gz	fastq.gz	3	index1	10	CP_A2_mRNA	FAUCI2_0161	Gene Expression	msk_pooledseq_transcriptome	february-2018-3M	TRU	TRU	false			missing
Cardiac	MSK	2cbf283e-6379-4a24-9f38-8f3db74170f8	/MSK_Perturbseq06_Cardiac_20260902/	CP_R3_mRNA_A2_2_IGO_18498_B_2_S2_L003_I2_001.fastq.gz	CP_R3_mRNA_A2_2_IGO_18498_B_2_S2_L003_I2_001.fastq.gz	fastq.gz	3	index2	10	CP_A2_mRNA	FAUCI2_0161	Gene Expression	msk_pooledseq_transcriptome	february-2018-3M	TRU	TRU	false			missing
Cardiac	MSK	2cbf283e-6379-4a24-9f38-8f3db74170f8	/MSK_Perturbseq06_Cardiac_20260902/	CP_R3_mRNA_A2_2_IGO_18498_B_2_S2_L003_R1_001.fastq.gz	CP_R3_mRNA_A2_2_IGO_18498_B_2_S2_L003_R1_001.fastq.gz	fastq.gz	3	read1	29	CP_A2_mRNA	FAUCI2_0161	Gene Expression	msk_pooledseq_transcriptome	february-2018-3M	TRU	TRU	false			missing
Cardiac	MSK	2cbf283e-6379-4a24-9f38-8f3db74170f8	/MSK_Perturbseq06_Cardiac_20260902/	CP_R3_mRNA_A2_2_IGO_18498_B_2_S2_L003_R2_001.fastq.gz	CP_R3_mRNA_A2_2_IGO_18498_B_2_S2_L003_R2_001.fastq.gz	fastq.gz	3	read2	89	CP_A2_mRNA	FAUCI2_0161	Gene Expression	msk_pooledseq_transcriptome	february-2018-3M	TRU	TRU	false			missing
Cardiac	MSK	2cbf283e-6379-4a24-9f38-8f3db74170f8	/MSK_Perturbseq06_Cardiac_20260902/	CP_R3_mRNA_A2_2_IGO_18498_B_2_S2_L004_I1_001.fastq.gz	CP_R3_mRNA_A2_2_IGO_18498_B_2_S2_L004_I1_001.fastq.gz	fastq.gz	4	index1	10	CP_A2_mRNA	FAUCI2_0161	Gene Expression	msk_pooledseq_transcriptome	february-2018-3M	TRU	TRU	false			missing
Cardiac	MSK	2cbf283e-6379-4a24-9f38-8f3db74170f8	/MSK_Perturbseq06_Cardiac_20260902/	CP_R3_mRNA_A2_2_IGO_18498_B_2_S2_L004_I2_001.fastq.gz	CP_R3_mRNA_A2_2_IGO_18498_B_2_S2_L004_I2_001.fastq.gz	fastq.gz	4	index2	10	CP_A2_mRNA	FAUCI2_0161	Gene Expression	msk_pooledseq_transcriptome	february-2018-3M	TRU	TRU	false			missing
Cardiac	MSK	2cbf283e-6379-4a24-9f38-8f3db74170f8	/MSK_Perturbseq06_Cardiac_20260902/	CP_R3_mRNA_A2_2_IGO_18498_B_2_S2_L004_R1_001.fastq.gz	CP_R3_mRNA_A2_2_IGO_18498_B_2_S2_L004_R1_001.fastq.gz	fastq.gz	4	read1	29	CP_A2_mRNA	FAUCI2_0161	Gene Expression	msk_pooledseq_transcriptome	february-2018-3M	TRU	TRU	false			missing
Cardiac	MSK	2cbf283e-6379-4a24-9f38-8f3db74170f8	/MSK_Perturbseq06_Cardiac_20260902/	CP_R3_mRNA_A2_2_IGO_18498_B_2_S2_L004_R2_001.fastq.gz	CP_R3_mRNA_A2_2_IGO_18498_B_2_S2_L004_R2_001.fastq.gz	fastq.gz	4	read2	89	CP_A2_mRNA	FAUCI2_0161	Gene Expression	msk_pooledseq_transcriptome	february-2018-3M	TRU	TRU	false			missing
Cardiac	MSK	2cbf283e-6379-4a24-9f38-8f3db74170f8	/MSK_Perturbseq06_Cardiac_20260902/	CP_R3_mRNA_A2_2_IGO_18498_B_2_S2_L005_I1_001.fastq.gz	CP_R3_mRNA_A2_2_IGO_18498_B_2_S2_L005_I1_001.fastq.gz	fastq.gz	5	index1	10	CP_A2_mRNA	FAUCI2_0161	Gene Expression	msk_pooledseq_transcriptome	february-2018-3M	TRU	TRU	false			missing
Cardiac	MSK	2cbf283e-6379-4a24-9f38-8f3db74170f8	/MSK_Perturbseq06_Cardiac_20260902/	CP_R3_mRNA_A2_2_IGO_18498_B_2_S2_L005_I2_001.fastq.gz	CP_R3_mRNA_A2_2_IGO_18498_B_2_S2_L005_I2_001.fastq.gz	fastq.gz	5	index2	10	CP_A2_mRNA	FAUCI2_0161	Gene Expression	msk_pooledseq_transcriptome	february-2018-3M	TRU	TRU	false			missing
Cardiac	MSK	2cbf283e-6379-4a24-9f38-8f3db74170f8	/MSK_Perturbseq06_Cardiac_20260902/	CP_R3_mRNA_A2_2_IGO_18498_B_2_S2_L005_R1_001.fastq.gz	CP_R3_mRNA_A2_2_IGO_18498_B_2_S2_L005_R1_001.fastq.gz	fastq.gz	5	read1	29	CP_A2_mRNA	FAUCI2_0161	Gene Expression	msk_pooledseq_transcriptome	february-2018-3M	TRU	TRU	false			missing
Cardiac	MSK	2cbf283e-6379-4a24-9f38-8f3db74170f8	/MSK_Perturbseq06_Cardiac_20260902/	CP_R3_mRNA_A2_2_IGO_18498_B_2_S2_L005_R2_001.fastq.gz	CP_R3_mRNA_A2_2_IGO_18498_B_2_S2_L005_R2_001.fastq.gz	fastq.gz	5	read2	89	CP_A2_mRNA	FAUCI2_0161	Gene Expression	msk_pooledseq_transcriptome	february-2018-3M	TRU	TRU	false			missing
Cardiac	MSK	2cbf283e-6379-4a24-9f38-8f3db74170f8	/MSK_Perturbseq06_Cardiac_20260902/	CP_R3_mRNA_A2_2_IGO_18498_B_2_S2_L006_I1_001.fastq.gz	CP_R3_mRNA_A2_2_IGO_18498_B_2_S2_L006_I1_001.fastq.gz	fastq.gz	6	index1	10	CP_A2_mRNA	FAUCI2_0161	Gene Expression	msk_pooledseq_transcriptome	february-2018-3M	TRU	TRU	false			missing
Cardiac	MSK	2cbf283e-6379-4a24-9f38-8f3db74170f8	/MSK_Perturbseq06_Cardiac_20260902/	CP_R3_mRNA_A2_2_IGO_18498_B_2_S2_L006_I2_001.fastq.gz	CP_R3_mRNA_A2_2_IGO_18498_B_2_S2_L006_I2_001.fastq.gz	fastq.gz	6	index2	10	CP_A2_mRNA	FAUCI2_0161	Gene Expression	msk_pooledseq_transcriptome	february-2018-3M	TRU	TRU	false			missing
Cardiac	MSK	2cbf283e-6379-4a24-9f38-8f3db74170f8	/MSK_Perturbseq06_Cardiac_20260902/	CP_R3_mRNA_A2_2_IGO_18498_B_2_S2_L006_R1_001.fastq.gz	CP_R3_mRNA_A2_2_IGO_18498_B_2_S2_L006_R1_001.fastq.gz	fastq.gz	6	read1	29	CP_A2_mRNA	FAUCI2_0161	Gene Expression	msk_pooledseq_transcriptome	february-2018-3M	TRU	TRU	false			missing
Cardiac	MSK	2cbf283e-6379-4a24-9f38-8f3db74170f8	/MSK_Perturbseq06_Cardiac_20260902/	CP_R3_mRNA_A2_2_IGO_18498_B_2_S2_L006_R2_001.fastq.gz	CP_R3_mRNA_A2_2_IGO_18498_B_2_S2_L006_R2_001.fastq.gz	fastq.gz	6	read2	89	CP_A2_mRNA	FAUCI2_0161	Gene Expression	msk_pooledseq_transcriptome	february-2018-3M	TRU	TRU	false			missing
Cardiac	MSK	2cbf283e-6379-4a24-9f38-8f3db74170f8	/MSK_Perturbseq06_Cardiac_20260902/	CP_R3_mRNA_A2_2_IGO_18498_B_2_S2_L007_I1_001.fastq.gz	CP_R3_mRNA_A2_2_IGO_18498_B_2_S2_L007_I1_001.fastq.gz	fastq.gz	7	index1	10	CP_A2_mRNA	FAUCI2_0161	Gene Expression	msk_pooledseq_transcriptome	february-2018-3M	TRU	TRU	false			missing
Cardiac	MSK	2cbf283e-6379-4a24-9f38-8f3db74170f8	/MSK_Perturbseq06_Cardiac_20260902/	CP_R3_mRNA_A2_2_IGO_18498_B_2_S2_L007_I2_001.fastq.gz	CP_R3_mRNA_A2_2_IGO_18498_B_2_S2_L007_I2_001.fastq.gz	fastq.gz	7	index2	10	CP_A2_mRNA	FAUCI2_0161	Gene Expression	msk_pooledseq_transcriptome	february-2018-3M	TRU	TRU	false			missing
Cardiac	MSK	2cbf283e-6379-4a24-9f38-8f3db74170f8	/MSK_Perturbseq06_Cardiac_20260902/	CP_R3_mRNA_A2_2_IGO_18498_B_2_S2_L007_R1_001.fastq.gz	CP_R3_mRNA_A2_2_IGO_18498_B_2_S2_L007_R1_001.fastq.gz	fastq.gz	7	read1	29	CP_A2_mRNA	FAUCI2_0161	Gene Expression	msk_pooledseq_transcriptome	february-2018-3M	TRU	TRU	false			missing
Cardiac	MSK	2cbf283e-6379-4a24-9f38-8f3db74170f8	/MSK_Perturbseq06_Cardiac_20260902/	CP_R3_mRNA_A2_2_IGO_18498_B_2_S2_L007_R2_001.fastq.gz	CP_R3_mRNA_A2_2_IGO_18498_B_2_S2_L007_R2_001.fastq.gz	fastq.gz	7	read2	89	CP_A2_mRNA	FAUCI2_0161	Gene Expression	msk_pooledseq_transcriptome	february-2018-3M	TRU	TRU	false			missing
Cardiac	MSK	2cbf283e-6379-4a24-9f38-8f3db74170f8	/MSK_Perturbseq06_Cardiac_20260902/	CP_R3_mRNA_A2_2_IGO_18498_C_2_S5_L001_I1_001.fastq.gz	CP_R3_mRNA_A2_2_IGO_18498_C_2_S5_L001_I1_001.fastq.gz	fastq.gz	1	index1	10	CP_A2_mRNA	FAUCI2_0170	Gene Expression	msk_pooledseq_transcriptome	february-2018-3M	TRU	TRU	false			missing
Cardiac	MSK	2cbf283e-6379-4a24-9f38-8f3db74170f8	/MSK_Perturbseq06_Cardiac_20260902/	CP_R3_mRNA_A2_2_IGO_18498_C_2_S5_L001_I2_001.fastq.gz	CP_R3_mRNA_A2_2_IGO_18498_C_2_S5_L001_I2_001.fastq.gz	fastq.gz	1	index2	10	CP_A2_mRNA	FAUCI2_0170	Gene Expression	msk_pooledseq_transcriptome	february-2018-3M	TRU	TRU	false			missing
Cardiac	MSK	2cbf283e-6379-4a24-9f38-8f3db74170f8	/MSK_Perturbseq06_Cardiac_20260902/	CP_R3_mRNA_A2_2_IGO_18498_C_2_S5_L001_R1_001.fastq.gz	CP_R3_mRNA_A2_2_IGO_18498_C_2_S5_L001_R1_001.fastq.gz	fastq.gz	1	read1	29	CP_A2_mRNA	FAUCI2_0170	Gene Expression	msk_pooledseq_transcriptome	february-2018-3M	TRU	TRU	false			missing
Cardiac	MSK	2cbf283e-6379-4a24-9f38-8f3db74170f8	/MSK_Perturbseq06_Cardiac_20260902/	CP_R3_mRNA_A2_2_IGO_18498_C_2_S5_L001_R2_001.fastq.gz	CP_R3_mRNA_A2_2_IGO_18498_C_2_S5_L001_R2_001.fastq.gz	fastq.gz	1	read2	89	CP_A2_mRNA	FAUCI2_0170	Gene Expression	msk_pooledseq_transcriptome	february-2018-3M	TRU	TRU	false			missing
Cardiac	MSK	2cbf283e-6379-4a24-9f38-8f3db74170f8	/MSK_Perturbseq06_Cardiac_20260902/	CP_R3_mRNA_A2_2_IGO_18498_C_2_S5_L002_I1_001.fastq.gz	CP_R3_mRNA_A2_2_IGO_18498_C_2_S5_L002_I1_001.fastq.gz	fastq.gz	2	index1	10	CP_A2_mRNA	FAUCI2_0170	Gene Expression	msk_pooledseq_transcriptome	february-2018-3M	TRU	TRU	false			missing
Cardiac	MSK	2cbf283e-6379-4a24-9f38-8f3db74170f8	/MSK_Perturbseq06_Cardiac_20260902/	CP_R3_mRNA_A2_2_IGO_18498_C_2_S5_L002_I2_001.fastq.gz	CP_R3_mRNA_A2_2_IGO_18498_C_2_S5_L002_I2_001.fastq.gz	fastq.gz	2	index2	10	CP_A2_mRNA	FAUCI2_0170	Gene Expression	msk_pooledseq_transcriptome	february-2018-3M	TRU	TRU	false			missing
Cardiac	MSK	2cbf283e-6379-4a24-9f38-8f3db74170f8	/MSK_Perturbseq06_Cardiac_20260902/	CP_R3_mRNA_A2_2_IGO_18498_C_2_S5_L002_R1_001.fastq.gz	CP_R3_mRNA_A2_2_IGO_18498_C_2_S5_L002_R1_001.fastq.gz	fastq.gz	2	read1	29	CP_A2_mRNA	FAUCI2_0170	Gene Expression	msk_pooledseq_transcriptome	february-2018-3M	TRU	TRU	false			missing
Cardiac	MSK	2cbf283e-6379-4a24-9f38-8f3db74170f8	/MSK_Perturbseq06_Cardiac_20260902/	CP_R3_mRNA_A2_2_IGO_18498_C_2_S5_L002_R2_001.fastq.gz	CP_R3_mRNA_A2_2_IGO_18498_C_2_S5_L002_R2_001.fastq.gz	fastq.gz	2	read2	89	CP_A2_mRNA	FAUCI2_0170	Gene Expression	msk_pooledseq_transcriptome	february-2018-3M	TRU	TRU	false			missing
Cardiac	MSK	2cbf283e-6379-4a24-9f38-8f3db74170f8	/MSK_Perturbseq06_Cardiac_20260902/	CP_R3_mRNA_A2_2_IGO_18498_C_2_S5_L003_I1_001.fastq.gz	CP_R3_mRNA_A2_2_IGO_18498_C_2_S5_L003_I1_001.fastq.gz	fastq.gz	3	index1	10	CP_A2_mRNA	FAUCI2_0170	Gene Expression	msk_pooledseq_transcriptome	february-2018-3M	TRU	TRU	false			missing
Cardiac	MSK	2cbf283e-6379-4a24-9f38-8f3db74170f8	/MSK_Perturbseq06_Cardiac_20260902/	CP_R3_mRNA_A2_2_IGO_18498_C_2_S5_L003_I2_001.fastq.gz	CP_R3_mRNA_A2_2_IGO_18498_C_2_S5_L003_I2_001.fastq.gz	fastq.gz	3	index2	10	CP_A2_mRNA	FAUCI2_0170	Gene Expression	msk_pooledseq_transcriptome	february-2018-3M	TRU	TRU	false			missing
Cardiac	MSK	2cbf283e-6379-4a24-9f38-8f3db74170f8	/MSK_Perturbseq06_Cardiac_20260902/	CP_R3_mRNA_A2_2_IGO_18498_C_2_S5_L003_R1_001.fastq.gz	CP_R3_mRNA_A2_2_IGO_18498_C_2_S5_L003_R1_001.fastq.gz	fastq.gz	3	read1	29	CP_A2_mRNA	FAUCI2_0170	Gene Expression	msk_pooledseq_transcriptome	february-2018-3M	TRU	TRU	false			missing
Cardiac	MSK	2cbf283e-6379-4a24-9f38-8f3db74170f8	/MSK_Perturbseq06_Cardiac_20260902/	CP_R3_mRNA_A2_2_IGO_18498_C_2_S5_L003_R2_001.fastq.gz	CP_R3_mRNA_A2_2_IGO_18498_C_2_S5_L003_R2_001.fastq.gz	fastq.gz	3	read2	89	CP_A2_mRNA	FAUCI2_0170	Gene Expression	msk_pooledseq_transcriptome	february-2018-3M	TRU	TRU	false			missing
Cardiac	MSK	2cbf283e-6379-4a24-9f38-8f3db74170f8	/MSK_Perturbseq06_Cardiac_20260902/	CP_R3_mRNA_A2_2_IGO_18498_C_2_S5_L004_I1_001.fastq.gz	CP_R3_mRNA_A2_2_IGO_18498_C_2_S5_L004_I1_001.fastq.gz	fastq.gz	4	index1	10	CP_A2_mRNA	FAUCI2_0170	Gene Expression	msk_pooledseq_transcriptome	february-2018-3M	TRU	TRU	false			missing
Cardiac	MSK	2cbf283e-6379-4a24-9f38-8f3db74170f8	/MSK_Perturbseq06_Cardiac_20260902/	CP_R3_mRNA_A2_2_IGO_18498_C_2_S5_L004_I2_001.fastq.gz	CP_R3_mRNA_A2_2_IGO_18498_C_2_S5_L004_I2_001.fastq.gz	fastq.gz	4	index2	10	CP_A2_mRNA	FAUCI2_0170	Gene Expression	msk_pooledseq_transcriptome	february-2018-3M	TRU	TRU	false			missing
Cardiac	MSK	2cbf283e-6379-4a24-9f38-8f3db74170f8	/MSK_Perturbseq06_Cardiac_20260902/	CP_R3_mRNA_A2_2_IGO_18498_C_2_S5_L004_R1_001.fastq.gz	CP_R3_mRNA_A2_2_IGO_18498_C_2_S5_L004_R1_001.fastq.gz	fastq.gz	4	read1	29	CP_A2_mRNA	FAUCI2_0170	Gene Expression	msk_pooledseq_transcriptome	february-2018-3M	TRU	TRU	false			missing
Cardiac	MSK	2cbf283e-6379-4a24-9f38-8f3db74170f8	/MSK_Perturbseq06_Cardiac_20260902/	CP_R3_mRNA_A2_2_IGO_18498_C_2_S5_L004_R2_001.fastq.gz	CP_R3_mRNA_A2_2_IGO_18498_C_2_S5_L004_R2_001.fastq.gz	fastq.gz	4	read2	89	CP_A2_mRNA	FAUCI2_0170	Gene Expression	msk_pooledseq_transcriptome	february-2018-3M	TRU	TRU	false			missing
Cardiac	MSK	2cbf283e-6379-4a24-9f38-8f3db74170f8	/MSK_Perturbseq06_Cardiac_20260902/	CP_R3_mRNA_A2_2_IGO_18498_C_2_S5_L005_I1_001.fastq.gz	CP_R3_mRNA_A2_2_IGO_18498_C_2_S5_L005_I1_001.fastq.gz	fastq.gz	5	index1	10	CP_A2_mRNA	FAUCI2_0170	Gene Expression	msk_pooledseq_transcriptome	february-2018-3M	TRU	TRU	false			missing
Cardiac	MSK	2cbf283e-6379-4a24-9f38-8f3db74170f8	/MSK_Perturbseq06_Cardiac_20260902/	CP_R3_mRNA_A2_2_IGO_18498_C_2_S5_L005_I2_001.fastq.gz	CP_R3_mRNA_A2_2_IGO_18498_C_2_S5_L005_I2_001.fastq.gz	fastq.gz	5	index2	10	CP_A2_mRNA	FAUCI2_0170	Gene Expression	msk_pooledseq_transcriptome	february-2018-3M	TRU	TRU	false			missing
Cardiac	MSK	2cbf283e-6379-4a24-9f38-8f3db74170f8	/MSK_Perturbseq06_Cardiac_20260902/	CP_R3_mRNA_A2_2_IGO_18498_C_2_S5_L005_R1_001.fastq.gz	CP_R3_mRNA_A2_2_IGO_18498_C_2_S5_L005_R1_001.fastq.gz	fastq.gz	5	read1	29	CP_A2_mRNA	FAUCI2_0170	Gene Expression	msk_pooledseq_transcriptome	february-2018-3M	TRU	TRU	false			missing
Cardiac	MSK	2cbf283e-6379-4a24-9f38-8f3db74170f8	/MSK_Perturbseq06_Cardiac_20260902/	CP_R3_mRNA_A2_2_IGO_18498_C_2_S5_L005_R2_001.fastq.gz	CP_R3_mRNA_A2_2_IGO_18498_C_2_S5_L005_R2_001.fastq.gz	fastq.gz	5	read2	89	CP_A2_mRNA	FAUCI2_0170	Gene Expression	msk_pooledseq_transcriptome	february-2018-3M	TRU	TRU	false			missing
Cardiac	MSK	2cbf283e-6379-4a24-9f38-8f3db74170f8	/MSK_Perturbseq06_Cardiac_20260902/	CP_R3_mRNA_A2_2_IGO_18498_C_2_S5_L006_I1_001.fastq.gz	CP_R3_mRNA_A2_2_IGO_18498_C_2_S5_L006_I1_001.fastq.gz	fastq.gz	6	index1	10	CP_A2_mRNA	FAUCI2_0170	Gene Expression	msk_pooledseq_transcriptome	february-2018-3M	TRU	TRU	false			missing
Cardiac	MSK	2cbf283e-6379-4a24-9f38-8f3db74170f8	/MSK_Perturbseq06_Cardiac_20260902/	CP_R3_mRNA_A2_2_IGO_18498_C_2_S5_L006_I2_001.fastq.gz	CP_R3_mRNA_A2_2_IGO_18498_C_2_S5_L006_I2_001.fastq.gz	fastq.gz	6	index2	10	CP_A2_mRNA	FAUCI2_0170	Gene Expression	msk_pooledseq_transcriptome	february-2018-3M	TRU	TRU	false			missing
Cardiac	MSK	2cbf283e-6379-4a24-9f38-8f3db74170f8	/MSK_Perturbseq06_Cardiac_20260902/	CP_R3_mRNA_A2_2_IGO_18498_C_2_S5_L006_R1_001.fastq.gz	CP_R3_mRNA_A2_2_IGO_18498_C_2_S5_L006_R1_001.fastq.gz	fastq.gz	6	read1	29	CP_A2_mRNA	FAUCI2_0170	Gene Expression	msk_pooledseq_transcriptome	february-2018-3M	TRU	TRU	false			missing
Cardiac	MSK	2cbf283e-6379-4a24-9f38-8f3db74170f8	/MSK_Perturbseq06_Cardiac_20260902/	CP_R3_mRNA_A2_2_IGO_18498_C_2_S5_L006_R2_001.fastq.gz	CP_R3_mRNA_A2_2_IGO_18498_C_2_S5_L006_R2_001.fastq.gz	fastq.gz	6	read2	89	CP_A2_mRNA	FAUCI2_0170	Gene Expression	msk_pooledseq_transcriptome	february-2018-3M	TRU	TRU	false			missing
Cardiac	MSK	2cbf283e-6379-4a24-9f38-8f3db74170f8	/MSK_Perturbseq06_Cardiac_20260902/	CP_R3_mRNA_A2_2_IGO_18498_C_2_S5_L007_I1_001.fastq.gz	CP_R3_mRNA_A2_2_IGO_18498_C_2_S5_L007_I1_001.fastq.gz	fastq.gz	7	index1	10	CP_A2_mRNA	FAUCI2_0170	Gene Expression	msk_pooledseq_transcriptome	february-2018-3M	TRU	TRU	false			missing
Cardiac	MSK	2cbf283e-6379-4a24-9f38-8f3db74170f8	/MSK_Perturbseq06_Cardiac_20260902/	CP_R3_mRNA_A2_2_IGO_18498_C_2_S5_L007_I2_001.fastq.gz	CP_R3_mRNA_A2_2_IGO_18498_C_2_S5_L007_I2_001.fastq.gz	fastq.gz	7	index2	10	CP_A2_mRNA	FAUCI2_0170	Gene Expression	msk_pooledseq_transcriptome	february-2018-3M	TRU	TRU	false			missing
Cardiac	MSK	2cbf283e-6379-4a24-9f38-8f3db74170f8	/MSK_Perturbseq06_Cardiac_20260902/	CP_R3_mRNA_A2_2_IGO_18498_C_2_S5_L007_R1_001.fastq.gz	CP_R3_mRNA_A2_2_IGO_18498_C_2_S5_L007_R1_001.fastq.gz	fastq.gz	7	read1	29	CP_A2_mRNA	FAUCI2_0170	Gene Expression	msk_pooledseq_transcriptome	february-2018-3M	TRU	TRU	false			missing
Cardiac	MSK	2cbf283e-6379-4a24-9f38-8f3db74170f8	/MSK_Perturbseq06_Cardiac_20260902/	CP_R3_mRNA_A2_2_IGO_18498_C_2_S5_L007_R2_001.fastq.gz	CP_R3_mRNA_A2_2_IGO_18498_C_2_S5_L007_R2_001.fastq.gz	fastq.gz	7	read2	89	CP_A2_mRNA	FAUCI2_0170	Gene Expression	msk_pooledseq_transcriptome	february-2018-3M	TRU	TRU	false			missing
Cardiac	MSK	2cbf283e-6379-4a24-9f38-8f3db74170f8	/MSK_Perturbseq06_Cardiac_20260902/	CP_R3_mRNA_A2_2_IGO_18498_C_2_S5_L008_I1_001.fastq.gz	CP_R3_mRNA_A2_2_IGO_18498_C_2_S5_L008_I1_001.fastq.gz	fastq.gz	8	index1	10	CP_A2_mRNA	FAUCI2_0170	Gene Expression	msk_pooledseq_transcriptome	february-2018-3M	TRU	TRU	false			missing
Cardiac	MSK	2cbf283e-6379-4a24-9f38-8f3db74170f8	/MSK_Perturbseq06_Cardiac_20260902/	CP_R3_mRNA_A2_2_IGO_18498_C_2_S5_L008_I2_001.fastq.gz	CP_R3_mRNA_A2_2_IGO_18498_C_2_S5_L008_I2_001.fastq.gz	fastq.gz	8	index2	10	CP_A2_mRNA	FAUCI2_0170	Gene Expression	msk_pooledseq_transcriptome	february-2018-3M	TRU	TRU	false			missing
Cardiac	MSK	2cbf283e-6379-4a24-9f38-8f3db74170f8	/MSK_Perturbseq06_Cardiac_20260902/	CP_R3_mRNA_A2_2_IGO_18498_C_2_S5_L008_R1_001.fastq.gz	CP_R3_mRNA_A2_2_IGO_18498_C_2_S5_L008_R1_001.fastq.gz	fastq.gz	8	read1	29	CP_A2_mRNA	FAUCI2_0170	Gene Expression	msk_pooledseq_transcriptome	february-2018-3M	TRU	TRU	false			missing
Cardiac	MSK	2cbf283e-6379-4a24-9f38-8f3db74170f8	/MSK_Perturbseq06_Cardiac_20260902/	CP_R3_mRNA_A2_2_IGO_18498_C_2_S5_L008_R2_001.fastq.gz	CP_R3_mRNA_A2_2_IGO_18498_C_2_S5_L008_R2_001.fastq.gz	fastq.gz	8	read2	89	CP_A2_mRNA	FAUCI2_0170	Gene Expression	msk_pooledseq_transcriptome	february-2018-3M	TRU	TRU	false			missing
Cardiac	MSK	2cbf283e-6379-4a24-9f38-8f3db74170f8	/MSK_Perturbseq06_Cardiac_20260902/	CP_R3_gRNA_A3_IGO_18498_11_S5_L001_I1_001.fastq.gz	CP_R3_gRNA_A3_IGO_18498_11_S5_L001_I1_001.fastq.gz	fastq.gz	1	index1	10	CP_A3_gRNA	BONO_0157	CRISPR Guide Capture	msk_pooledseq_polyIII	february-2018-3M	NXT	TRU	false			missing
Cardiac	MSK	2cbf283e-6379-4a24-9f38-8f3db74170f8	/MSK_Perturbseq06_Cardiac_20260902/	CP_R3_gRNA_A3_IGO_18498_11_S5_L001_I2_001.fastq.gz	CP_R3_gRNA_A3_IGO_18498_11_S5_L001_I2_001.fastq.gz	fastq.gz	1	index2	10	CP_A3_gRNA	BONO_0157	CRISPR Guide Capture	msk_pooledseq_polyIII	february-2018-3M	NXT	TRU	false			missing
Cardiac	MSK	2cbf283e-6379-4a24-9f38-8f3db74170f8	/MSK_Perturbseq06_Cardiac_20260902/	CP_R3_gRNA_A3_IGO_18498_11_S5_L001_R1_001.fastq.gz	CP_R3_gRNA_A3_IGO_18498_11_S5_L001_R1_001.fastq.gz	fastq.gz	1	read1	29	CP_A3_gRNA	BONO_0157	CRISPR Guide Capture	msk_pooledseq_polyIII	february-2018-3M	NXT	TRU	false			missing
Cardiac	MSK	2cbf283e-6379-4a24-9f38-8f3db74170f8	/MSK_Perturbseq06_Cardiac_20260902/	CP_R3_gRNA_A3_IGO_18498_11_S5_L001_R2_001.fastq.gz	CP_R3_gRNA_A3_IGO_18498_11_S5_L001_R2_001.fastq.gz	fastq.gz	1	read2	89	CP_A3_gRNA	BONO_0157	CRISPR Guide Capture	msk_pooledseq_polyIII	february-2018-3M	NXT	TRU	false			missing
Cardiac	MSK	2cbf283e-6379-4a24-9f38-8f3db74170f8	/MSK_Perturbseq06_Cardiac_20260902/	CP_R3_gRNA_A3_IGO_18498_11_S5_L002_I1_001.fastq.gz	CP_R3_gRNA_A3_IGO_18498_11_S5_L002_I1_001.fastq.gz	fastq.gz	2	index1	10	CP_A3_gRNA	BONO_0157	CRISPR Guide Capture	msk_pooledseq_polyIII	february-2018-3M	NXT	TRU	false			missing
Cardiac	MSK	2cbf283e-6379-4a24-9f38-8f3db74170f8	/MSK_Perturbseq06_Cardiac_20260902/	CP_R3_gRNA_A3_IGO_18498_11_S5_L002_I2_001.fastq.gz	CP_R3_gRNA_A3_IGO_18498_11_S5_L002_I2_001.fastq.gz	fastq.gz	2	index2	10	CP_A3_gRNA	BONO_0157	CRISPR Guide Capture	msk_pooledseq_polyIII	february-2018-3M	NXT	TRU	false			missing
Cardiac	MSK	2cbf283e-6379-4a24-9f38-8f3db74170f8	/MSK_Perturbseq06_Cardiac_20260902/	CP_R3_gRNA_A3_IGO_18498_11_S5_L002_R1_001.fastq.gz	CP_R3_gRNA_A3_IGO_18498_11_S5_L002_R1_001.fastq.gz	fastq.gz	2	read1	29	CP_A3_gRNA	BONO_0157	CRISPR Guide Capture	msk_pooledseq_polyIII	february-2018-3M	NXT	TRU	false			missing
Cardiac	MSK	2cbf283e-6379-4a24-9f38-8f3db74170f8	/MSK_Perturbseq06_Cardiac_20260902/	CP_R3_gRNA_A3_IGO_18498_11_S5_L002_R2_001.fastq.gz	CP_R3_gRNA_A3_IGO_18498_11_S5_L002_R2_001.fastq.gz	fastq.gz	2	read2	89	CP_A3_gRNA	BONO_0157	CRISPR Guide Capture	msk_pooledseq_polyIII	february-2018-3M	NXT	TRU	false			missing
Cardiac	MSK	2cbf283e-6379-4a24-9f38-8f3db74170f8	/MSK_Perturbseq06_Cardiac_20260902/	CP_R3_gRNA_A3_IGO_18498_11_S5_L003_I1_001.fastq.gz	CP_R3_gRNA_A3_IGO_18498_11_S5_L003_I1_001.fastq.gz	fastq.gz	3	index1	10	CP_A3_gRNA	BONO_0157	CRISPR Guide Capture	msk_pooledseq_polyIII	february-2018-3M	NXT	TRU	false			missing
Cardiac	MSK	2cbf283e-6379-4a24-9f38-8f3db74170f8	/MSK_Perturbseq06_Cardiac_20260902/	CP_R3_gRNA_A3_IGO_18498_11_S5_L003_I2_001.fastq.gz	CP_R3_gRNA_A3_IGO_18498_11_S5_L003_I2_001.fastq.gz	fastq.gz	3	index2	10	CP_A3_gRNA	BONO_0157	CRISPR Guide Capture	msk_pooledseq_polyIII	february-2018-3M	NXT	TRU	false			missing
Cardiac	MSK	2cbf283e-6379-4a24-9f38-8f3db74170f8	/MSK_Perturbseq06_Cardiac_20260902/	CP_R3_gRNA_A3_IGO_18498_11_S5_L003_R1_001.fastq.gz	CP_R3_gRNA_A3_IGO_18498_11_S5_L003_R1_001.fastq.gz	fastq.gz	3	read1	29	CP_A3_gRNA	BONO_0157	CRISPR Guide Capture	msk_pooledseq_polyIII	february-2018-3M	NXT	TRU	false			missing
Cardiac	MSK	2cbf283e-6379-4a24-9f38-8f3db74170f8	/MSK_Perturbseq06_Cardiac_20260902/	CP_R3_gRNA_A3_IGO_18498_11_S5_L003_R2_001.fastq.gz	CP_R3_gRNA_A3_IGO_18498_11_S5_L003_R2_001.fastq.gz	fastq.gz	3	read2	89	CP_A3_gRNA	BONO_0157	CRISPR Guide Capture	msk_pooledseq_polyIII	february-2018-3M	NXT	TRU	false			missing
Cardiac	MSK	2cbf283e-6379-4a24-9f38-8f3db74170f8	/MSK_Perturbseq06_Cardiac_20260902/	CP_R3_gRNA_A3_IGO_18498_11_S5_L004_I1_001.fastq.gz	CP_R3_gRNA_A3_IGO_18498_11_S5_L004_I1_001.fastq.gz	fastq.gz	4	index1	10	CP_A3_gRNA	BONO_0157	CRISPR Guide Capture	msk_pooledseq_polyIII	february-2018-3M	NXT	TRU	false			missing
Cardiac	MSK	2cbf283e-6379-4a24-9f38-8f3db74170f8	/MSK_Perturbseq06_Cardiac_20260902/	CP_R3_gRNA_A3_IGO_18498_11_S5_L004_I2_001.fastq.gz	CP_R3_gRNA_A3_IGO_18498_11_S5_L004_I2_001.fastq.gz	fastq.gz	4	index2	10	CP_A3_gRNA	BONO_0157	CRISPR Guide Capture	msk_pooledseq_polyIII	february-2018-3M	NXT	TRU	false			missing
Cardiac	MSK	2cbf283e-6379-4a24-9f38-8f3db74170f8	/MSK_Perturbseq06_Cardiac_20260902/	CP_R3_gRNA_A3_IGO_18498_11_S5_L004_R1_001.fastq.gz	CP_R3_gRNA_A3_IGO_18498_11_S5_L004_R1_001.fastq.gz	fastq.gz	4	read1	29	CP_A3_gRNA	BONO_0157	CRISPR Guide Capture	msk_pooledseq_polyIII	february-2018-3M	NXT	TRU	false			missing
Cardiac	MSK	2cbf283e-6379-4a24-9f38-8f3db74170f8	/MSK_Perturbseq06_Cardiac_20260902/	CP_R3_gRNA_A3_IGO_18498_11_S5_L004_R2_001.fastq.gz	CP_R3_gRNA_A3_IGO_18498_11_S5_L004_R2_001.fastq.gz	fastq.gz	4	read2	89	CP_A3_gRNA	BONO_0157	CRISPR Guide Capture	msk_pooledseq_polyIII	february-2018-3M	NXT	TRU	false			missing
Cardiac	MSK	2cbf283e-6379-4a24-9f38-8f3db74170f8	/MSK_Perturbseq06_Cardiac_20260902/	CP_R3_gRNA_A3_IGO_18498_11_S5_L005_I1_001.fastq.gz	CP_R3_gRNA_A3_IGO_18498_11_S5_L005_I1_001.fastq.gz	fastq.gz	5	index1	10	CP_A3_gRNA	BONO_0157	CRISPR Guide Capture	msk_pooledseq_polyIII	february-2018-3M	NXT	TRU	false			missing
Cardiac	MSK	2cbf283e-6379-4a24-9f38-8f3db74170f8	/MSK_Perturbseq06_Cardiac_20260902/	CP_R3_gRNA_A3_IGO_18498_11_S5_L005_I2_001.fastq.gz	CP_R3_gRNA_A3_IGO_18498_11_S5_L005_I2_001.fastq.gz	fastq.gz	5	index2	10	CP_A3_gRNA	BONO_0157	CRISPR Guide Capture	msk_pooledseq_polyIII	february-2018-3M	NXT	TRU	false			missing
Cardiac	MSK	2cbf283e-6379-4a24-9f38-8f3db74170f8	/MSK_Perturbseq06_Cardiac_20260902/	CP_R3_gRNA_A3_IGO_18498_11_S5_L005_R1_001.fastq.gz	CP_R3_gRNA_A3_IGO_18498_11_S5_L005_R1_001.fastq.gz	fastq.gz	5	read1	29	CP_A3_gRNA	BONO_0157	CRISPR Guide Capture	msk_pooledseq_polyIII	february-2018-3M	NXT	TRU	false			missing
Cardiac	MSK	2cbf283e-6379-4a24-9f38-8f3db74170f8	/MSK_Perturbseq06_Cardiac_20260902/	CP_R3_gRNA_A3_IGO_18498_11_S5_L005_R2_001.fastq.gz	CP_R3_gRNA_A3_IGO_18498_11_S5_L005_R2_001.fastq.gz	fastq.gz	5	read2	89	CP_A3_gRNA	BONO_0157	CRISPR Guide Capture	msk_pooledseq_polyIII	february-2018-3M	NXT	TRU	false			missing
Cardiac	MSK	2cbf283e-6379-4a24-9f38-8f3db74170f8	/MSK_Perturbseq06_Cardiac_20260902/	CP_R3_gRNA_A3_IGO_18498_11_S5_L006_I1_001.fastq.gz	CP_R3_gRNA_A3_IGO_18498_11_S5_L006_I1_001.fastq.gz	fastq.gz	6	index1	10	CP_A3_gRNA	BONO_0157	CRISPR Guide Capture	msk_pooledseq_polyIII	february-2018-3M	NXT	TRU	false			missing
Cardiac	MSK	2cbf283e-6379-4a24-9f38-8f3db74170f8	/MSK_Perturbseq06_Cardiac_20260902/	CP_R3_gRNA_A3_IGO_18498_11_S5_L006_I2_001.fastq.gz	CP_R3_gRNA_A3_IGO_18498_11_S5_L006_I2_001.fastq.gz	fastq.gz	6	index2	10	CP_A3_gRNA	BONO_0157	CRISPR Guide Capture	msk_pooledseq_polyIII	february-2018-3M	NXT	TRU	false			missing
Cardiac	MSK	2cbf283e-6379-4a24-9f38-8f3db74170f8	/MSK_Perturbseq06_Cardiac_20260902/	CP_R3_gRNA_A3_IGO_18498_11_S5_L006_R1_001.fastq.gz	CP_R3_gRNA_A3_IGO_18498_11_S5_L006_R1_001.fastq.gz	fastq.gz	6	read1	29	CP_A3_gRNA	BONO_0157	CRISPR Guide Capture	msk_pooledseq_polyIII	february-2018-3M	NXT	TRU	false			missing
Cardiac	MSK	2cbf283e-6379-4a24-9f38-8f3db74170f8	/MSK_Perturbseq06_Cardiac_20260902/	CP_R3_gRNA_A3_IGO_18498_11_S5_L006_R2_001.fastq.gz	CP_R3_gRNA_A3_IGO_18498_11_S5_L006_R2_001.fastq.gz	fastq.gz	6	read2	89	CP_A3_gRNA	BONO_0157	CRISPR Guide Capture	msk_pooledseq_polyIII	february-2018-3M	NXT	TRU	false			missing
Cardiac	MSK	2cbf283e-6379-4a24-9f38-8f3db74170f8	/MSK_Perturbseq06_Cardiac_20260902/	CP_R3_gRNA_A3_IGO_18498_11_S5_L007_I1_001.fastq.gz	CP_R3_gRNA_A3_IGO_18498_11_S5_L007_I1_001.fastq.gz	fastq.gz	7	index1	10	CP_A3_gRNA	BONO_0157	CRISPR Guide Capture	msk_pooledseq_polyIII	february-2018-3M	NXT	TRU	false			missing
Cardiac	MSK	2cbf283e-6379-4a24-9f38-8f3db74170f8	/MSK_Perturbseq06_Cardiac_20260902/	CP_R3_gRNA_A3_IGO_18498_11_S5_L007_I2_001.fastq.gz	CP_R3_gRNA_A3_IGO_18498_11_S5_L007_I2_001.fastq.gz	fastq.gz	7	index2	10	CP_A3_gRNA	BONO_0157	CRISPR Guide Capture	msk_pooledseq_polyIII	february-2018-3M	NXT	TRU	false			missing
Cardiac	MSK	2cbf283e-6379-4a24-9f38-8f3db74170f8	/MSK_Perturbseq06_Cardiac_20260902/	CP_R3_gRNA_A3_IGO_18498_11_S5_L007_R1_001.fastq.gz	CP_R3_gRNA_A3_IGO_18498_11_S5_L007_R1_001.fastq.gz	fastq.gz	7	read1	29	CP_A3_gRNA	BONO_0157	CRISPR Guide Capture	msk_pooledseq_polyIII	february-2018-3M	NXT	TRU	false			missing
Cardiac	MSK	2cbf283e-6379-4a24-9f38-8f3db74170f8	/MSK_Perturbseq06_Cardiac_20260902/	CP_R3_gRNA_A3_IGO_18498_11_S5_L007_R2_001.fastq.gz	CP_R3_gRNA_A3_IGO_18498_11_S5_L007_R2_001.fastq.gz	fastq.gz	7	read2	89	CP_A3_gRNA	BONO_0157	CRISPR Guide Capture	msk_pooledseq_polyIII	february-2018-3M	NXT	TRU	false			missing
Cardiac	MSK	2cbf283e-6379-4a24-9f38-8f3db74170f8	/MSK_Perturbseq06_Cardiac_20260902/	CP_R3_gRNA_A3_IGO_18498_11_S5_L008_I1_001.fastq.gz	CP_R3_gRNA_A3_IGO_18498_11_S5_L008_I1_001.fastq.gz	fastq.gz	8	index1	10	CP_A3_gRNA	BONO_0157	CRISPR Guide Capture	msk_pooledseq_polyIII	february-2018-3M	NXT	TRU	false			missing
Cardiac	MSK	2cbf283e-6379-4a24-9f38-8f3db74170f8	/MSK_Perturbseq06_Cardiac_20260902/	CP_R3_gRNA_A3_IGO_18498_11_S5_L008_I2_001.fastq.gz	CP_R3_gRNA_A3_IGO_18498_11_S5_L008_I2_001.fastq.gz	fastq.gz	8	index2	10	CP_A3_gRNA	BONO_0157	CRISPR Guide Capture	msk_pooledseq_polyIII	february-2018-3M	NXT	TRU	false			missing
Cardiac	MSK	2cbf283e-6379-4a24-9f38-8f3db74170f8	/MSK_Perturbseq06_Cardiac_20260902/	CP_R3_gRNA_A3_IGO_18498_11_S5_L008_R1_001.fastq.gz	CP_R3_gRNA_A3_IGO_18498_11_S5_L008_R1_001.fastq.gz	fastq.gz	8	read1	29	CP_A3_gRNA	BONO_0157	CRISPR Guide Capture	msk_pooledseq_polyIII	february-2018-3M	NXT	TRU	false			missing
Cardiac	MSK	2cbf283e-6379-4a24-9f38-8f3db74170f8	/MSK_Perturbseq06_Cardiac_20260902/	CP_R3_gRNA_A3_IGO_18498_11_S5_L008_R2_001.fastq.gz	CP_R3_gRNA_A3_IGO_18498_11_S5_L008_R2_001.fastq.gz	fastq.gz	8	read2	89	CP_A3_gRNA	BONO_0157	CRISPR Guide Capture	msk_pooledseq_polyIII	february-2018-3M	NXT	TRU	false			missing
Cardiac	MSK	2cbf283e-6379-4a24-9f38-8f3db74170f8	/MSK_Perturbseq06_Cardiac_20260902/	CP_R3_mRNA_A3_2_IGO_18498_B_3_S18_L001_I1_001.fastq.gz	CP_R3_mRNA_A3_2_IGO_18498_B_3_S18_L001_I1_001.fastq.gz	fastq.gz	1	index1	10	CP_A3_mRNA	BONO_0157	Gene Expression	msk_pooledseq_transcriptome	february-2018-3M	TRU	TRU	false			missing
Cardiac	MSK	2cbf283e-6379-4a24-9f38-8f3db74170f8	/MSK_Perturbseq06_Cardiac_20260902/	CP_R3_mRNA_A3_2_IGO_18498_B_3_S18_L001_I2_001.fastq.gz	CP_R3_mRNA_A3_2_IGO_18498_B_3_S18_L001_I2_001.fastq.gz	fastq.gz	1	index2	10	CP_A3_mRNA	BONO_0157	Gene Expression	msk_pooledseq_transcriptome	february-2018-3M	TRU	TRU	false			missing
Cardiac	MSK	2cbf283e-6379-4a24-9f38-8f3db74170f8	/MSK_Perturbseq06_Cardiac_20260902/	CP_R3_mRNA_A3_2_IGO_18498_B_3_S18_L001_R1_001.fastq.gz	CP_R3_mRNA_A3_2_IGO_18498_B_3_S18_L001_R1_001.fastq.gz	fastq.gz	1	read1	29	CP_A3_mRNA	BONO_0157	Gene Expression	msk_pooledseq_transcriptome	february-2018-3M	TRU	TRU	false			missing
Cardiac	MSK	2cbf283e-6379-4a24-9f38-8f3db74170f8	/MSK_Perturbseq06_Cardiac_20260902/	CP_R3_mRNA_A3_2_IGO_18498_B_3_S18_L001_R2_001.fastq.gz	CP_R3_mRNA_A3_2_IGO_18498_B_3_S18_L001_R2_001.fastq.gz	fastq.gz	1	read2	89	CP_A3_mRNA	BONO_0157	Gene Expression	msk_pooledseq_transcriptome	february-2018-3M	TRU	TRU	false			missing
Cardiac	MSK	2cbf283e-6379-4a24-9f38-8f3db74170f8	/MSK_Perturbseq06_Cardiac_20260902/	CP_R3_mRNA_A3_2_IGO_18498_B_3_S18_L002_I1_001.fastq.gz	CP_R3_mRNA_A3_2_IGO_18498_B_3_S18_L002_I1_001.fastq.gz	fastq.gz	2	index1	10	CP_A3_mRNA	BONO_0157	Gene Expression	msk_pooledseq_transcriptome	february-2018-3M	TRU	TRU	false			missing
Cardiac	MSK	2cbf283e-6379-4a24-9f38-8f3db74170f8	/MSK_Perturbseq06_Cardiac_20260902/	CP_R3_mRNA_A3_2_IGO_18498_B_3_S18_L002_I2_001.fastq.gz	CP_R3_mRNA_A3_2_IGO_18498_B_3_S18_L002_I2_001.fastq.gz	fastq.gz	2	index2	10	CP_A3_mRNA	BONO_0157	Gene Expression	msk_pooledseq_transcriptome	february-2018-3M	TRU	TRU	false			missing
Cardiac	MSK	2cbf283e-6379-4a24-9f38-8f3db74170f8	/MSK_Perturbseq06_Cardiac_20260902/	CP_R3_mRNA_A3_2_IGO_18498_B_3_S18_L002_R1_001.fastq.gz	CP_R3_mRNA_A3_2_IGO_18498_B_3_S18_L002_R1_001.fastq.gz	fastq.gz	2	read1	29	CP_A3_mRNA	BONO_0157	Gene Expression	msk_pooledseq_transcriptome	february-2018-3M	TRU	TRU	false			missing
Cardiac	MSK	2cbf283e-6379-4a24-9f38-8f3db74170f8	/MSK_Perturbseq06_Cardiac_20260902/	CP_R3_mRNA_A3_2_IGO_18498_B_3_S18_L002_R2_001.fastq.gz	CP_R3_mRNA_A3_2_IGO_18498_B_3_S18_L002_R2_001.fastq.gz	fastq.gz	2	read2	89	CP_A3_mRNA	BONO_0157	Gene Expression	msk_pooledseq_transcriptome	february-2018-3M	TRU	TRU	false			missing
Cardiac	MSK	2cbf283e-6379-4a24-9f38-8f3db74170f8	/MSK_Perturbseq06_Cardiac_20260902/	CP_R3_mRNA_A3_2_IGO_18498_B_3_S18_L003_I1_001.fastq.gz	CP_R3_mRNA_A3_2_IGO_18498_B_3_S18_L003_I1_001.fastq.gz	fastq.gz	3	index1	10	CP_A3_mRNA	BONO_0157	Gene Expression	msk_pooledseq_transcriptome	february-2018-3M	TRU	TRU	false			missing
Cardiac	MSK	2cbf283e-6379-4a24-9f38-8f3db74170f8	/MSK_Perturbseq06_Cardiac_20260902/	CP_R3_mRNA_A3_2_IGO_18498_B_3_S18_L003_I2_001.fastq.gz	CP_R3_mRNA_A3_2_IGO_18498_B_3_S18_L003_I2_001.fastq.gz	fastq.gz	3	index2	10	CP_A3_mRNA	BONO_0157	Gene Expression	msk_pooledseq_transcriptome	february-2018-3M	TRU	TRU	false			missing
Cardiac	MSK	2cbf283e-6379-4a24-9f38-8f3db74170f8	/MSK_Perturbseq06_Cardiac_20260902/	CP_R3_mRNA_A3_2_IGO_18498_B_3_S18_L003_R1_001.fastq.gz	CP_R3_mRNA_A3_2_IGO_18498_B_3_S18_L003_R1_001.fastq.gz	fastq.gz	3	read1	29	CP_A3_mRNA	BONO_0157	Gene Expression	msk_pooledseq_transcriptome	february-2018-3M	TRU	TRU	false			missing
Cardiac	MSK	2cbf283e-6379-4a24-9f38-8f3db74170f8	/MSK_Perturbseq06_Cardiac_20260902/	CP_R3_mRNA_A3_2_IGO_18498_B_3_S18_L003_R2_001.fastq.gz	CP_R3_mRNA_A3_2_IGO_18498_B_3_S18_L003_R2_001.fastq.gz	fastq.gz	3	read2	89	CP_A3_mRNA	BONO_0157	Gene Expression	msk_pooledseq_transcriptome	february-2018-3M	TRU	TRU	false			missing
Cardiac	MSK	2cbf283e-6379-4a24-9f38-8f3db74170f8	/MSK_Perturbseq06_Cardiac_20260902/	CP_R3_mRNA_A3_2_IGO_18498_B_3_S18_L004_I1_001.fastq.gz	CP_R3_mRNA_A3_2_IGO_18498_B_3_S18_L004_I1_001.fastq.gz	fastq.gz	4	index1	10	CP_A3_mRNA	BONO_0157	Gene Expression	msk_pooledseq_transcriptome	february-2018-3M	TRU	TRU	false			missing
Cardiac	MSK	2cbf283e-6379-4a24-9f38-8f3db74170f8	/MSK_Perturbseq06_Cardiac_20260902/	CP_R3_mRNA_A3_2_IGO_18498_B_3_S18_L004_I2_001.fastq.gz	CP_R3_mRNA_A3_2_IGO_18498_B_3_S18_L004_I2_001.fastq.gz	fastq.gz	4	index2	10	CP_A3_mRNA	BONO_0157	Gene Expression	msk_pooledseq_transcriptome	february-2018-3M	TRU	TRU	false			missing
Cardiac	MSK	2cbf283e-6379-4a24-9f38-8f3db74170f8	/MSK_Perturbseq06_Cardiac_20260902/	CP_R3_mRNA_A3_2_IGO_18498_B_3_S18_L004_R1_001.fastq.gz	CP_R3_mRNA_A3_2_IGO_18498_B_3_S18_L004_R1_001.fastq.gz	fastq.gz	4	read1	29	CP_A3_mRNA	BONO_0157	Gene Expression	msk_pooledseq_transcriptome	february-2018-3M	TRU	TRU	false			missing
Cardiac	MSK	2cbf283e-6379-4a24-9f38-8f3db74170f8	/MSK_Perturbseq06_Cardiac_20260902/	CP_R3_mRNA_A3_2_IGO_18498_B_3_S18_L004_R2_001.fastq.gz	CP_R3_mRNA_A3_2_IGO_18498_B_3_S18_L004_R2_001.fastq.gz	fastq.gz	4	read2	89	CP_A3_mRNA	BONO_0157	Gene Expression	msk_pooledseq_transcriptome	february-2018-3M	TRU	TRU	false			missing
Cardiac	MSK	2cbf283e-6379-4a24-9f38-8f3db74170f8	/MSK_Perturbseq06_Cardiac_20260902/	CP_R3_mRNA_A3_2_IGO_18498_B_3_S18_L005_I1_001.fastq.gz	CP_R3_mRNA_A3_2_IGO_18498_B_3_S18_L005_I1_001.fastq.gz	fastq.gz	5	index1	10	CP_A3_mRNA	BONO_0157	Gene Expression	msk_pooledseq_transcriptome	february-2018-3M	TRU	TRU	false			missing
Cardiac	MSK	2cbf283e-6379-4a24-9f38-8f3db74170f8	/MSK_Perturbseq06_Cardiac_20260902/	CP_R3_mRNA_A3_2_IGO_18498_B_3_S18_L005_I2_001.fastq.gz	CP_R3_mRNA_A3_2_IGO_18498_B_3_S18_L005_I2_001.fastq.gz	fastq.gz	5	index2	10	CP_A3_mRNA	BONO_0157	Gene Expression	msk_pooledseq_transcriptome	february-2018-3M	TRU	TRU	false			missing
Cardiac	MSK	2cbf283e-6379-4a24-9f38-8f3db74170f8	/MSK_Perturbseq06_Cardiac_20260902/	CP_R3_mRNA_A3_2_IGO_18498_B_3_S18_L005_R1_001.fastq.gz	CP_R3_mRNA_A3_2_IGO_18498_B_3_S18_L005_R1_001.fastq.gz	fastq.gz	5	read1	29	CP_A3_mRNA	BONO_0157	Gene Expression	msk_pooledseq_transcriptome	february-2018-3M	TRU	TRU	false			missing
Cardiac	MSK	2cbf283e-6379-4a24-9f38-8f3db74170f8	/MSK_Perturbseq06_Cardiac_20260902/	CP_R3_mRNA_A3_2_IGO_18498_B_3_S18_L005_R2_001.fastq.gz	CP_R3_mRNA_A3_2_IGO_18498_B_3_S18_L005_R2_001.fastq.gz	fastq.gz	5	read2	89	CP_A3_mRNA	BONO_0157	Gene Expression	msk_pooledseq_transcriptome	february-2018-3M	TRU	TRU	false			missing
Cardiac	MSK	2cbf283e-6379-4a24-9f38-8f3db74170f8	/MSK_Perturbseq06_Cardiac_20260902/	CP_R3_mRNA_A3_2_IGO_18498_B_3_S18_L006_I1_001.fastq.gz	CP_R3_mRNA_A3_2_IGO_18498_B_3_S18_L006_I1_001.fastq.gz	fastq.gz	6	index1	10	CP_A3_mRNA	BONO_0157	Gene Expression	msk_pooledseq_transcriptome	february-2018-3M	TRU	TRU	false			missing
Cardiac	MSK	2cbf283e-6379-4a24-9f38-8f3db74170f8	/MSK_Perturbseq06_Cardiac_20260902/	CP_R3_mRNA_A3_2_IGO_18498_B_3_S18_L006_I2_001.fastq.gz	CP_R3_mRNA_A3_2_IGO_18498_B_3_S18_L006_I2_001.fastq.gz	fastq.gz	6	index2	10	CP_A3_mRNA	BONO_0157	Gene Expression	msk_pooledseq_transcriptome	february-2018-3M	TRU	TRU	false			missing
Cardiac	MSK	2cbf283e-6379-4a24-9f38-8f3db74170f8	/MSK_Perturbseq06_Cardiac_20260902/	CP_R3_mRNA_A3_2_IGO_18498_B_3_S18_L006_R1_001.fastq.gz	CP_R3_mRNA_A3_2_IGO_18498_B_3_S18_L006_R1_001.fastq.gz	fastq.gz	6	read1	29	CP_A3_mRNA	BONO_0157	Gene Expression	msk_pooledseq_transcriptome	february-2018-3M	TRU	TRU	false			missing
Cardiac	MSK	2cbf283e-6379-4a24-9f38-8f3db74170f8	/MSK_Perturbseq06_Cardiac_20260902/	CP_R3_mRNA_A3_2_IGO_18498_B_3_S18_L006_R2_001.fastq.gz	CP_R3_mRNA_A3_2_IGO_18498_B_3_S18_L006_R2_001.fastq.gz	fastq.gz	6	read2	89	CP_A3_mRNA	BONO_0157	Gene Expression	msk_pooledseq_transcriptome	february-2018-3M	TRU	TRU	false			missing
Cardiac	MSK	2cbf283e-6379-4a24-9f38-8f3db74170f8	/MSK_Perturbseq06_Cardiac_20260902/	CP_R3_mRNA_A3_2_IGO_18498_B_3_S18_L007_I1_001.fastq.gz	CP_R3_mRNA_A3_2_IGO_18498_B_3_S18_L007_I1_001.fastq.gz	fastq.gz	7	index1	10	CP_A3_mRNA	BONO_0157	Gene Expression	msk_pooledseq_transcriptome	february-2018-3M	TRU	TRU	false			missing
Cardiac	MSK	2cbf283e-6379-4a24-9f38-8f3db74170f8	/MSK_Perturbseq06_Cardiac_20260902/	CP_R3_mRNA_A3_2_IGO_18498_B_3_S18_L007_I2_001.fastq.gz	CP_R3_mRNA_A3_2_IGO_18498_B_3_S18_L007_I2_001.fastq.gz	fastq.gz	7	index2	10	CP_A3_mRNA	BONO_0157	Gene Expression	msk_pooledseq_transcriptome	february-2018-3M	TRU	TRU	false			missing
Cardiac	MSK	2cbf283e-6379-4a24-9f38-8f3db74170f8	/MSK_Perturbseq06_Cardiac_20260902/	CP_R3_mRNA_A3_2_IGO_18498_B_3_S18_L007_R1_001.fastq.gz	CP_R3_mRNA_A3_2_IGO_18498_B_3_S18_L007_R1_001.fastq.gz	fastq.gz	7	read1	29	CP_A3_mRNA	BONO_0157	Gene Expression	msk_pooledseq_transcriptome	february-2018-3M	TRU	TRU	false			missing
Cardiac	MSK	2cbf283e-6379-4a24-9f38-8f3db74170f8	/MSK_Perturbseq06_Cardiac_20260902/	CP_R3_mRNA_A3_2_IGO_18498_B_3_S18_L007_R2_001.fastq.gz	CP_R3_mRNA_A3_2_IGO_18498_B_3_S18_L007_R2_001.fastq.gz	fastq.gz	7	read2	89	CP_A3_mRNA	BONO_0157	Gene Expression	msk_pooledseq_transcriptome	february-2018-3M	TRU	TRU	false			missing
Cardiac	MSK	2cbf283e-6379-4a24-9f38-8f3db74170f8	/MSK_Perturbseq06_Cardiac_20260902/	CP_R3_mRNA_A3_2_IGO_18498_B_3_S18_L008_I1_001.fastq.gz	CP_R3_mRNA_A3_2_IGO_18498_B_3_S18_L008_I1_001.fastq.gz	fastq.gz	8	index1	10	CP_A3_mRNA	BONO_0157	Gene Expression	msk_pooledseq_transcriptome	february-2018-3M	TRU	TRU	false			missing
Cardiac	MSK	2cbf283e-6379-4a24-9f38-8f3db74170f8	/MSK_Perturbseq06_Cardiac_20260902/	CP_R3_mRNA_A3_2_IGO_18498_B_3_S18_L008_I2_001.fastq.gz	CP_R3_mRNA_A3_2_IGO_18498_B_3_S18_L008_I2_001.fastq.gz	fastq.gz	8	index2	10	CP_A3_mRNA	BONO_0157	Gene Expression	msk_pooledseq_transcriptome	february-2018-3M	TRU	TRU	false			missing
Cardiac	MSK	2cbf283e-6379-4a24-9f38-8f3db74170f8	/MSK_Perturbseq06_Cardiac_20260902/	CP_R3_mRNA_A3_2_IGO_18498_B_3_S18_L008_R1_001.fastq.gz	CP_R3_mRNA_A3_2_IGO_18498_B_3_S18_L008_R1_001.fastq.gz	fastq.gz	8	read1	29	CP_A3_mRNA	BONO_0157	Gene Expression	msk_pooledseq_transcriptome	february-2018-3M	TRU	TRU	false			missing
Cardiac	MSK	2cbf283e-6379-4a24-9f38-8f3db74170f8	/MSK_Perturbseq06_Cardiac_20260902/	CP_R3_mRNA_A3_2_IGO_18498_B_3_S18_L008_R2_001.fastq.gz	CP_R3_mRNA_A3_2_IGO_18498_B_3_S18_L008_R2_001.fastq.gz	fastq.gz	8	read2	89	CP_A3_mRNA	BONO_0157	Gene Expression	msk_pooledseq_transcriptome	february-2018-3M	TRU	TRU	false			missing
Cardiac	MSK	2cbf283e-6379-4a24-9f38-8f3db74170f8	/MSK_Perturbseq06_Cardiac_20260902/	CP_R3_mRNA_A3_2_IGO_18498_B_3_S3_L001_I1_001.fastq.gz	CP_R3_mRNA_A3_2_IGO_18498_B_3_S3_L001_I1_001.fastq.gz	fastq.gz	1	index1	10	CP_A3_mRNA	FAUCI2_0161	Gene Expression	msk_pooledseq_transcriptome	february-2018-3M	TRU	TRU	false			missing
Cardiac	MSK	2cbf283e-6379-4a24-9f38-8f3db74170f8	/MSK_Perturbseq06_Cardiac_20260902/	CP_R3_mRNA_A3_2_IGO_18498_B_3_S3_L001_I2_001.fastq.gz	CP_R3_mRNA_A3_2_IGO_18498_B_3_S3_L001_I2_001.fastq.gz	fastq.gz	1	index2	10	CP_A3_mRNA	FAUCI2_0161	Gene Expression	msk_pooledseq_transcriptome	february-2018-3M	TRU	TRU	false			missing
Cardiac	MSK	2cbf283e-6379-4a24-9f38-8f3db74170f8	/MSK_Perturbseq06_Cardiac_20260902/	CP_R3_mRNA_A3_2_IGO_18498_B_3_S3_L001_R1_001.fastq.gz	CP_R3_mRNA_A3_2_IGO_18498_B_3_S3_L001_R1_001.fastq.gz	fastq.gz	1	read1	29	CP_A3_mRNA	FAUCI2_0161	Gene Expression	msk_pooledseq_transcriptome	february-2018-3M	TRU	TRU	false			missing
Cardiac	MSK	2cbf283e-6379-4a24-9f38-8f3db74170f8	/MSK_Perturbseq06_Cardiac_20260902/	CP_R3_mRNA_A3_2_IGO_18498_B_3_S3_L001_R2_001.fastq.gz	CP_R3_mRNA_A3_2_IGO_18498_B_3_S3_L001_R2_001.fastq.gz	fastq.gz	1	read2	89	CP_A3_mRNA	FAUCI2_0161	Gene Expression	msk_pooledseq_transcriptome	february-2018-3M	TRU	TRU	false			missing
Cardiac	MSK	2cbf283e-6379-4a24-9f38-8f3db74170f8	/MSK_Perturbseq06_Cardiac_20260902/	CP_R3_mRNA_A3_2_IGO_18498_B_3_S3_L002_I1_001.fastq.gz	CP_R3_mRNA_A3_2_IGO_18498_B_3_S3_L002_I1_001.fastq.gz	fastq.gz	2	index1	10	CP_A3_mRNA	FAUCI2_0161	Gene Expression	msk_pooledseq_transcriptome	february-2018-3M	TRU	TRU	false			missing
Cardiac	MSK	2cbf283e-6379-4a24-9f38-8f3db74170f8	/MSK_Perturbseq06_Cardiac_20260902/	CP_R3_mRNA_A3_2_IGO_18498_B_3_S3_L002_I2_001.fastq.gz	CP_R3_mRNA_A3_2_IGO_18498_B_3_S3_L002_I2_001.fastq.gz	fastq.gz	2	index2	10	CP_A3_mRNA	FAUCI2_0161	Gene Expression	msk_pooledseq_transcriptome	february-2018-3M	TRU	TRU	false			missing
Cardiac	MSK	2cbf283e-6379-4a24-9f38-8f3db74170f8	/MSK_Perturbseq06_Cardiac_20260902/	CP_R3_mRNA_A3_2_IGO_18498_B_3_S3_L002_R1_001.fastq.gz	CP_R3_mRNA_A3_2_IGO_18498_B_3_S3_L002_R1_001.fastq.gz	fastq.gz	2	read1	29	CP_A3_mRNA	FAUCI2_0161	Gene Expression	msk_pooledseq_transcriptome	february-2018-3M	TRU	TRU	false			missing
Cardiac	MSK	2cbf283e-6379-4a24-9f38-8f3db74170f8	/MSK_Perturbseq06_Cardiac_20260902/	CP_R3_mRNA_A3_2_IGO_18498_B_3_S3_L002_R2_001.fastq.gz	CP_R3_mRNA_A3_2_IGO_18498_B_3_S3_L002_R2_001.fastq.gz	fastq.gz	2	read2	89	CP_A3_mRNA	FAUCI2_0161	Gene Expression	msk_pooledseq_transcriptome	february-2018-3M	TRU	TRU	false			missing
Cardiac	MSK	2cbf283e-6379-4a24-9f38-8f3db74170f8	/MSK_Perturbseq06_Cardiac_20260902/	CP_R3_mRNA_A3_2_IGO_18498_B_3_S3_L003_I1_001.fastq.gz	CP_R3_mRNA_A3_2_IGO_18498_B_3_S3_L003_I1_001.fastq.gz	fastq.gz	3	index1	10	CP_A3_mRNA	FAUCI2_0161	Gene Expression	msk_pooledseq_transcriptome	february-2018-3M	TRU	TRU	false			missing
Cardiac	MSK	2cbf283e-6379-4a24-9f38-8f3db74170f8	/MSK_Perturbseq06_Cardiac_20260902/	CP_R3_mRNA_A3_2_IGO_18498_B_3_S3_L003_I2_001.fastq.gz	CP_R3_mRNA_A3_2_IGO_18498_B_3_S3_L003_I2_001.fastq.gz	fastq.gz	3	index2	10	CP_A3_mRNA	FAUCI2_0161	Gene Expression	msk_pooledseq_transcriptome	february-2018-3M	TRU	TRU	false			missing
Cardiac	MSK	2cbf283e-6379-4a24-9f38-8f3db74170f8	/MSK_Perturbseq06_Cardiac_20260902/	CP_R3_mRNA_A3_2_IGO_18498_B_3_S3_L003_R1_001.fastq.gz	CP_R3_mRNA_A3_2_IGO_18498_B_3_S3_L003_R1_001.fastq.gz	fastq.gz	3	read1	29	CP_A3_mRNA	FAUCI2_0161	Gene Expression	msk_pooledseq_transcriptome	february-2018-3M	TRU	TRU	false			missing
Cardiac	MSK	2cbf283e-6379-4a24-9f38-8f3db74170f8	/MSK_Perturbseq06_Cardiac_20260902/	CP_R3_mRNA_A3_2_IGO_18498_B_3_S3_L003_R2_001.fastq.gz	CP_R3_mRNA_A3_2_IGO_18498_B_3_S3_L003_R2_001.fastq.gz	fastq.gz	3	read2	89	CP_A3_mRNA	FAUCI2_0161	Gene Expression	msk_pooledseq_transcriptome	february-2018-3M	TRU	TRU	false			missing
Cardiac	MSK	2cbf283e-6379-4a24-9f38-8f3db74170f8	/MSK_Perturbseq06_Cardiac_20260902/	CP_R3_mRNA_A3_2_IGO_18498_B_3_S3_L004_I1_001.fastq.gz	CP_R3_mRNA_A3_2_IGO_18498_B_3_S3_L004_I1_001.fastq.gz	fastq.gz	4	index1	10	CP_A3_mRNA	FAUCI2_0161	Gene Expression	msk_pooledseq_transcriptome	february-2018-3M	TRU	TRU	false			missing
Cardiac	MSK	2cbf283e-6379-4a24-9f38-8f3db74170f8	/MSK_Perturbseq06_Cardiac_20260902/	CP_R3_mRNA_A3_2_IGO_18498_B_3_S3_L004_I2_001.fastq.gz	CP_R3_mRNA_A3_2_IGO_18498_B_3_S3_L004_I2_001.fastq.gz	fastq.gz	4	index2	10	CP_A3_mRNA	FAUCI2_0161	Gene Expression	msk_pooledseq_transcriptome	february-2018-3M	TRU	TRU	false			missing
Cardiac	MSK	2cbf283e-6379-4a24-9f38-8f3db74170f8	/MSK_Perturbseq06_Cardiac_20260902/	CP_R3_mRNA_A3_2_IGO_18498_B_3_S3_L004_R1_001.fastq.gz	CP_R3_mRNA_A3_2_IGO_18498_B_3_S3_L004_R1_001.fastq.gz	fastq.gz	4	read1	29	CP_A3_mRNA	FAUCI2_0161	Gene Expression	msk_pooledseq_transcriptome	february-2018-3M	TRU	TRU	false			missing
Cardiac	MSK	2cbf283e-6379-4a24-9f38-8f3db74170f8	/MSK_Perturbseq06_Cardiac_20260902/	CP_R3_mRNA_A3_2_IGO_18498_B_3_S3_L004_R2_001.fastq.gz	CP_R3_mRNA_A3_2_IGO_18498_B_3_S3_L004_R2_001.fastq.gz	fastq.gz	4	read2	89	CP_A3_mRNA	FAUCI2_0161	Gene Expression	msk_pooledseq_transcriptome	february-2018-3M	TRU	TRU	false			missing
Cardiac	MSK	2cbf283e-6379-4a24-9f38-8f3db74170f8	/MSK_Perturbseq06_Cardiac_20260902/	CP_R3_mRNA_A3_2_IGO_18498_B_3_S3_L005_I1_001.fastq.gz	CP_R3_mRNA_A3_2_IGO_18498_B_3_S3_L005_I1_001.fastq.gz	fastq.gz	5	index1	10	CP_A3_mRNA	FAUCI2_0161	Gene Expression	msk_pooledseq_transcriptome	february-2018-3M	TRU	TRU	false			missing
Cardiac	MSK	2cbf283e-6379-4a24-9f38-8f3db74170f8	/MSK_Perturbseq06_Cardiac_20260902/	CP_R3_mRNA_A3_2_IGO_18498_B_3_S3_L005_I2_001.fastq.gz	CP_R3_mRNA_A3_2_IGO_18498_B_3_S3_L005_I2_001.fastq.gz	fastq.gz	5	index2	10	CP_A3_mRNA	FAUCI2_0161	Gene Expression	msk_pooledseq_transcriptome	february-2018-3M	TRU	TRU	false			missing
Cardiac	MSK	2cbf283e-6379-4a24-9f38-8f3db74170f8	/MSK_Perturbseq06_Cardiac_20260902/	CP_R3_mRNA_A3_2_IGO_18498_B_3_S3_L005_R1_001.fastq.gz	CP_R3_mRNA_A3_2_IGO_18498_B_3_S3_L005_R1_001.fastq.gz	fastq.gz	5	read1	29	CP_A3_mRNA	FAUCI2_0161	Gene Expression	msk_pooledseq_transcriptome	february-2018-3M	TRU	TRU	false			missing
Cardiac	MSK	2cbf283e-6379-4a24-9f38-8f3db74170f8	/MSK_Perturbseq06_Cardiac_20260902/	CP_R3_mRNA_A3_2_IGO_18498_B_3_S3_L005_R2_001.fastq.gz	CP_R3_mRNA_A3_2_IGO_18498_B_3_S3_L005_R2_001.fastq.gz	fastq.gz	5	read2	89	CP_A3_mRNA	FAUCI2_0161	Gene Expression	msk_pooledseq_transcriptome	february-2018-3M	TRU	TRU	false			missing
Cardiac	MSK	2cbf283e-6379-4a24-9f38-8f3db74170f8	/MSK_Perturbseq06_Cardiac_20260902/	CP_R3_mRNA_A3_2_IGO_18498_B_3_S3_L006_I1_001.fastq.gz	CP_R3_mRNA_A3_2_IGO_18498_B_3_S3_L006_I1_001.fastq.gz	fastq.gz	6	index1	10	CP_A3_mRNA	FAUCI2_0161	Gene Expression	msk_pooledseq_transcriptome	february-2018-3M	TRU	TRU	false			missing
Cardiac	MSK	2cbf283e-6379-4a24-9f38-8f3db74170f8	/MSK_Perturbseq06_Cardiac_20260902/	CP_R3_mRNA_A3_2_IGO_18498_B_3_S3_L006_I2_001.fastq.gz	CP_R3_mRNA_A3_2_IGO_18498_B_3_S3_L006_I2_001.fastq.gz	fastq.gz	6	index2	10	CP_A3_mRNA	FAUCI2_0161	Gene Expression	msk_pooledseq_transcriptome	february-2018-3M	TRU	TRU	false			missing
Cardiac	MSK	2cbf283e-6379-4a24-9f38-8f3db74170f8	/MSK_Perturbseq06_Cardiac_20260902/	CP_R3_mRNA_A3_2_IGO_18498_B_3_S3_L006_R1_001.fastq.gz	CP_R3_mRNA_A3_2_IGO_18498_B_3_S3_L006_R1_001.fastq.gz	fastq.gz	6	read1	29	CP_A3_mRNA	FAUCI2_0161	Gene Expression	msk_pooledseq_transcriptome	february-2018-3M	TRU	TRU	false			missing
Cardiac	MSK	2cbf283e-6379-4a24-9f38-8f3db74170f8	/MSK_Perturbseq06_Cardiac_20260902/	CP_R3_mRNA_A3_2_IGO_18498_B_3_S3_L006_R2_001.fastq.gz	CP_R3_mRNA_A3_2_IGO_18498_B_3_S3_L006_R2_001.fastq.gz	fastq.gz	6	read2	89	CP_A3_mRNA	FAUCI2_0161	Gene Expression	msk_pooledseq_transcriptome	february-2018-3M	TRU	TRU	false			missing
Cardiac	MSK	2cbf283e-6379-4a24-9f38-8f3db74170f8	/MSK_Perturbseq06_Cardiac_20260902/	CP_R3_mRNA_A3_2_IGO_18498_B_3_S3_L007_I1_001.fastq.gz	CP_R3_mRNA_A3_2_IGO_18498_B_3_S3_L007_I1_001.fastq.gz	fastq.gz	7	index1	10	CP_A3_mRNA	FAUCI2_0161	Gene Expression	msk_pooledseq_transcriptome	february-2018-3M	TRU	TRU	false			missing
Cardiac	MSK	2cbf283e-6379-4a24-9f38-8f3db74170f8	/MSK_Perturbseq06_Cardiac_20260902/	CP_R3_mRNA_A3_2_IGO_18498_B_3_S3_L007_I2_001.fastq.gz	CP_R3_mRNA_A3_2_IGO_18498_B_3_S3_L007_I2_001.fastq.gz	fastq.gz	7	index2	10	CP_A3_mRNA	FAUCI2_0161	Gene Expression	msk_pooledseq_transcriptome	february-2018-3M	TRU	TRU	false			missing
Cardiac	MSK	2cbf283e-6379-4a24-9f38-8f3db74170f8	/MSK_Perturbseq06_Cardiac_20260902/	CP_R3_mRNA_A3_2_IGO_18498_B_3_S3_L007_R1_001.fastq.gz	CP_R3_mRNA_A3_2_IGO_18498_B_3_S3_L007_R1_001.fastq.gz	fastq.gz	7	read1	29	CP_A3_mRNA	FAUCI2_0161	Gene Expression	msk_pooledseq_transcriptome	february-2018-3M	TRU	TRU	false			missing
Cardiac	MSK	2cbf283e-6379-4a24-9f38-8f3db74170f8	/MSK_Perturbseq06_Cardiac_20260902/	CP_R3_mRNA_A3_2_IGO_18498_B_3_S3_L007_R2_001.fastq.gz	CP_R3_mRNA_A3_2_IGO_18498_B_3_S3_L007_R2_001.fastq.gz	fastq.gz	7	read2	89	CP_A3_mRNA	FAUCI2_0161	Gene Expression	msk_pooledseq_transcriptome	february-2018-3M	TRU	TRU	false			missing
Cardiac	MSK	2cbf283e-6379-4a24-9f38-8f3db74170f8	/MSK_Perturbseq06_Cardiac_20260902/	CP_R3_mRNA_A3_2_IGO_18498_C_3_S6_L001_I1_001.fastq.gz	CP_R3_mRNA_A3_2_IGO_18498_C_3_S6_L001_I1_001.fastq.gz	fastq.gz	1	index1	10	CP_A3_mRNA	FAUCI2_0170	Gene Expression	msk_pooledseq_transcriptome	february-2018-3M	TRU	TRU	false			missing
Cardiac	MSK	2cbf283e-6379-4a24-9f38-8f3db74170f8	/MSK_Perturbseq06_Cardiac_20260902/	CP_R3_mRNA_A3_2_IGO_18498_C_3_S6_L001_I2_001.fastq.gz	CP_R3_mRNA_A3_2_IGO_18498_C_3_S6_L001_I2_001.fastq.gz	fastq.gz	1	index2	10	CP_A3_mRNA	FAUCI2_0170	Gene Expression	msk_pooledseq_transcriptome	february-2018-3M	TRU	TRU	false			missing
Cardiac	MSK	2cbf283e-6379-4a24-9f38-8f3db74170f8	/MSK_Perturbseq06_Cardiac_20260902/	CP_R3_mRNA_A3_2_IGO_18498_C_3_S6_L001_R1_001.fastq.gz	CP_R3_mRNA_A3_2_IGO_18498_C_3_S6_L001_R1_001.fastq.gz	fastq.gz	1	read1	29	CP_A3_mRNA	FAUCI2_0170	Gene Expression	msk_pooledseq_transcriptome	february-2018-3M	TRU	TRU	false			missing
Cardiac	MSK	2cbf283e-6379-4a24-9f38-8f3db74170f8	/MSK_Perturbseq06_Cardiac_20260902/	CP_R3_mRNA_A3_2_IGO_18498_C_3_S6_L001_R2_001.fastq.gz	CP_R3_mRNA_A3_2_IGO_18498_C_3_S6_L001_R2_001.fastq.gz	fastq.gz	1	read2	89	CP_A3_mRNA	FAUCI2_0170	Gene Expression	msk_pooledseq_transcriptome	february-2018-3M	TRU	TRU	false			missing
Cardiac	MSK	2cbf283e-6379-4a24-9f38-8f3db74170f8	/MSK_Perturbseq06_Cardiac_20260902/	CP_R3_mRNA_A3_2_IGO_18498_C_3_S6_L002_I1_001.fastq.gz	CP_R3_mRNA_A3_2_IGO_18498_C_3_S6_L002_I1_001.fastq.gz	fastq.gz	2	index1	10	CP_A3_mRNA	FAUCI2_0170	Gene Expression	msk_pooledseq_transcriptome	february-2018-3M	TRU	TRU	false			missing
Cardiac	MSK	2cbf283e-6379-4a24-9f38-8f3db74170f8	/MSK_Perturbseq06_Cardiac_20260902/	CP_R3_mRNA_A3_2_IGO_18498_C_3_S6_L002_I2_001.fastq.gz	CP_R3_mRNA_A3_2_IGO_18498_C_3_S6_L002_I2_001.fastq.gz	fastq.gz	2	index2	10	CP_A3_mRNA	FAUCI2_0170	Gene Expression	msk_pooledseq_transcriptome	february-2018-3M	TRU	TRU	false			missing
Cardiac	MSK	2cbf283e-6379-4a24-9f38-8f3db74170f8	/MSK_Perturbseq06_Cardiac_20260902/	CP_R3_mRNA_A3_2_IGO_18498_C_3_S6_L002_R1_001.fastq.gz	CP_R3_mRNA_A3_2_IGO_18498_C_3_S6_L002_R1_001.fastq.gz	fastq.gz	2	read1	29	CP_A3_mRNA	FAUCI2_0170	Gene Expression	msk_pooledseq_transcriptome	february-2018-3M	TRU	TRU	false			missing
Cardiac	MSK	2cbf283e-6379-4a24-9f38-8f3db74170f8	/MSK_Perturbseq06_Cardiac_20260902/	CP_R3_mRNA_A3_2_IGO_18498_C_3_S6_L002_R2_001.fastq.gz	CP_R3_mRNA_A3_2_IGO_18498_C_3_S6_L002_R2_001.fastq.gz	fastq.gz	2	read2	89	CP_A3_mRNA	FAUCI2_0170	Gene Expression	msk_pooledseq_transcriptome	february-2018-3M	TRU	TRU	false			missing
Cardiac	MSK	2cbf283e-6379-4a24-9f38-8f3db74170f8	/MSK_Perturbseq06_Cardiac_20260902/	CP_R3_mRNA_A3_2_IGO_18498_C_3_S6_L003_I1_001.fastq.gz	CP_R3_mRNA_A3_2_IGO_18498_C_3_S6_L003_I1_001.fastq.gz	fastq.gz	3	index1	10	CP_A3_mRNA	FAUCI2_0170	Gene Expression	msk_pooledseq_transcriptome	february-2018-3M	TRU	TRU	false			missing
Cardiac	MSK	2cbf283e-6379-4a24-9f38-8f3db74170f8	/MSK_Perturbseq06_Cardiac_20260902/	CP_R3_mRNA_A3_2_IGO_18498_C_3_S6_L003_I2_001.fastq.gz	CP_R3_mRNA_A3_2_IGO_18498_C_3_S6_L003_I2_001.fastq.gz	fastq.gz	3	index2	10	CP_A3_mRNA	FAUCI2_0170	Gene Expression	msk_pooledseq_transcriptome	february-2018-3M	TRU	TRU	false			missing
Cardiac	MSK	2cbf283e-6379-4a24-9f38-8f3db74170f8	/MSK_Perturbseq06_Cardiac_20260902/	CP_R3_mRNA_A3_2_IGO_18498_C_3_S6_L003_R1_001.fastq.gz	CP_R3_mRNA_A3_2_IGO_18498_C_3_S6_L003_R1_001.fastq.gz	fastq.gz	3	read1	29	CP_A3_mRNA	FAUCI2_0170	Gene Expression	msk_pooledseq_transcriptome	february-2018-3M	TRU	TRU	false			missing
Cardiac	MSK	2cbf283e-6379-4a24-9f38-8f3db74170f8	/MSK_Perturbseq06_Cardiac_20260902/	CP_R3_mRNA_A3_2_IGO_18498_C_3_S6_L003_R2_001.fastq.gz	CP_R3_mRNA_A3_2_IGO_18498_C_3_S6_L003_R2_001.fastq.gz	fastq.gz	3	read2	89	CP_A3_mRNA	FAUCI2_0170	Gene Expression	msk_pooledseq_transcriptome	february-2018-3M	TRU	TRU	false			missing
Cardiac	MSK	2cbf283e-6379-4a24-9f38-8f3db74170f8	/MSK_Perturbseq06_Cardiac_20260902/	CP_R3_mRNA_A3_2_IGO_18498_C_3_S6_L004_I1_001.fastq.gz	CP_R3_mRNA_A3_2_IGO_18498_C_3_S6_L004_I1_001.fastq.gz	fastq.gz	4	index1	10	CP_A3_mRNA	FAUCI2_0170	Gene Expression	msk_pooledseq_transcriptome	february-2018-3M	TRU	TRU	false			missing
Cardiac	MSK	2cbf283e-6379-4a24-9f38-8f3db74170f8	/MSK_Perturbseq06_Cardiac_20260902/	CP_R3_mRNA_A3_2_IGO_18498_C_3_S6_L004_I2_001.fastq.gz	CP_R3_mRNA_A3_2_IGO_18498_C_3_S6_L004_I2_001.fastq.gz	fastq.gz	4	index2	10	CP_A3_mRNA	FAUCI2_0170	Gene Expression	msk_pooledseq_transcriptome	february-2018-3M	TRU	TRU	false			missing
Cardiac	MSK	2cbf283e-6379-4a24-9f38-8f3db74170f8	/MSK_Perturbseq06_Cardiac_20260902/	CP_R3_mRNA_A3_2_IGO_18498_C_3_S6_L004_R1_001.fastq.gz	CP_R3_mRNA_A3_2_IGO_18498_C_3_S6_L004_R1_001.fastq.gz	fastq.gz	4	read1	29	CP_A3_mRNA	FAUCI2_0170	Gene Expression	msk_pooledseq_transcriptome	february-2018-3M	TRU	TRU	false			missing
Cardiac	MSK	2cbf283e-6379-4a24-9f38-8f3db74170f8	/MSK_Perturbseq06_Cardiac_20260902/	CP_R3_mRNA_A3_2_IGO_18498_C_3_S6_L004_R2_001.fastq.gz	CP_R3_mRNA_A3_2_IGO_18498_C_3_S6_L004_R2_001.fastq.gz	fastq.gz	4	read2	89	CP_A3_mRNA	FAUCI2_0170	Gene Expression	msk_pooledseq_transcriptome	february-2018-3M	TRU	TRU	false			missing
Cardiac	MSK	2cbf283e-6379-4a24-9f38-8f3db74170f8	/MSK_Perturbseq06_Cardiac_20260902/	CP_R3_mRNA_A3_2_IGO_18498_C_3_S6_L005_I1_001.fastq.gz	CP_R3_mRNA_A3_2_IGO_18498_C_3_S6_L005_I1_001.fastq.gz	fastq.gz	5	index1	10	CP_A3_mRNA	FAUCI2_0170	Gene Expression	msk_pooledseq_transcriptome	february-2018-3M	TRU	TRU	false			missing
Cardiac	MSK	2cbf283e-6379-4a24-9f38-8f3db74170f8	/MSK_Perturbseq06_Cardiac_20260902/	CP_R3_mRNA_A3_2_IGO_18498_C_3_S6_L005_I2_001.fastq.gz	CP_R3_mRNA_A3_2_IGO_18498_C_3_S6_L005_I2_001.fastq.gz	fastq.gz	5	index2	10	CP_A3_mRNA	FAUCI2_0170	Gene Expression	msk_pooledseq_transcriptome	february-2018-3M	TRU	TRU	false			missing
Cardiac	MSK	2cbf283e-6379-4a24-9f38-8f3db74170f8	/MSK_Perturbseq06_Cardiac_20260902/	CP_R3_mRNA_A3_2_IGO_18498_C_3_S6_L005_R1_001.fastq.gz	CP_R3_mRNA_A3_2_IGO_18498_C_3_S6_L005_R1_001.fastq.gz	fastq.gz	5	read1	29	CP_A3_mRNA	FAUCI2_0170	Gene Expression	msk_pooledseq_transcriptome	february-2018-3M	TRU	TRU	false			missing
Cardiac	MSK	2cbf283e-6379-4a24-9f38-8f3db74170f8	/MSK_Perturbseq06_Cardiac_20260902/	CP_R3_mRNA_A3_2_IGO_18498_C_3_S6_L005_R2_001.fastq.gz	CP_R3_mRNA_A3_2_IGO_18498_C_3_S6_L005_R2_001.fastq.gz	fastq.gz	5	read2	89	CP_A3_mRNA	FAUCI2_0170	Gene Expression	msk_pooledseq_transcriptome	february-2018-3M	TRU	TRU	false			missing
Cardiac	MSK	2cbf283e-6379-4a24-9f38-8f3db74170f8	/MSK_Perturbseq06_Cardiac_20260902/	CP_R3_mRNA_A3_2_IGO_18498_C_3_S6_L006_I1_001.fastq.gz	CP_R3_mRNA_A3_2_IGO_18498_C_3_S6_L006_I1_001.fastq.gz	fastq.gz	6	index1	10	CP_A3_mRNA	FAUCI2_0170	Gene Expression	msk_pooledseq_transcriptome	february-2018-3M	TRU	TRU	false			missing
Cardiac	MSK	2cbf283e-6379-4a24-9f38-8f3db74170f8	/MSK_Perturbseq06_Cardiac_20260902/	CP_R3_mRNA_A3_2_IGO_18498_C_3_S6_L006_I2_001.fastq.gz	CP_R3_mRNA_A3_2_IGO_18498_C_3_S6_L006_I2_001.fastq.gz	fastq.gz	6	index2	10	CP_A3_mRNA	FAUCI2_0170	Gene Expression	msk_pooledseq_transcriptome	february-2018-3M	TRU	TRU	false			missing
Cardiac	MSK	2cbf283e-6379-4a24-9f38-8f3db74170f8	/MSK_Perturbseq06_Cardiac_20260902/	CP_R3_mRNA_A3_2_IGO_18498_C_3_S6_L006_R1_001.fastq.gz	CP_R3_mRNA_A3_2_IGO_18498_C_3_S6_L006_R1_001.fastq.gz	fastq.gz	6	read1	29	CP_A3_mRNA	FAUCI2_0170	Gene Expression	msk_pooledseq_transcriptome	february-2018-3M	TRU	TRU	false			missing
Cardiac	MSK	2cbf283e-6379-4a24-9f38-8f3db74170f8	/MSK_Perturbseq06_Cardiac_20260902/	CP_R3_mRNA_A3_2_IGO_18498_C_3_S6_L006_R2_001.fastq.gz	CP_R3_mRNA_A3_2_IGO_18498_C_3_S6_L006_R2_001.fastq.gz	fastq.gz	6	read2	89	CP_A3_mRNA	FAUCI2_0170	Gene Expression	msk_pooledseq_transcriptome	february-2018-3M	TRU	TRU	false			missing
Cardiac	MSK	2cbf283e-6379-4a24-9f38-8f3db74170f8	/MSK_Perturbseq06_Cardiac_20260902/	CP_R3_mRNA_A3_2_IGO_18498_C_3_S6_L007_I1_001.fastq.gz	CP_R3_mRNA_A3_2_IGO_18498_C_3_S6_L007_I1_001.fastq.gz	fastq.gz	7	index1	10	CP_A3_mRNA	FAUCI2_0170	Gene Expression	msk_pooledseq_transcriptome	february-2018-3M	TRU	TRU	false			missing
Cardiac	MSK	2cbf283e-6379-4a24-9f38-8f3db74170f8	/MSK_Perturbseq06_Cardiac_20260902/	CP_R3_mRNA_A3_2_IGO_18498_C_3_S6_L007_I2_001.fastq.gz	CP_R3_mRNA_A3_2_IGO_18498_C_3_S6_L007_I2_001.fastq.gz	fastq.gz	7	index2	10	CP_A3_mRNA	FAUCI2_0170	Gene Expression	msk_pooledseq_transcriptome	february-2018-3M	TRU	TRU	false			missing
Cardiac	MSK	2cbf283e-6379-4a24-9f38-8f3db74170f8	/MSK_Perturbseq06_Cardiac_20260902/	CP_R3_mRNA_A3_2_IGO_18498_C_3_S6_L007_R1_001.fastq.gz	CP_R3_mRNA_A3_2_IGO_18498_C_3_S6_L007_R1_001.fastq.gz	fastq.gz	7	read1	29	CP_A3_mRNA	FAUCI2_0170	Gene Expression	msk_pooledseq_transcriptome	february-2018-3M	TRU	TRU	false			missing
Cardiac	MSK	2cbf283e-6379-4a24-9f38-8f3db74170f8	/MSK_Perturbseq06_Cardiac_20260902/	CP_R3_mRNA_A3_2_IGO_18498_C_3_S6_L007_R2_001.fastq.gz	CP_R3_mRNA_A3_2_IGO_18498_C_3_S6_L007_R2_001.fastq.gz	fastq.gz	7	read2	89	CP_A3_mRNA	FAUCI2_0170	Gene Expression	msk_pooledseq_transcriptome	february-2018-3M	TRU	TRU	false			missing
Cardiac	MSK	2cbf283e-6379-4a24-9f38-8f3db74170f8	/MSK_Perturbseq06_Cardiac_20260902/	CP_R3_mRNA_A3_2_IGO_18498_C_3_S6_L008_I1_001.fastq.gz	CP_R3_mRNA_A3_2_IGO_18498_C_3_S6_L008_I1_001.fastq.gz	fastq.gz	8	index1	10	CP_A3_mRNA	FAUCI2_0170	Gene Expression	msk_pooledseq_transcriptome	february-2018-3M	TRU	TRU	false			missing
Cardiac	MSK	2cbf283e-6379-4a24-9f38-8f3db74170f8	/MSK_Perturbseq06_Cardiac_20260902/	CP_R3_mRNA_A3_2_IGO_18498_C_3_S6_L008_I2_001.fastq.gz	CP_R3_mRNA_A3_2_IGO_18498_C_3_S6_L008_I2_001.fastq.gz	fastq.gz	8	index2	10	CP_A3_mRNA	FAUCI2_0170	Gene Expression	msk_pooledseq_transcriptome	february-2018-3M	TRU	TRU	false			missing
Cardiac	MSK	2cbf283e-6379-4a24-9f38-8f3db74170f8	/MSK_Perturbseq06_Cardiac_20260902/	CP_R3_mRNA_A3_2_IGO_18498_C_3_S6_L008_R1_001.fastq.gz	CP_R3_mRNA_A3_2_IGO_18498_C_3_S6_L008_R1_001.fastq.gz	fastq.gz	8	read1	29	CP_A3_mRNA	FAUCI2_0170	Gene Expression	msk_pooledseq_transcriptome	february-2018-3M	TRU	TRU	false			missing
Cardiac	MSK	2cbf283e-6379-4a24-9f38-8f3db74170f8	/MSK_Perturbseq06_Cardiac_20260902/	CP_R3_mRNA_A3_2_IGO_18498_C_3_S6_L008_R2_001.fastq.gz	CP_R3_mRNA_A3_2_IGO_18498_C_3_S6_L008_R2_001.fastq.gz	fastq.gz	8	read2	89	CP_A3_mRNA	FAUCI2_0170	Gene Expression	msk_pooledseq_transcriptome	february-2018-3M	TRU	TRU	false			missing
Cardiac	MSK	2cbf283e-6379-4a24-9f38-8f3db74170f8	/MSK_Perturbseq06_Cardiac_20260902/	CP_R3_gRNA_B1_IGO_18498_13_S7_L001_I1_001.fastq.gz	CP_R3_gRNA_B1_IGO_18498_13_S7_L001_I1_001.fastq.gz	fastq.gz	1	index1	10	CP_B1_gRNA	BONO_0157	CRISPR Guide Capture	msk_pooledseq_polyIII	february-2018-3M	NXT	TRU	false			missing
Cardiac	MSK	2cbf283e-6379-4a24-9f38-8f3db74170f8	/MSK_Perturbseq06_Cardiac_20260902/	CP_R3_gRNA_B1_IGO_18498_13_S7_L001_I2_001.fastq.gz	CP_R3_gRNA_B1_IGO_18498_13_S7_L001_I2_001.fastq.gz	fastq.gz	1	index2	10	CP_B1_gRNA	BONO_0157	CRISPR Guide Capture	msk_pooledseq_polyIII	february-2018-3M	NXT	TRU	false			missing
Cardiac	MSK	2cbf283e-6379-4a24-9f38-8f3db74170f8	/MSK_Perturbseq06_Cardiac_20260902/	CP_R3_gRNA_B1_IGO_18498_13_S7_L001_R1_001.fastq.gz	CP_R3_gRNA_B1_IGO_18498_13_S7_L001_R1_001.fastq.gz	fastq.gz	1	read1	29	CP_B1_gRNA	BONO_0157	CRISPR Guide Capture	msk_pooledseq_polyIII	february-2018-3M	NXT	TRU	false			missing
Cardiac	MSK	2cbf283e-6379-4a24-9f38-8f3db74170f8	/MSK_Perturbseq06_Cardiac_20260902/	CP_R3_gRNA_B1_IGO_18498_13_S7_L001_R2_001.fastq.gz	CP_R3_gRNA_B1_IGO_18498_13_S7_L001_R2_001.fastq.gz	fastq.gz	1	read2	89	CP_B1_gRNA	BONO_0157	CRISPR Guide Capture	msk_pooledseq_polyIII	february-2018-3M	NXT	TRU	false			missing
Cardiac	MSK	2cbf283e-6379-4a24-9f38-8f3db74170f8	/MSK_Perturbseq06_Cardiac_20260902/	CP_R3_gRNA_B1_IGO_18498_13_S7_L002_I1_001.fastq.gz	CP_R3_gRNA_B1_IGO_18498_13_S7_L002_I1_001.fastq.gz	fastq.gz	2	index1	10	CP_B1_gRNA	BONO_0157	CRISPR Guide Capture	msk_pooledseq_polyIII	february-2018-3M	NXT	TRU	false			missing
Cardiac	MSK	2cbf283e-6379-4a24-9f38-8f3db74170f8	/MSK_Perturbseq06_Cardiac_20260902/	CP_R3_gRNA_B1_IGO_18498_13_S7_L002_I2_001.fastq.gz	CP_R3_gRNA_B1_IGO_18498_13_S7_L002_I2_001.fastq.gz	fastq.gz	2	index2	10	CP_B1_gRNA	BONO_0157	CRISPR Guide Capture	msk_pooledseq_polyIII	february-2018-3M	NXT	TRU	false			missing
Cardiac	MSK	2cbf283e-6379-4a24-9f38-8f3db74170f8	/MSK_Perturbseq06_Cardiac_20260902/	CP_R3_gRNA_B1_IGO_18498_13_S7_L002_R1_001.fastq.gz	CP_R3_gRNA_B1_IGO_18498_13_S7_L002_R1_001.fastq.gz	fastq.gz	2	read1	29	CP_B1_gRNA	BONO_0157	CRISPR Guide Capture	msk_pooledseq_polyIII	february-2018-3M	NXT	TRU	false			missing
Cardiac	MSK	2cbf283e-6379-4a24-9f38-8f3db74170f8	/MSK_Perturbseq06_Cardiac_20260902/	CP_R3_gRNA_B1_IGO_18498_13_S7_L002_R2_001.fastq.gz	CP_R3_gRNA_B1_IGO_18498_13_S7_L002_R2_001.fastq.gz	fastq.gz	2	read2	89	CP_B1_gRNA	BONO_0157	CRISPR Guide Capture	msk_pooledseq_polyIII	february-2018-3M	NXT	TRU	false			missing
Cardiac	MSK	2cbf283e-6379-4a24-9f38-8f3db74170f8	/MSK_Perturbseq06_Cardiac_20260902/	CP_R3_gRNA_B1_IGO_18498_13_S7_L003_I1_001.fastq.gz	CP_R3_gRNA_B1_IGO_18498_13_S7_L003_I1_001.fastq.gz	fastq.gz	3	index1	10	CP_B1_gRNA	BONO_0157	CRISPR Guide Capture	msk_pooledseq_polyIII	february-2018-3M	NXT	TRU	false			missing
Cardiac	MSK	2cbf283e-6379-4a24-9f38-8f3db74170f8	/MSK_Perturbseq06_Cardiac_20260902/	CP_R3_gRNA_B1_IGO_18498_13_S7_L003_I2_001.fastq.gz	CP_R3_gRNA_B1_IGO_18498_13_S7_L003_I2_001.fastq.gz	fastq.gz	3	index2	10	CP_B1_gRNA	BONO_0157	CRISPR Guide Capture	msk_pooledseq_polyIII	february-2018-3M	NXT	TRU	false			missing
Cardiac	MSK	2cbf283e-6379-4a24-9f38-8f3db74170f8	/MSK_Perturbseq06_Cardiac_20260902/	CP_R3_gRNA_B1_IGO_18498_13_S7_L003_R1_001.fastq.gz	CP_R3_gRNA_B1_IGO_18498_13_S7_L003_R1_001.fastq.gz	fastq.gz	3	read1	29	CP_B1_gRNA	BONO_0157	CRISPR Guide Capture	msk_pooledseq_polyIII	february-2018-3M	NXT	TRU	false			missing
Cardiac	MSK	2cbf283e-6379-4a24-9f38-8f3db74170f8	/MSK_Perturbseq06_Cardiac_20260902/	CP_R3_gRNA_B1_IGO_18498_13_S7_L003_R2_001.fastq.gz	CP_R3_gRNA_B1_IGO_18498_13_S7_L003_R2_001.fastq.gz	fastq.gz	3	read2	89	CP_B1_gRNA	BONO_0157	CRISPR Guide Capture	msk_pooledseq_polyIII	february-2018-3M	NXT	TRU	false			missing
Cardiac	MSK	2cbf283e-6379-4a24-9f38-8f3db74170f8	/MSK_Perturbseq06_Cardiac_20260902/	CP_R3_gRNA_B1_IGO_18498_13_S7_L004_I1_001.fastq.gz	CP_R3_gRNA_B1_IGO_18498_13_S7_L004_I1_001.fastq.gz	fastq.gz	4	index1	10	CP_B1_gRNA	BONO_0157	CRISPR Guide Capture	msk_pooledseq_polyIII	february-2018-3M	NXT	TRU	false			missing
Cardiac	MSK	2cbf283e-6379-4a24-9f38-8f3db74170f8	/MSK_Perturbseq06_Cardiac_20260902/	CP_R3_gRNA_B1_IGO_18498_13_S7_L004_I2_001.fastq.gz	CP_R3_gRNA_B1_IGO_18498_13_S7_L004_I2_001.fastq.gz	fastq.gz	4	index2	10	CP_B1_gRNA	BONO_0157	CRISPR Guide Capture	msk_pooledseq_polyIII	february-2018-3M	NXT	TRU	false			missing
Cardiac	MSK	2cbf283e-6379-4a24-9f38-8f3db74170f8	/MSK_Perturbseq06_Cardiac_20260902/	CP_R3_gRNA_B1_IGO_18498_13_S7_L004_R1_001.fastq.gz	CP_R3_gRNA_B1_IGO_18498_13_S7_L004_R1_001.fastq.gz	fastq.gz	4	read1	29	CP_B1_gRNA	BONO_0157	CRISPR Guide Capture	msk_pooledseq_polyIII	february-2018-3M	NXT	TRU	false			missing
Cardiac	MSK	2cbf283e-6379-4a24-9f38-8f3db74170f8	/MSK_Perturbseq06_Cardiac_20260902/	CP_R3_gRNA_B1_IGO_18498_13_S7_L004_R2_001.fastq.gz	CP_R3_gRNA_B1_IGO_18498_13_S7_L004_R2_001.fastq.gz	fastq.gz	4	read2	89	CP_B1_gRNA	BONO_0157	CRISPR Guide Capture	msk_pooledseq_polyIII	february-2018-3M	NXT	TRU	false			missing
Cardiac	MSK	2cbf283e-6379-4a24-9f38-8f3db74170f8	/MSK_Perturbseq06_Cardiac_20260902/	CP_R3_gRNA_B1_IGO_18498_13_S7_L005_I1_001.fastq.gz	CP_R3_gRNA_B1_IGO_18498_13_S7_L005_I1_001.fastq.gz	fastq.gz	5	index1	10	CP_B1_gRNA	BONO_0157	CRISPR Guide Capture	msk_pooledseq_polyIII	february-2018-3M	NXT	TRU	false			missing
Cardiac	MSK	2cbf283e-6379-4a24-9f38-8f3db74170f8	/MSK_Perturbseq06_Cardiac_20260902/	CP_R3_gRNA_B1_IGO_18498_13_S7_L005_I2_001.fastq.gz	CP_R3_gRNA_B1_IGO_18498_13_S7_L005_I2_001.fastq.gz	fastq.gz	5	index2	10	CP_B1_gRNA	BONO_0157	CRISPR Guide Capture	msk_pooledseq_polyIII	february-2018-3M	NXT	TRU	false			missing
Cardiac	MSK	2cbf283e-6379-4a24-9f38-8f3db74170f8	/MSK_Perturbseq06_Cardiac_20260902/	CP_R3_gRNA_B1_IGO_18498_13_S7_L005_R1_001.fastq.gz	CP_R3_gRNA_B1_IGO_18498_13_S7_L005_R1_001.fastq.gz	fastq.gz	5	read1	29	CP_B1_gRNA	BONO_0157	CRISPR Guide Capture	msk_pooledseq_polyIII	february-2018-3M	NXT	TRU	false			missing
Cardiac	MSK	2cbf283e-6379-4a24-9f38-8f3db74170f8	/MSK_Perturbseq06_Cardiac_20260902/	CP_R3_gRNA_B1_IGO_18498_13_S7_L005_R2_001.fastq.gz	CP_R3_gRNA_B1_IGO_18498_13_S7_L005_R2_001.fastq.gz	fastq.gz	5	read2	89	CP_B1_gRNA	BONO_0157	CRISPR Guide Capture	msk_pooledseq_polyIII	february-2018-3M	NXT	TRU	false			missing
Cardiac	MSK	2cbf283e-6379-4a24-9f38-8f3db74170f8	/MSK_Perturbseq06_Cardiac_20260902/	CP_R3_gRNA_B1_IGO_18498_13_S7_L006_I1_001.fastq.gz	CP_R3_gRNA_B1_IGO_18498_13_S7_L006_I1_001.fastq.gz	fastq.gz	6	index1	10	CP_B1_gRNA	BONO_0157	CRISPR Guide Capture	msk_pooledseq_polyIII	february-2018-3M	NXT	TRU	false			missing
Cardiac	MSK	2cbf283e-6379-4a24-9f38-8f3db74170f8	/MSK_Perturbseq06_Cardiac_20260902/	CP_R3_gRNA_B1_IGO_18498_13_S7_L006_I2_001.fastq.gz	CP_R3_gRNA_B1_IGO_18498_13_S7_L006_I2_001.fastq.gz	fastq.gz	6	index2	10	CP_B1_gRNA	BONO_0157	CRISPR Guide Capture	msk_pooledseq_polyIII	february-2018-3M	NXT	TRU	false			missing
Cardiac	MSK	2cbf283e-6379-4a24-9f38-8f3db74170f8	/MSK_Perturbseq06_Cardiac_20260902/	CP_R3_gRNA_B1_IGO_18498_13_S7_L006_R1_001.fastq.gz	CP_R3_gRNA_B1_IGO_18498_13_S7_L006_R1_001.fastq.gz	fastq.gz	6	read1	29	CP_B1_gRNA	BONO_0157	CRISPR Guide Capture	msk_pooledseq_polyIII	february-2018-3M	NXT	TRU	false			missing
Cardiac	MSK	2cbf283e-6379-4a24-9f38-8f3db74170f8	/MSK_Perturbseq06_Cardiac_20260902/	CP_R3_gRNA_B1_IGO_18498_13_S7_L006_R2_001.fastq.gz	CP_R3_gRNA_B1_IGO_18498_13_S7_L006_R2_001.fastq.gz	fastq.gz	6	read2	89	CP_B1_gRNA	BONO_0157	CRISPR Guide Capture	msk_pooledseq_polyIII	february-2018-3M	NXT	TRU	false			missing
Cardiac	MSK	2cbf283e-6379-4a24-9f38-8f3db74170f8	/MSK_Perturbseq06_Cardiac_20260902/	CP_R3_gRNA_B1_IGO_18498_13_S7_L007_I1_001.fastq.gz	CP_R3_gRNA_B1_IGO_18498_13_S7_L007_I1_001.fastq.gz	fastq.gz	7	index1	10	CP_B1_gRNA	BONO_0157	CRISPR Guide Capture	msk_pooledseq_polyIII	february-2018-3M	NXT	TRU	false			missing
Cardiac	MSK	2cbf283e-6379-4a24-9f38-8f3db74170f8	/MSK_Perturbseq06_Cardiac_20260902/	CP_R3_gRNA_B1_IGO_18498_13_S7_L007_I2_001.fastq.gz	CP_R3_gRNA_B1_IGO_18498_13_S7_L007_I2_001.fastq.gz	fastq.gz	7	index2	10	CP_B1_gRNA	BONO_0157	CRISPR Guide Capture	msk_pooledseq_polyIII	february-2018-3M	NXT	TRU	false			missing
Cardiac	MSK	2cbf283e-6379-4a24-9f38-8f3db74170f8	/MSK_Perturbseq06_Cardiac_20260902/	CP_R3_gRNA_B1_IGO_18498_13_S7_L007_R1_001.fastq.gz	CP_R3_gRNA_B1_IGO_18498_13_S7_L007_R1_001.fastq.gz	fastq.gz	7	read1	29	CP_B1_gRNA	BONO_0157	CRISPR Guide Capture	msk_pooledseq_polyIII	february-2018-3M	NXT	TRU	false			missing
Cardiac	MSK	2cbf283e-6379-4a24-9f38-8f3db74170f8	/MSK_Perturbseq06_Cardiac_20260902/	CP_R3_gRNA_B1_IGO_18498_13_S7_L007_R2_001.fastq.gz	CP_R3_gRNA_B1_IGO_18498_13_S7_L007_R2_001.fastq.gz	fastq.gz	7	read2	89	CP_B1_gRNA	BONO_0157	CRISPR Guide Capture	msk_pooledseq_polyIII	february-2018-3M	NXT	TRU	false			missing
Cardiac	MSK	2cbf283e-6379-4a24-9f38-8f3db74170f8	/MSK_Perturbseq06_Cardiac_20260902/	CP_R3_gRNA_B1_IGO_18498_13_S7_L008_I1_001.fastq.gz	CP_R3_gRNA_B1_IGO_18498_13_S7_L008_I1_001.fastq.gz	fastq.gz	8	index1	10	CP_B1_gRNA	BONO_0157	CRISPR Guide Capture	msk_pooledseq_polyIII	february-2018-3M	NXT	TRU	false			missing
Cardiac	MSK	2cbf283e-6379-4a24-9f38-8f3db74170f8	/MSK_Perturbseq06_Cardiac_20260902/	CP_R3_gRNA_B1_IGO_18498_13_S7_L008_I2_001.fastq.gz	CP_R3_gRNA_B1_IGO_18498_13_S7_L008_I2_001.fastq.gz	fastq.gz	8	index2	10	CP_B1_gRNA	BONO_0157	CRISPR Guide Capture	msk_pooledseq_polyIII	february-2018-3M	NXT	TRU	false			missing
Cardiac	MSK	2cbf283e-6379-4a24-9f38-8f3db74170f8	/MSK_Perturbseq06_Cardiac_20260902/	CP_R3_gRNA_B1_IGO_18498_13_S7_L008_R1_001.fastq.gz	CP_R3_gRNA_B1_IGO_18498_13_S7_L008_R1_001.fastq.gz	fastq.gz	8	read1	29	CP_B1_gRNA	BONO_0157	CRISPR Guide Capture	msk_pooledseq_polyIII	february-2018-3M	NXT	TRU	false			missing
Cardiac	MSK	2cbf283e-6379-4a24-9f38-8f3db74170f8	/MSK_Perturbseq06_Cardiac_20260902/	CP_R3_gRNA_B1_IGO_18498_13_S7_L008_R2_001.fastq.gz	CP_R3_gRNA_B1_IGO_18498_13_S7_L008_R2_001.fastq.gz	fastq.gz	8	read2	89	CP_B1_gRNA	BONO_0157	CRISPR Guide Capture	msk_pooledseq_polyIII	february-2018-3M	NXT	TRU	false			missing
Cardiac	MSK	2cbf283e-6379-4a24-9f38-8f3db74170f8	/MSK_Perturbseq06_Cardiac_20260902/	CP_R3_mRNA_B1_2_IGO_18498_B_5_S20_L001_I1_001.fastq.gz	CP_R3_mRNA_B1_2_IGO_18498_B_5_S20_L001_I1_001.fastq.gz	fastq.gz	1	index1	10	CP_B1_mRNA	BONO_0157	Gene Expression	msk_pooledseq_transcriptome	february-2018-3M	TRU	TRU	false			missing
Cardiac	MSK	2cbf283e-6379-4a24-9f38-8f3db74170f8	/MSK_Perturbseq06_Cardiac_20260902/	CP_R3_mRNA_B1_2_IGO_18498_B_5_S20_L001_I2_001.fastq.gz	CP_R3_mRNA_B1_2_IGO_18498_B_5_S20_L001_I2_001.fastq.gz	fastq.gz	1	index2	10	CP_B1_mRNA	BONO_0157	Gene Expression	msk_pooledseq_transcriptome	february-2018-3M	TRU	TRU	false			missing
Cardiac	MSK	2cbf283e-6379-4a24-9f38-8f3db74170f8	/MSK_Perturbseq06_Cardiac_20260902/	CP_R3_mRNA_B1_2_IGO_18498_B_5_S20_L001_R1_001.fastq.gz	CP_R3_mRNA_B1_2_IGO_18498_B_5_S20_L001_R1_001.fastq.gz	fastq.gz	1	read1	29	CP_B1_mRNA	BONO_0157	Gene Expression	msk_pooledseq_transcriptome	february-2018-3M	TRU	TRU	false			missing
Cardiac	MSK	2cbf283e-6379-4a24-9f38-8f3db74170f8	/MSK_Perturbseq06_Cardiac_20260902/	CP_R3_mRNA_B1_2_IGO_18498_B_5_S20_L001_R2_001.fastq.gz	CP_R3_mRNA_B1_2_IGO_18498_B_5_S20_L001_R2_001.fastq.gz	fastq.gz	1	read2	89	CP_B1_mRNA	BONO_0157	Gene Expression	msk_pooledseq_transcriptome	february-2018-3M	TRU	TRU	false			missing
Cardiac	MSK	2cbf283e-6379-4a24-9f38-8f3db74170f8	/MSK_Perturbseq06_Cardiac_20260902/	CP_R3_mRNA_B1_2_IGO_18498_B_5_S20_L002_I1_001.fastq.gz	CP_R3_mRNA_B1_2_IGO_18498_B_5_S20_L002_I1_001.fastq.gz	fastq.gz	2	index1	10	CP_B1_mRNA	BONO_0157	Gene Expression	msk_pooledseq_transcriptome	february-2018-3M	TRU	TRU	false			missing
Cardiac	MSK	2cbf283e-6379-4a24-9f38-8f3db74170f8	/MSK_Perturbseq06_Cardiac_20260902/	CP_R3_mRNA_B1_2_IGO_18498_B_5_S20_L002_I2_001.fastq.gz	CP_R3_mRNA_B1_2_IGO_18498_B_5_S20_L002_I2_001.fastq.gz	fastq.gz	2	index2	10	CP_B1_mRNA	BONO_0157	Gene Expression	msk_pooledseq_transcriptome	february-2018-3M	TRU	TRU	false			missing
Cardiac	MSK	2cbf283e-6379-4a24-9f38-8f3db74170f8	/MSK_Perturbseq06_Cardiac_20260902/	CP_R3_mRNA_B1_2_IGO_18498_B_5_S20_L002_R1_001.fastq.gz	CP_R3_mRNA_B1_2_IGO_18498_B_5_S20_L002_R1_001.fastq.gz	fastq.gz	2	read1	29	CP_B1_mRNA	BONO_0157	Gene Expression	msk_pooledseq_transcriptome	february-2018-3M	TRU	TRU	false			missing
Cardiac	MSK	2cbf283e-6379-4a24-9f38-8f3db74170f8	/MSK_Perturbseq06_Cardiac_20260902/	CP_R3_mRNA_B1_2_IGO_18498_B_5_S20_L002_R2_001.fastq.gz	CP_R3_mRNA_B1_2_IGO_18498_B_5_S20_L002_R2_001.fastq.gz	fastq.gz	2	read2	89	CP_B1_mRNA	BONO_0157	Gene Expression	msk_pooledseq_transcriptome	february-2018-3M	TRU	TRU	false			missing
Cardiac	MSK	2cbf283e-6379-4a24-9f38-8f3db74170f8	/MSK_Perturbseq06_Cardiac_20260902/	CP_R3_mRNA_B1_2_IGO_18498_B_5_S20_L003_I1_001.fastq.gz	CP_R3_mRNA_B1_2_IGO_18498_B_5_S20_L003_I1_001.fastq.gz	fastq.gz	3	index1	10	CP_B1_mRNA	BONO_0157	Gene Expression	msk_pooledseq_transcriptome	february-2018-3M	TRU	TRU	false			missing
Cardiac	MSK	2cbf283e-6379-4a24-9f38-8f3db74170f8	/MSK_Perturbseq06_Cardiac_20260902/	CP_R3_mRNA_B1_2_IGO_18498_B_5_S20_L003_I2_001.fastq.gz	CP_R3_mRNA_B1_2_IGO_18498_B_5_S20_L003_I2_001.fastq.gz	fastq.gz	3	index2	10	CP_B1_mRNA	BONO_0157	Gene Expression	msk_pooledseq_transcriptome	february-2018-3M	TRU	TRU	false			missing
Cardiac	MSK	2cbf283e-6379-4a24-9f38-8f3db74170f8	/MSK_Perturbseq06_Cardiac_20260902/	CP_R3_mRNA_B1_2_IGO_18498_B_5_S20_L003_R1_001.fastq.gz	CP_R3_mRNA_B1_2_IGO_18498_B_5_S20_L003_R1_001.fastq.gz	fastq.gz	3	read1	29	CP_B1_mRNA	BONO_0157	Gene Expression	msk_pooledseq_transcriptome	february-2018-3M	TRU	TRU	false			missing
Cardiac	MSK	2cbf283e-6379-4a24-9f38-8f3db74170f8	/MSK_Perturbseq06_Cardiac_20260902/	CP_R3_mRNA_B1_2_IGO_18498_B_5_S20_L003_R2_001.fastq.gz	CP_R3_mRNA_B1_2_IGO_18498_B_5_S20_L003_R2_001.fastq.gz	fastq.gz	3	read2	89	CP_B1_mRNA	BONO_0157	Gene Expression	msk_pooledseq_transcriptome	february-2018-3M	TRU	TRU	false			missing
Cardiac	MSK	2cbf283e-6379-4a24-9f38-8f3db74170f8	/MSK_Perturbseq06_Cardiac_20260902/	CP_R3_mRNA_B1_2_IGO_18498_B_5_S20_L004_I1_001.fastq.gz	CP_R3_mRNA_B1_2_IGO_18498_B_5_S20_L004_I1_001.fastq.gz	fastq.gz	4	index1	10	CP_B1_mRNA	BONO_0157	Gene Expression	msk_pooledseq_transcriptome	february-2018-3M	TRU	TRU	false			missing
Cardiac	MSK	2cbf283e-6379-4a24-9f38-8f3db74170f8	/MSK_Perturbseq06_Cardiac_20260902/	CP_R3_mRNA_B1_2_IGO_18498_B_5_S20_L004_I2_001.fastq.gz	CP_R3_mRNA_B1_2_IGO_18498_B_5_S20_L004_I2_001.fastq.gz	fastq.gz	4	index2	10	CP_B1_mRNA	BONO_0157	Gene Expression	msk_pooledseq_transcriptome	february-2018-3M	TRU	TRU	false			missing
Cardiac	MSK	2cbf283e-6379-4a24-9f38-8f3db74170f8	/MSK_Perturbseq06_Cardiac_20260902/	CP_R3_mRNA_B1_2_IGO_18498_B_5_S20_L004_R1_001.fastq.gz	CP_R3_mRNA_B1_2_IGO_18498_B_5_S20_L004_R1_001.fastq.gz	fastq.gz	4	read1	29	CP_B1_mRNA	BONO_0157	Gene Expression	msk_pooledseq_transcriptome	february-2018-3M	TRU	TRU	false			missing
Cardiac	MSK	2cbf283e-6379-4a24-9f38-8f3db74170f8	/MSK_Perturbseq06_Cardiac_20260902/	CP_R3_mRNA_B1_2_IGO_18498_B_5_S20_L004_R2_001.fastq.gz	CP_R3_mRNA_B1_2_IGO_18498_B_5_S20_L004_R2_001.fastq.gz	fastq.gz	4	read2	89	CP_B1_mRNA	BONO_0157	Gene Expression	msk_pooledseq_transcriptome	february-2018-3M	TRU	TRU	false			missing
Cardiac	MSK	2cbf283e-6379-4a24-9f38-8f3db74170f8	/MSK_Perturbseq06_Cardiac_20260902/	CP_R3_mRNA_B1_2_IGO_18498_B_5_S20_L005_I1_001.fastq.gz	CP_R3_mRNA_B1_2_IGO_18498_B_5_S20_L005_I1_001.fastq.gz	fastq.gz	5	index1	10	CP_B1_mRNA	BONO_0157	Gene Expression	msk_pooledseq_transcriptome	february-2018-3M	TRU	TRU	false			missing
Cardiac	MSK	2cbf283e-6379-4a24-9f38-8f3db74170f8	/MSK_Perturbseq06_Cardiac_20260902/	CP_R3_mRNA_B1_2_IGO_18498_B_5_S20_L005_I2_001.fastq.gz	CP_R3_mRNA_B1_2_IGO_18498_B_5_S20_L005_I2_001.fastq.gz	fastq.gz	5	index2	10	CP_B1_mRNA	BONO_0157	Gene Expression	msk_pooledseq_transcriptome	february-2018-3M	TRU	TRU	false			missing
Cardiac	MSK	2cbf283e-6379-4a24-9f38-8f3db74170f8	/MSK_Perturbseq06_Cardiac_20260902/	CP_R3_mRNA_B1_2_IGO_18498_B_5_S20_L005_R1_001.fastq.gz	CP_R3_mRNA_B1_2_IGO_18498_B_5_S20_L005_R1_001.fastq.gz	fastq.gz	5	read1	29	CP_B1_mRNA	BONO_0157	Gene Expression	msk_pooledseq_transcriptome	february-2018-3M	TRU	TRU	false			missing
Cardiac	MSK	2cbf283e-6379-4a24-9f38-8f3db74170f8	/MSK_Perturbseq06_Cardiac_20260902/	CP_R3_mRNA_B1_2_IGO_18498_B_5_S20_L005_R2_001.fastq.gz	CP_R3_mRNA_B1_2_IGO_18498_B_5_S20_L005_R2_001.fastq.gz	fastq.gz	5	read2	89	CP_B1_mRNA	BONO_0157	Gene Expression	msk_pooledseq_transcriptome	february-2018-3M	TRU	TRU	false			missing
Cardiac	MSK	2cbf283e-6379-4a24-9f38-8f3db74170f8	/MSK_Perturbseq06_Cardiac_20260902/	CP_R3_mRNA_B1_2_IGO_18498_B_5_S20_L006_I1_001.fastq.gz	CP_R3_mRNA_B1_2_IGO_18498_B_5_S20_L006_I1_001.fastq.gz	fastq.gz	6	index1	10	CP_B1_mRNA	BONO_0157	Gene Expression	msk_pooledseq_transcriptome	february-2018-3M	TRU	TRU	false			missing
Cardiac	MSK	2cbf283e-6379-4a24-9f38-8f3db74170f8	/MSK_Perturbseq06_Cardiac_20260902/	CP_R3_mRNA_B1_2_IGO_18498_B_5_S20_L006_I2_001.fastq.gz	CP_R3_mRNA_B1_2_IGO_18498_B_5_S20_L006_I2_001.fastq.gz	fastq.gz	6	index2	10	CP_B1_mRNA	BONO_0157	Gene Expression	msk_pooledseq_transcriptome	february-2018-3M	TRU	TRU	false			missing
Cardiac	MSK	2cbf283e-6379-4a24-9f38-8f3db74170f8	/MSK_Perturbseq06_Cardiac_20260902/	CP_R3_mRNA_B1_2_IGO_18498_B_5_S20_L006_R1_001.fastq.gz	CP_R3_mRNA_B1_2_IGO_18498_B_5_S20_L006_R1_001.fastq.gz	fastq.gz	6	read1	29	CP_B1_mRNA	BONO_0157	Gene Expression	msk_pooledseq_transcriptome	february-2018-3M	TRU	TRU	false			missing
Cardiac	MSK	2cbf283e-6379-4a24-9f38-8f3db74170f8	/MSK_Perturbseq06_Cardiac_20260902/	CP_R3_mRNA_B1_2_IGO_18498_B_5_S20_L006_R2_001.fastq.gz	CP_R3_mRNA_B1_2_IGO_18498_B_5_S20_L006_R2_001.fastq.gz	fastq.gz	6	read2	89	CP_B1_mRNA	BONO_0157	Gene Expression	msk_pooledseq_transcriptome	february-2018-3M	TRU	TRU	false			missing
Cardiac	MSK	2cbf283e-6379-4a24-9f38-8f3db74170f8	/MSK_Perturbseq06_Cardiac_20260902/	CP_R3_mRNA_B1_2_IGO_18498_B_5_S20_L007_I1_001.fastq.gz	CP_R3_mRNA_B1_2_IGO_18498_B_5_S20_L007_I1_001.fastq.gz	fastq.gz	7	index1	10	CP_B1_mRNA	BONO_0157	Gene Expression	msk_pooledseq_transcriptome	february-2018-3M	TRU	TRU	false			missing
Cardiac	MSK	2cbf283e-6379-4a24-9f38-8f3db74170f8	/MSK_Perturbseq06_Cardiac_20260902/	CP_R3_mRNA_B1_2_IGO_18498_B_5_S20_L007_I2_001.fastq.gz	CP_R3_mRNA_B1_2_IGO_18498_B_5_S20_L007_I2_001.fastq.gz	fastq.gz	7	index2	10	CP_B1_mRNA	BONO_0157	Gene Expression	msk_pooledseq_transcriptome	february-2018-3M	TRU	TRU	false			missing
Cardiac	MSK	2cbf283e-6379-4a24-9f38-8f3db74170f8	/MSK_Perturbseq06_Cardiac_20260902/	CP_R3_mRNA_B1_2_IGO_18498_B_5_S20_L007_R1_001.fastq.gz	CP_R3_mRNA_B1_2_IGO_18498_B_5_S20_L007_R1_001.fastq.gz	fastq.gz	7	read1	29	CP_B1_mRNA	BONO_0157	Gene Expression	msk_pooledseq_transcriptome	february-2018-3M	TRU	TRU	false			missing
Cardiac	MSK	2cbf283e-6379-4a24-9f38-8f3db74170f8	/MSK_Perturbseq06_Cardiac_20260902/	CP_R3_mRNA_B1_2_IGO_18498_B_5_S20_L007_R2_001.fastq.gz	CP_R3_mRNA_B1_2_IGO_18498_B_5_S20_L007_R2_001.fastq.gz	fastq.gz	7	read2	89	CP_B1_mRNA	BONO_0157	Gene Expression	msk_pooledseq_transcriptome	february-2018-3M	TRU	TRU	false			missing
Cardiac	MSK	2cbf283e-6379-4a24-9f38-8f3db74170f8	/MSK_Perturbseq06_Cardiac_20260902/	CP_R3_mRNA_B1_2_IGO_18498_B_5_S20_L008_I1_001.fastq.gz	CP_R3_mRNA_B1_2_IGO_18498_B_5_S20_L008_I1_001.fastq.gz	fastq.gz	8	index1	10	CP_B1_mRNA	BONO_0157	Gene Expression	msk_pooledseq_transcriptome	february-2018-3M	TRU	TRU	false			missing
Cardiac	MSK	2cbf283e-6379-4a24-9f38-8f3db74170f8	/MSK_Perturbseq06_Cardiac_20260902/	CP_R3_mRNA_B1_2_IGO_18498_B_5_S20_L008_I2_001.fastq.gz	CP_R3_mRNA_B1_2_IGO_18498_B_5_S20_L008_I2_001.fastq.gz	fastq.gz	8	index2	10	CP_B1_mRNA	BONO_0157	Gene Expression	msk_pooledseq_transcriptome	february-2018-3M	TRU	TRU	false			missing
Cardiac	MSK	2cbf283e-6379-4a24-9f38-8f3db74170f8	/MSK_Perturbseq06_Cardiac_20260902/	CP_R3_mRNA_B1_2_IGO_18498_B_5_S20_L008_R1_001.fastq.gz	CP_R3_mRNA_B1_2_IGO_18498_B_5_S20_L008_R1_001.fastq.gz	fastq.gz	8	read1	29	CP_B1_mRNA	BONO_0157	Gene Expression	msk_pooledseq_transcriptome	february-2018-3M	TRU	TRU	false			missing
Cardiac	MSK	2cbf283e-6379-4a24-9f38-8f3db74170f8	/MSK_Perturbseq06_Cardiac_20260902/	CP_R3_mRNA_B1_2_IGO_18498_B_5_S20_L008_R2_001.fastq.gz	CP_R3_mRNA_B1_2_IGO_18498_B_5_S20_L008_R2_001.fastq.gz	fastq.gz	8	read2	89	CP_B1_mRNA	BONO_0157	Gene Expression	msk_pooledseq_transcriptome	february-2018-3M	TRU	TRU	false			missing
Cardiac	MSK	2cbf283e-6379-4a24-9f38-8f3db74170f8	/MSK_Perturbseq06_Cardiac_20260902/	CP_R3_mRNA_B1_2_IGO_18498_B_5_S5_L001_I1_001.fastq.gz	CP_R3_mRNA_B1_2_IGO_18498_B_5_S5_L001_I1_001.fastq.gz	fastq.gz	1	index1	10	CP_B1_mRNA	FAUCI2_0161	Gene Expression	msk_pooledseq_transcriptome	february-2018-3M	TRU	TRU	false			missing
Cardiac	MSK	2cbf283e-6379-4a24-9f38-8f3db74170f8	/MSK_Perturbseq06_Cardiac_20260902/	CP_R3_mRNA_B1_2_IGO_18498_B_5_S5_L001_I2_001.fastq.gz	CP_R3_mRNA_B1_2_IGO_18498_B_5_S5_L001_I2_001.fastq.gz	fastq.gz	1	index2	10	CP_B1_mRNA	FAUCI2_0161	Gene Expression	msk_pooledseq_transcriptome	february-2018-3M	TRU	TRU	false			missing
Cardiac	MSK	2cbf283e-6379-4a24-9f38-8f3db74170f8	/MSK_Perturbseq06_Cardiac_20260902/	CP_R3_mRNA_B1_2_IGO_18498_B_5_S5_L001_R1_001.fastq.gz	CP_R3_mRNA_B1_2_IGO_18498_B_5_S5_L001_R1_001.fastq.gz	fastq.gz	1	read1	29	CP_B1_mRNA	FAUCI2_0161	Gene Expression	msk_pooledseq_transcriptome	february-2018-3M	TRU	TRU	false			missing
Cardiac	MSK	2cbf283e-6379-4a24-9f38-8f3db74170f8	/MSK_Perturbseq06_Cardiac_20260902/	CP_R3_mRNA_B1_2_IGO_18498_B_5_S5_L001_R2_001.fastq.gz	CP_R3_mRNA_B1_2_IGO_18498_B_5_S5_L001_R2_001.fastq.gz	fastq.gz	1	read2	89	CP_B1_mRNA	FAUCI2_0161	Gene Expression	msk_pooledseq_transcriptome	february-2018-3M	TRU	TRU	false			missing
Cardiac	MSK	2cbf283e-6379-4a24-9f38-8f3db74170f8	/MSK_Perturbseq06_Cardiac_20260902/	CP_R3_mRNA_B1_2_IGO_18498_B_5_S5_L002_I1_001.fastq.gz	CP_R3_mRNA_B1_2_IGO_18498_B_5_S5_L002_I1_001.fastq.gz	fastq.gz	2	index1	10	CP_B1_mRNA	FAUCI2_0161	Gene Expression	msk_pooledseq_transcriptome	february-2018-3M	TRU	TRU	false			missing
Cardiac	MSK	2cbf283e-6379-4a24-9f38-8f3db74170f8	/MSK_Perturbseq06_Cardiac_20260902/	CP_R3_mRNA_B1_2_IGO_18498_B_5_S5_L002_I2_001.fastq.gz	CP_R3_mRNA_B1_2_IGO_18498_B_5_S5_L002_I2_001.fastq.gz	fastq.gz	2	index2	10	CP_B1_mRNA	FAUCI2_0161	Gene Expression	msk_pooledseq_transcriptome	february-2018-3M	TRU	TRU	false			missing
Cardiac	MSK	2cbf283e-6379-4a24-9f38-8f3db74170f8	/MSK_Perturbseq06_Cardiac_20260902/	CP_R3_mRNA_B1_2_IGO_18498_B_5_S5_L002_R1_001.fastq.gz	CP_R3_mRNA_B1_2_IGO_18498_B_5_S5_L002_R1_001.fastq.gz	fastq.gz	2	read1	29	CP_B1_mRNA	FAUCI2_0161	Gene Expression	msk_pooledseq_transcriptome	february-2018-3M	TRU	TRU	false			missing
Cardiac	MSK	2cbf283e-6379-4a24-9f38-8f3db74170f8	/MSK_Perturbseq06_Cardiac_20260902/	CP_R3_mRNA_B1_2_IGO_18498_B_5_S5_L002_R2_001.fastq.gz	CP_R3_mRNA_B1_2_IGO_18498_B_5_S5_L002_R2_001.fastq.gz	fastq.gz	2	read2	89	CP_B1_mRNA	FAUCI2_0161	Gene Expression	msk_pooledseq_transcriptome	february-2018-3M	TRU	TRU	false			missing
Cardiac	MSK	2cbf283e-6379-4a24-9f38-8f3db74170f8	/MSK_Perturbseq06_Cardiac_20260902/	CP_R3_mRNA_B1_2_IGO_18498_B_5_S5_L003_I1_001.fastq.gz	CP_R3_mRNA_B1_2_IGO_18498_B_5_S5_L003_I1_001.fastq.gz	fastq.gz	3	index1	10	CP_B1_mRNA	FAUCI2_0161	Gene Expression	msk_pooledseq_transcriptome	february-2018-3M	TRU	TRU	false			missing
Cardiac	MSK	2cbf283e-6379-4a24-9f38-8f3db74170f8	/MSK_Perturbseq06_Cardiac_20260902/	CP_R3_mRNA_B1_2_IGO_18498_B_5_S5_L003_I2_001.fastq.gz	CP_R3_mRNA_B1_2_IGO_18498_B_5_S5_L003_I2_001.fastq.gz	fastq.gz	3	index2	10	CP_B1_mRNA	FAUCI2_0161	Gene Expression	msk_pooledseq_transcriptome	february-2018-3M	TRU	TRU	false			missing
Cardiac	MSK	2cbf283e-6379-4a24-9f38-8f3db74170f8	/MSK_Perturbseq06_Cardiac_20260902/	CP_R3_mRNA_B1_2_IGO_18498_B_5_S5_L003_R1_001.fastq.gz	CP_R3_mRNA_B1_2_IGO_18498_B_5_S5_L003_R1_001.fastq.gz	fastq.gz	3	read1	29	CP_B1_mRNA	FAUCI2_0161	Gene Expression	msk_pooledseq_transcriptome	february-2018-3M	TRU	TRU	false			missing
Cardiac	MSK	2cbf283e-6379-4a24-9f38-8f3db74170f8	/MSK_Perturbseq06_Cardiac_20260902/	CP_R3_mRNA_B1_2_IGO_18498_B_5_S5_L003_R2_001.fastq.gz	CP_R3_mRNA_B1_2_IGO_18498_B_5_S5_L003_R2_001.fastq.gz	fastq.gz	3	read2	89	CP_B1_mRNA	FAUCI2_0161	Gene Expression	msk_pooledseq_transcriptome	february-2018-3M	TRU	TRU	false			missing
Cardiac	MSK	2cbf283e-6379-4a24-9f38-8f3db74170f8	/MSK_Perturbseq06_Cardiac_20260902/	CP_R3_mRNA_B1_2_IGO_18498_B_5_S5_L004_I1_001.fastq.gz	CP_R3_mRNA_B1_2_IGO_18498_B_5_S5_L004_I1_001.fastq.gz	fastq.gz	4	index1	10	CP_B1_mRNA	FAUCI2_0161	Gene Expression	msk_pooledseq_transcriptome	february-2018-3M	TRU	TRU	false			missing
Cardiac	MSK	2cbf283e-6379-4a24-9f38-8f3db74170f8	/MSK_Perturbseq06_Cardiac_20260902/	CP_R3_mRNA_B1_2_IGO_18498_B_5_S5_L004_I2_001.fastq.gz	CP_R3_mRNA_B1_2_IGO_18498_B_5_S5_L004_I2_001.fastq.gz	fastq.gz	4	index2	10	CP_B1_mRNA	FAUCI2_0161	Gene Expression	msk_pooledseq_transcriptome	february-2018-3M	TRU	TRU	false			missing
Cardiac	MSK	2cbf283e-6379-4a24-9f38-8f3db74170f8	/MSK_Perturbseq06_Cardiac_20260902/	CP_R3_mRNA_B1_2_IGO_18498_B_5_S5_L004_R1_001.fastq.gz	CP_R3_mRNA_B1_2_IGO_18498_B_5_S5_L004_R1_001.fastq.gz	fastq.gz	4	read1	29	CP_B1_mRNA	FAUCI2_0161	Gene Expression	msk_pooledseq_transcriptome	february-2018-3M	TRU	TRU	false			missing
Cardiac	MSK	2cbf283e-6379-4a24-9f38-8f3db74170f8	/MSK_Perturbseq06_Cardiac_20260902/	CP_R3_mRNA_B1_2_IGO_18498_B_5_S5_L004_R2_001.fastq.gz	CP_R3_mRNA_B1_2_IGO_18498_B_5_S5_L004_R2_001.fastq.gz	fastq.gz	4	read2	89	CP_B1_mRNA	FAUCI2_0161	Gene Expression	msk_pooledseq_transcriptome	february-2018-3M	TRU	TRU	false			missing
Cardiac	MSK	2cbf283e-6379-4a24-9f38-8f3db74170f8	/MSK_Perturbseq06_Cardiac_20260902/	CP_R3_mRNA_B1_2_IGO_18498_B_5_S5_L005_I1_001.fastq.gz	CP_R3_mRNA_B1_2_IGO_18498_B_5_S5_L005_I1_001.fastq.gz	fastq.gz	5	index1	10	CP_B1_mRNA	FAUCI2_0161	Gene Expression	msk_pooledseq_transcriptome	february-2018-3M	TRU	TRU	false			missing
Cardiac	MSK	2cbf283e-6379-4a24-9f38-8f3db74170f8	/MSK_Perturbseq06_Cardiac_20260902/	CP_R3_mRNA_B1_2_IGO_18498_B_5_S5_L005_I2_001.fastq.gz	CP_R3_mRNA_B1_2_IGO_18498_B_5_S5_L005_I2_001.fastq.gz	fastq.gz	5	index2	10	CP_B1_mRNA	FAUCI2_0161	Gene Expression	msk_pooledseq_transcriptome	february-2018-3M	TRU	TRU	false			missing
Cardiac	MSK	2cbf283e-6379-4a24-9f38-8f3db74170f8	/MSK_Perturbseq06_Cardiac_20260902/	CP_R3_mRNA_B1_2_IGO_18498_B_5_S5_L005_R1_001.fastq.gz	CP_R3_mRNA_B1_2_IGO_18498_B_5_S5_L005_R1_001.fastq.gz	fastq.gz	5	read1	29	CP_B1_mRNA	FAUCI2_0161	Gene Expression	msk_pooledseq_transcriptome	february-2018-3M	TRU	TRU	false			missing
Cardiac	MSK	2cbf283e-6379-4a24-9f38-8f3db74170f8	/MSK_Perturbseq06_Cardiac_20260902/	CP_R3_mRNA_B1_2_IGO_18498_B_5_S5_L005_R2_001.fastq.gz	CP_R3_mRNA_B1_2_IGO_18498_B_5_S5_L005_R2_001.fastq.gz	fastq.gz	5	read2	89	CP_B1_mRNA	FAUCI2_0161	Gene Expression	msk_pooledseq_transcriptome	february-2018-3M	TRU	TRU	false			missing
Cardiac	MSK	2cbf283e-6379-4a24-9f38-8f3db74170f8	/MSK_Perturbseq06_Cardiac_20260902/	CP_R3_mRNA_B1_2_IGO_18498_B_5_S5_L006_I1_001.fastq.gz	CP_R3_mRNA_B1_2_IGO_18498_B_5_S5_L006_I1_001.fastq.gz	fastq.gz	6	index1	10	CP_B1_mRNA	FAUCI2_0161	Gene Expression	msk_pooledseq_transcriptome	february-2018-3M	TRU	TRU	false			missing
Cardiac	MSK	2cbf283e-6379-4a24-9f38-8f3db74170f8	/MSK_Perturbseq06_Cardiac_20260902/	CP_R3_mRNA_B1_2_IGO_18498_B_5_S5_L006_I2_001.fastq.gz	CP_R3_mRNA_B1_2_IGO_18498_B_5_S5_L006_I2_001.fastq.gz	fastq.gz	6	index2	10	CP_B1_mRNA	FAUCI2_0161	Gene Expression	msk_pooledseq_transcriptome	february-2018-3M	TRU	TRU	false			missing
Cardiac	MSK	2cbf283e-6379-4a24-9f38-8f3db74170f8	/MSK_Perturbseq06_Cardiac_20260902/	CP_R3_mRNA_B1_2_IGO_18498_B_5_S5_L006_R1_001.fastq.gz	CP_R3_mRNA_B1_2_IGO_18498_B_5_S5_L006_R1_001.fastq.gz	fastq.gz	6	read1	29	CP_B1_mRNA	FAUCI2_0161	Gene Expression	msk_pooledseq_transcriptome	february-2018-3M	TRU	TRU	false			missing
Cardiac	MSK	2cbf283e-6379-4a24-9f38-8f3db74170f8	/MSK_Perturbseq06_Cardiac_20260902/	CP_R3_mRNA_B1_2_IGO_18498_B_5_S5_L006_R2_001.fastq.gz	CP_R3_mRNA_B1_2_IGO_18498_B_5_S5_L006_R2_001.fastq.gz	fastq.gz	6	read2	89	CP_B1_mRNA	FAUCI2_0161	Gene Expression	msk_pooledseq_transcriptome	february-2018-3M	TRU	TRU	false			missing
Cardiac	MSK	2cbf283e-6379-4a24-9f38-8f3db74170f8	/MSK_Perturbseq06_Cardiac_20260902/	CP_R3_mRNA_B1_2_IGO_18498_B_5_S5_L007_I1_001.fastq.gz	CP_R3_mRNA_B1_2_IGO_18498_B_5_S5_L007_I1_001.fastq.gz	fastq.gz	7	index1	10	CP_B1_mRNA	FAUCI2_0161	Gene Expression	msk_pooledseq_transcriptome	february-2018-3M	TRU	TRU	false			missing
Cardiac	MSK	2cbf283e-6379-4a24-9f38-8f3db74170f8	/MSK_Perturbseq06_Cardiac_20260902/	CP_R3_mRNA_B1_2_IGO_18498_B_5_S5_L007_I2_001.fastq.gz	CP_R3_mRNA_B1_2_IGO_18498_B_5_S5_L007_I2_001.fastq.gz	fastq.gz	7	index2	10	CP_B1_mRNA	FAUCI2_0161	Gene Expression	msk_pooledseq_transcriptome	february-2018-3M	TRU	TRU	false			missing
Cardiac	MSK	2cbf283e-6379-4a24-9f38-8f3db74170f8	/MSK_Perturbseq06_Cardiac_20260902/	CP_R3_mRNA_B1_2_IGO_18498_B_5_S5_L007_R1_001.fastq.gz	CP_R3_mRNA_B1_2_IGO_18498_B_5_S5_L007_R1_001.fastq.gz	fastq.gz	7	read1	29	CP_B1_mRNA	FAUCI2_0161	Gene Expression	msk_pooledseq_transcriptome	february-2018-3M	TRU	TRU	false			missing
Cardiac	MSK	2cbf283e-6379-4a24-9f38-8f3db74170f8	/MSK_Perturbseq06_Cardiac_20260902/	CP_R3_mRNA_B1_2_IGO_18498_B_5_S5_L007_R2_001.fastq.gz	CP_R3_mRNA_B1_2_IGO_18498_B_5_S5_L007_R2_001.fastq.gz	fastq.gz	7	read2	89	CP_B1_mRNA	FAUCI2_0161	Gene Expression	msk_pooledseq_transcriptome	february-2018-3M	TRU	TRU	false			missing
Cardiac	MSK	2cbf283e-6379-4a24-9f38-8f3db74170f8	/MSK_Perturbseq06_Cardiac_20260902/	CP_R3_mRNA_B1_2_IGO_18498_C_5_S1_L001_I1_001.fastq.gz	CP_R3_mRNA_B1_2_IGO_18498_C_5_S1_L001_I1_001.fastq.gz	fastq.gz	1	index1	10	CP_B1_mRNA	FAUCI2_0170	Gene Expression	msk_pooledseq_transcriptome	february-2018-3M	TRU	TRU	false			missing
Cardiac	MSK	2cbf283e-6379-4a24-9f38-8f3db74170f8	/MSK_Perturbseq06_Cardiac_20260902/	CP_R3_mRNA_B1_2_IGO_18498_C_5_S1_L001_I2_001.fastq.gz	CP_R3_mRNA_B1_2_IGO_18498_C_5_S1_L001_I2_001.fastq.gz	fastq.gz	1	index2	10	CP_B1_mRNA	FAUCI2_0170	Gene Expression	msk_pooledseq_transcriptome	february-2018-3M	TRU	TRU	false			missing
Cardiac	MSK	2cbf283e-6379-4a24-9f38-8f3db74170f8	/MSK_Perturbseq06_Cardiac_20260902/	CP_R3_mRNA_B1_2_IGO_18498_C_5_S1_L001_R1_001.fastq.gz	CP_R3_mRNA_B1_2_IGO_18498_C_5_S1_L001_R1_001.fastq.gz	fastq.gz	1	read1	29	CP_B1_mRNA	FAUCI2_0170	Gene Expression	msk_pooledseq_transcriptome	february-2018-3M	TRU	TRU	false			missing
Cardiac	MSK	2cbf283e-6379-4a24-9f38-8f3db74170f8	/MSK_Perturbseq06_Cardiac_20260902/	CP_R3_mRNA_B1_2_IGO_18498_C_5_S1_L001_R2_001.fastq.gz	CP_R3_mRNA_B1_2_IGO_18498_C_5_S1_L001_R2_001.fastq.gz	fastq.gz	1	read2	89	CP_B1_mRNA	FAUCI2_0170	Gene Expression	msk_pooledseq_transcriptome	february-2018-3M	TRU	TRU	false			missing
Cardiac	MSK	2cbf283e-6379-4a24-9f38-8f3db74170f8	/MSK_Perturbseq06_Cardiac_20260902/	CP_R3_mRNA_B1_2_IGO_18498_C_5_S1_L002_I1_001.fastq.gz	CP_R3_mRNA_B1_2_IGO_18498_C_5_S1_L002_I1_001.fastq.gz	fastq.gz	2	index1	10	CP_B1_mRNA	FAUCI2_0170	Gene Expression	msk_pooledseq_transcriptome	february-2018-3M	TRU	TRU	false			missing
Cardiac	MSK	2cbf283e-6379-4a24-9f38-8f3db74170f8	/MSK_Perturbseq06_Cardiac_20260902/	CP_R3_mRNA_B1_2_IGO_18498_C_5_S1_L002_I2_001.fastq.gz	CP_R3_mRNA_B1_2_IGO_18498_C_5_S1_L002_I2_001.fastq.gz	fastq.gz	2	index2	10	CP_B1_mRNA	FAUCI2_0170	Gene Expression	msk_pooledseq_transcriptome	february-2018-3M	TRU	TRU	false			missing
Cardiac	MSK	2cbf283e-6379-4a24-9f38-8f3db74170f8	/MSK_Perturbseq06_Cardiac_20260902/	CP_R3_mRNA_B1_2_IGO_18498_C_5_S1_L002_R1_001.fastq.gz	CP_R3_mRNA_B1_2_IGO_18498_C_5_S1_L002_R1_001.fastq.gz	fastq.gz	2	read1	29	CP_B1_mRNA	FAUCI2_0170	Gene Expression	msk_pooledseq_transcriptome	february-2018-3M	TRU	TRU	false			missing
Cardiac	MSK	2cbf283e-6379-4a24-9f38-8f3db74170f8	/MSK_Perturbseq06_Cardiac_20260902/	CP_R3_mRNA_B1_2_IGO_18498_C_5_S1_L002_R2_001.fastq.gz	CP_R3_mRNA_B1_2_IGO_18498_C_5_S1_L002_R2_001.fastq.gz	fastq.gz	2	read2	89	CP_B1_mRNA	FAUCI2_0170	Gene Expression	msk_pooledseq_transcriptome	february-2018-3M	TRU	TRU	false			missing
Cardiac	MSK	2cbf283e-6379-4a24-9f38-8f3db74170f8	/MSK_Perturbseq06_Cardiac_20260902/	CP_R3_mRNA_B1_2_IGO_18498_C_5_S1_L003_I1_001.fastq.gz	CP_R3_mRNA_B1_2_IGO_18498_C_5_S1_L003_I1_001.fastq.gz	fastq.gz	3	index1	10	CP_B1_mRNA	FAUCI2_0170	Gene Expression	msk_pooledseq_transcriptome	february-2018-3M	TRU	TRU	false			missing
Cardiac	MSK	2cbf283e-6379-4a24-9f38-8f3db74170f8	/MSK_Perturbseq06_Cardiac_20260902/	CP_R3_mRNA_B1_2_IGO_18498_C_5_S1_L003_I2_001.fastq.gz	CP_R3_mRNA_B1_2_IGO_18498_C_5_S1_L003_I2_001.fastq.gz	fastq.gz	3	index2	10	CP_B1_mRNA	FAUCI2_0170	Gene Expression	msk_pooledseq_transcriptome	february-2018-3M	TRU	TRU	false			missing
Cardiac	MSK	2cbf283e-6379-4a24-9f38-8f3db74170f8	/MSK_Perturbseq06_Cardiac_20260902/	CP_R3_mRNA_B1_2_IGO_18498_C_5_S1_L003_R1_001.fastq.gz	CP_R3_mRNA_B1_2_IGO_18498_C_5_S1_L003_R1_001.fastq.gz	fastq.gz	3	read1	29	CP_B1_mRNA	FAUCI2_0170	Gene Expression	msk_pooledseq_transcriptome	february-2018-3M	TRU	TRU	false			missing
Cardiac	MSK	2cbf283e-6379-4a24-9f38-8f3db74170f8	/MSK_Perturbseq06_Cardiac_20260902/	CP_R3_mRNA_B1_2_IGO_18498_C_5_S1_L003_R2_001.fastq.gz	CP_R3_mRNA_B1_2_IGO_18498_C_5_S1_L003_R2_001.fastq.gz	fastq.gz	3	read2	89	CP_B1_mRNA	FAUCI2_0170	Gene Expression	msk_pooledseq_transcriptome	february-2018-3M	TRU	TRU	false			missing
Cardiac	MSK	2cbf283e-6379-4a24-9f38-8f3db74170f8	/MSK_Perturbseq06_Cardiac_20260902/	CP_R3_mRNA_B1_2_IGO_18498_C_5_S1_L004_I1_001.fastq.gz	CP_R3_mRNA_B1_2_IGO_18498_C_5_S1_L004_I1_001.fastq.gz	fastq.gz	4	index1	10	CP_B1_mRNA	FAUCI2_0170	Gene Expression	msk_pooledseq_transcriptome	february-2018-3M	TRU	TRU	false			missing
Cardiac	MSK	2cbf283e-6379-4a24-9f38-8f3db74170f8	/MSK_Perturbseq06_Cardiac_20260902/	CP_R3_mRNA_B1_2_IGO_18498_C_5_S1_L004_I2_001.fastq.gz	CP_R3_mRNA_B1_2_IGO_18498_C_5_S1_L004_I2_001.fastq.gz	fastq.gz	4	index2	10	CP_B1_mRNA	FAUCI2_0170	Gene Expression	msk_pooledseq_transcriptome	february-2018-3M	TRU	TRU	false			missing
Cardiac	MSK	2cbf283e-6379-4a24-9f38-8f3db74170f8	/MSK_Perturbseq06_Cardiac_20260902/	CP_R3_mRNA_B1_2_IGO_18498_C_5_S1_L004_R1_001.fastq.gz	CP_R3_mRNA_B1_2_IGO_18498_C_5_S1_L004_R1_001.fastq.gz	fastq.gz	4	read1	29	CP_B1_mRNA	FAUCI2_0170	Gene Expression	msk_pooledseq_transcriptome	february-2018-3M	TRU	TRU	false			missing
Cardiac	MSK	2cbf283e-6379-4a24-9f38-8f3db74170f8	/MSK_Perturbseq06_Cardiac_20260902/	CP_R3_mRNA_B1_2_IGO_18498_C_5_S1_L004_R2_001.fastq.gz	CP_R3_mRNA_B1_2_IGO_18498_C_5_S1_L004_R2_001.fastq.gz	fastq.gz	4	read2	89	CP_B1_mRNA	FAUCI2_0170	Gene Expression	msk_pooledseq_transcriptome	february-2018-3M	TRU	TRU	false			missing
Cardiac	MSK	2cbf283e-6379-4a24-9f38-8f3db74170f8	/MSK_Perturbseq06_Cardiac_20260902/	CP_R3_mRNA_B1_2_IGO_18498_C_5_S1_L005_I1_001.fastq.gz	CP_R3_mRNA_B1_2_IGO_18498_C_5_S1_L005_I1_001.fastq.gz	fastq.gz	5	index1	10	CP_B1_mRNA	FAUCI2_0170	Gene Expression	msk_pooledseq_transcriptome	february-2018-3M	TRU	TRU	false			missing
Cardiac	MSK	2cbf283e-6379-4a24-9f38-8f3db74170f8	/MSK_Perturbseq06_Cardiac_20260902/	CP_R3_mRNA_B1_2_IGO_18498_C_5_S1_L005_I2_001.fastq.gz	CP_R3_mRNA_B1_2_IGO_18498_C_5_S1_L005_I2_001.fastq.gz	fastq.gz	5	index2	10	CP_B1_mRNA	FAUCI2_0170	Gene Expression	msk_pooledseq_transcriptome	february-2018-3M	TRU	TRU	false			missing
Cardiac	MSK	2cbf283e-6379-4a24-9f38-8f3db74170f8	/MSK_Perturbseq06_Cardiac_20260902/	CP_R3_mRNA_B1_2_IGO_18498_C_5_S1_L005_R1_001.fastq.gz	CP_R3_mRNA_B1_2_IGO_18498_C_5_S1_L005_R1_001.fastq.gz	fastq.gz	5	read1	29	CP_B1_mRNA	FAUCI2_0170	Gene Expression	msk_pooledseq_transcriptome	february-2018-3M	TRU	TRU	false			missing
Cardiac	MSK	2cbf283e-6379-4a24-9f38-8f3db74170f8	/MSK_Perturbseq06_Cardiac_20260902/	CP_R3_mRNA_B1_2_IGO_18498_C_5_S1_L005_R2_001.fastq.gz	CP_R3_mRNA_B1_2_IGO_18498_C_5_S1_L005_R2_001.fastq.gz	fastq.gz	5	read2	89	CP_B1_mRNA	FAUCI2_0170	Gene Expression	msk_pooledseq_transcriptome	february-2018-3M	TRU	TRU	false			missing
Cardiac	MSK	2cbf283e-6379-4a24-9f38-8f3db74170f8	/MSK_Perturbseq06_Cardiac_20260902/	CP_R3_mRNA_B1_2_IGO_18498_C_5_S1_L006_I1_001.fastq.gz	CP_R3_mRNA_B1_2_IGO_18498_C_5_S1_L006_I1_001.fastq.gz	fastq.gz	6	index1	10	CP_B1_mRNA	FAUCI2_0170	Gene Expression	msk_pooledseq_transcriptome	february-2018-3M	TRU	TRU	false			missing
Cardiac	MSK	2cbf283e-6379-4a24-9f38-8f3db74170f8	/MSK_Perturbseq06_Cardiac_20260902/	CP_R3_mRNA_B1_2_IGO_18498_C_5_S1_L006_I2_001.fastq.gz	CP_R3_mRNA_B1_2_IGO_18498_C_5_S1_L006_I2_001.fastq.gz	fastq.gz	6	index2	10	CP_B1_mRNA	FAUCI2_0170	Gene Expression	msk_pooledseq_transcriptome	february-2018-3M	TRU	TRU	false			missing
Cardiac	MSK	2cbf283e-6379-4a24-9f38-8f3db74170f8	/MSK_Perturbseq06_Cardiac_20260902/	CP_R3_mRNA_B1_2_IGO_18498_C_5_S1_L006_R1_001.fastq.gz	CP_R3_mRNA_B1_2_IGO_18498_C_5_S1_L006_R1_001.fastq.gz	fastq.gz	6	read1	29	CP_B1_mRNA	FAUCI2_0170	Gene Expression	msk_pooledseq_transcriptome	february-2018-3M	TRU	TRU	false			missing
Cardiac	MSK	2cbf283e-6379-4a24-9f38-8f3db74170f8	/MSK_Perturbseq06_Cardiac_20260902/	CP_R3_mRNA_B1_2_IGO_18498_C_5_S1_L006_R2_001.fastq.gz	CP_R3_mRNA_B1_2_IGO_18498_C_5_S1_L006_R2_001.fastq.gz	fastq.gz	6	read2	89	CP_B1_mRNA	FAUCI2_0170	Gene Expression	msk_pooledseq_transcriptome	february-2018-3M	TRU	TRU	false			missing
Cardiac	MSK	2cbf283e-6379-4a24-9f38-8f3db74170f8	/MSK_Perturbseq06_Cardiac_20260902/	CP_R3_mRNA_B1_2_IGO_18498_C_5_S1_L007_I1_001.fastq.gz	CP_R3_mRNA_B1_2_IGO_18498_C_5_S1_L007_I1_001.fastq.gz	fastq.gz	7	index1	10	CP_B1_mRNA	FAUCI2_0170	Gene Expression	msk_pooledseq_transcriptome	february-2018-3M	TRU	TRU	false			missing
Cardiac	MSK	2cbf283e-6379-4a24-9f38-8f3db74170f8	/MSK_Perturbseq06_Cardiac_20260902/	CP_R3_mRNA_B1_2_IGO_18498_C_5_S1_L007_I2_001.fastq.gz	CP_R3_mRNA_B1_2_IGO_18498_C_5_S1_L007_I2_001.fastq.gz	fastq.gz	7	index2	10	CP_B1_mRNA	FAUCI2_0170	Gene Expression	msk_pooledseq_transcriptome	february-2018-3M	TRU	TRU	false			missing
Cardiac	MSK	2cbf283e-6379-4a24-9f38-8f3db74170f8	/MSK_Perturbseq06_Cardiac_20260902/	CP_R3_mRNA_B1_2_IGO_18498_C_5_S1_L007_R1_001.fastq.gz	CP_R3_mRNA_B1_2_IGO_18498_C_5_S1_L007_R1_001.fastq.gz	fastq.gz	7	read1	29	CP_B1_mRNA	FAUCI2_0170	Gene Expression	msk_pooledseq_transcriptome	february-2018-3M	TRU	TRU	false			missing
Cardiac	MSK	2cbf283e-6379-4a24-9f38-8f3db74170f8	/MSK_Perturbseq06_Cardiac_20260902/	CP_R3_mRNA_B1_2_IGO_18498_C_5_S1_L007_R2_001.fastq.gz	CP_R3_mRNA_B1_2_IGO_18498_C_5_S1_L007_R2_001.fastq.gz	fastq.gz	7	read2	89	CP_B1_mRNA	FAUCI2_0170	Gene Expression	msk_pooledseq_transcriptome	february-2018-3M	TRU	TRU	false			missing
Cardiac	MSK	2cbf283e-6379-4a24-9f38-8f3db74170f8	/MSK_Perturbseq06_Cardiac_20260902/	CP_R3_mRNA_B1_2_IGO_18498_C_5_S1_L008_I1_001.fastq.gz	CP_R3_mRNA_B1_2_IGO_18498_C_5_S1_L008_I1_001.fastq.gz	fastq.gz	8	index1	10	CP_B1_mRNA	FAUCI2_0170	Gene Expression	msk_pooledseq_transcriptome	february-2018-3M	TRU	TRU	false			missing
Cardiac	MSK	2cbf283e-6379-4a24-9f38-8f3db74170f8	/MSK_Perturbseq06_Cardiac_20260902/	CP_R3_mRNA_B1_2_IGO_18498_C_5_S1_L008_I2_001.fastq.gz	CP_R3_mRNA_B1_2_IGO_18498_C_5_S1_L008_I2_001.fastq.gz	fastq.gz	8	index2	10	CP_B1_mRNA	FAUCI2_0170	Gene Expression	msk_pooledseq_transcriptome	february-2018-3M	TRU	TRU	false			missing
Cardiac	MSK	2cbf283e-6379-4a24-9f38-8f3db74170f8	/MSK_Perturbseq06_Cardiac_20260902/	CP_R3_mRNA_B1_2_IGO_18498_C_5_S1_L008_R1_001.fastq.gz	CP_R3_mRNA_B1_2_IGO_18498_C_5_S1_L008_R1_001.fastq.gz	fastq.gz	8	read1	29	CP_B1_mRNA	FAUCI2_0170	Gene Expression	msk_pooledseq_transcriptome	february-2018-3M	TRU	TRU	false			missing
Cardiac	MSK	2cbf283e-6379-4a24-9f38-8f3db74170f8	/MSK_Perturbseq06_Cardiac_20260902/	CP_R3_mRNA_B1_2_IGO_18498_C_5_S1_L008_R2_001.fastq.gz	CP_R3_mRNA_B1_2_IGO_18498_C_5_S1_L008_R2_001.fastq.gz	fastq.gz	8	read2	89	CP_B1_mRNA	FAUCI2_0170	Gene Expression	msk_pooledseq_transcriptome	february-2018-3M	TRU	TRU	false			missing
Cardiac	MSK	2cbf283e-6379-4a24-9f38-8f3db74170f8	/MSK_Perturbseq06_Cardiac_20260902/	CP_R3_gRNA_B2_IGO_18498_14_S8_L001_I1_001.fastq.gz	CP_R3_gRNA_B2_IGO_18498_14_S8_L001_I1_001.fastq.gz	fastq.gz	1	index1	10	CP_B2_gRNA	BONO_0157	CRISPR Guide Capture	msk_pooledseq_polyIII	february-2018-3M	NXT	TRU	false			missing
Cardiac	MSK	2cbf283e-6379-4a24-9f38-8f3db74170f8	/MSK_Perturbseq06_Cardiac_20260902/	CP_R3_gRNA_B2_IGO_18498_14_S8_L001_I2_001.fastq.gz	CP_R3_gRNA_B2_IGO_18498_14_S8_L001_I2_001.fastq.gz	fastq.gz	1	index2	10	CP_B2_gRNA	BONO_0157	CRISPR Guide Capture	msk_pooledseq_polyIII	february-2018-3M	NXT	TRU	false			missing
Cardiac	MSK	2cbf283e-6379-4a24-9f38-8f3db74170f8	/MSK_Perturbseq06_Cardiac_20260902/	CP_R3_gRNA_B2_IGO_18498_14_S8_L001_R1_001.fastq.gz	CP_R3_gRNA_B2_IGO_18498_14_S8_L001_R1_001.fastq.gz	fastq.gz	1	read1	29	CP_B2_gRNA	BONO_0157	CRISPR Guide Capture	msk_pooledseq_polyIII	february-2018-3M	NXT	TRU	false			missing
Cardiac	MSK	2cbf283e-6379-4a24-9f38-8f3db74170f8	/MSK_Perturbseq06_Cardiac_20260902/	CP_R3_gRNA_B2_IGO_18498_14_S8_L001_R2_001.fastq.gz	CP_R3_gRNA_B2_IGO_18498_14_S8_L001_R2_001.fastq.gz	fastq.gz	1	read2	89	CP_B2_gRNA	BONO_0157	CRISPR Guide Capture	msk_pooledseq_polyIII	february-2018-3M	NXT	TRU	false			missing
Cardiac	MSK	2cbf283e-6379-4a24-9f38-8f3db74170f8	/MSK_Perturbseq06_Cardiac_20260902/	CP_R3_gRNA_B2_IGO_18498_14_S8_L002_I1_001.fastq.gz	CP_R3_gRNA_B2_IGO_18498_14_S8_L002_I1_001.fastq.gz	fastq.gz	2	index1	10	CP_B2_gRNA	BONO_0157	CRISPR Guide Capture	msk_pooledseq_polyIII	february-2018-3M	NXT	TRU	false			missing
Cardiac	MSK	2cbf283e-6379-4a24-9f38-8f3db74170f8	/MSK_Perturbseq06_Cardiac_20260902/	CP_R3_gRNA_B2_IGO_18498_14_S8_L002_I2_001.fastq.gz	CP_R3_gRNA_B2_IGO_18498_14_S8_L002_I2_001.fastq.gz	fastq.gz	2	index2	10	CP_B2_gRNA	BONO_0157	CRISPR Guide Capture	msk_pooledseq_polyIII	february-2018-3M	NXT	TRU	false			missing
Cardiac	MSK	2cbf283e-6379-4a24-9f38-8f3db74170f8	/MSK_Perturbseq06_Cardiac_20260902/	CP_R3_gRNA_B2_IGO_18498_14_S8_L002_R1_001.fastq.gz	CP_R3_gRNA_B2_IGO_18498_14_S8_L002_R1_001.fastq.gz	fastq.gz	2	read1	29	CP_B2_gRNA	BONO_0157	CRISPR Guide Capture	msk_pooledseq_polyIII	february-2018-3M	NXT	TRU	false			missing
Cardiac	MSK	2cbf283e-6379-4a24-9f38-8f3db74170f8	/MSK_Perturbseq06_Cardiac_20260902/	CP_R3_gRNA_B2_IGO_18498_14_S8_L002_R2_001.fastq.gz	CP_R3_gRNA_B2_IGO_18498_14_S8_L002_R2_001.fastq.gz	fastq.gz	2	read2	89	CP_B2_gRNA	BONO_0157	CRISPR Guide Capture	msk_pooledseq_polyIII	february-2018-3M	NXT	TRU	false			missing
Cardiac	MSK	2cbf283e-6379-4a24-9f38-8f3db74170f8	/MSK_Perturbseq06_Cardiac_20260902/	CP_R3_gRNA_B2_IGO_18498_14_S8_L003_I1_001.fastq.gz	CP_R3_gRNA_B2_IGO_18498_14_S8_L003_I1_001.fastq.gz	fastq.gz	3	index1	10	CP_B2_gRNA	BONO_0157	CRISPR Guide Capture	msk_pooledseq_polyIII	february-2018-3M	NXT	TRU	false			missing
Cardiac	MSK	2cbf283e-6379-4a24-9f38-8f3db74170f8	/MSK_Perturbseq06_Cardiac_20260902/	CP_R3_gRNA_B2_IGO_18498_14_S8_L003_I2_001.fastq.gz	CP_R3_gRNA_B2_IGO_18498_14_S8_L003_I2_001.fastq.gz	fastq.gz	3	index2	10	CP_B2_gRNA	BONO_0157	CRISPR Guide Capture	msk_pooledseq_polyIII	february-2018-3M	NXT	TRU	false			missing
Cardiac	MSK	2cbf283e-6379-4a24-9f38-8f3db74170f8	/MSK_Perturbseq06_Cardiac_20260902/	CP_R3_gRNA_B2_IGO_18498_14_S8_L003_R1_001.fastq.gz	CP_R3_gRNA_B2_IGO_18498_14_S8_L003_R1_001.fastq.gz	fastq.gz	3	read1	29	CP_B2_gRNA	BONO_0157	CRISPR Guide Capture	msk_pooledseq_polyIII	february-2018-3M	NXT	TRU	false			missing
Cardiac	MSK	2cbf283e-6379-4a24-9f38-8f3db74170f8	/MSK_Perturbseq06_Cardiac_20260902/	CP_R3_gRNA_B2_IGO_18498_14_S8_L003_R2_001.fastq.gz	CP_R3_gRNA_B2_IGO_18498_14_S8_L003_R2_001.fastq.gz	fastq.gz	3	read2	89	CP_B2_gRNA	BONO_0157	CRISPR Guide Capture	msk_pooledseq_polyIII	february-2018-3M	NXT	TRU	false			missing
Cardiac	MSK	2cbf283e-6379-4a24-9f38-8f3db74170f8	/MSK_Perturbseq06_Cardiac_20260902/	CP_R3_gRNA_B2_IGO_18498_14_S8_L004_I1_001.fastq.gz	CP_R3_gRNA_B2_IGO_18498_14_S8_L004_I1_001.fastq.gz	fastq.gz	4	index1	10	CP_B2_gRNA	BONO_0157	CRISPR Guide Capture	msk_pooledseq_polyIII	february-2018-3M	NXT	TRU	false			missing
Cardiac	MSK	2cbf283e-6379-4a24-9f38-8f3db74170f8	/MSK_Perturbseq06_Cardiac_20260902/	CP_R3_gRNA_B2_IGO_18498_14_S8_L004_I2_001.fastq.gz	CP_R3_gRNA_B2_IGO_18498_14_S8_L004_I2_001.fastq.gz	fastq.gz	4	index2	10	CP_B2_gRNA	BONO_0157	CRISPR Guide Capture	msk_pooledseq_polyIII	february-2018-3M	NXT	TRU	false			missing
Cardiac	MSK	2cbf283e-6379-4a24-9f38-8f3db74170f8	/MSK_Perturbseq06_Cardiac_20260902/	CP_R3_gRNA_B2_IGO_18498_14_S8_L004_R1_001.fastq.gz	CP_R3_gRNA_B2_IGO_18498_14_S8_L004_R1_001.fastq.gz	fastq.gz	4	read1	29	CP_B2_gRNA	BONO_0157	CRISPR Guide Capture	msk_pooledseq_polyIII	february-2018-3M	NXT	TRU	false			missing
Cardiac	MSK	2cbf283e-6379-4a24-9f38-8f3db74170f8	/MSK_Perturbseq06_Cardiac_20260902/	CP_R3_gRNA_B2_IGO_18498_14_S8_L004_R2_001.fastq.gz	CP_R3_gRNA_B2_IGO_18498_14_S8_L004_R2_001.fastq.gz	fastq.gz	4	read2	89	CP_B2_gRNA	BONO_0157	CRISPR Guide Capture	msk_pooledseq_polyIII	february-2018-3M	NXT	TRU	false			missing
Cardiac	MSK	2cbf283e-6379-4a24-9f38-8f3db74170f8	/MSK_Perturbseq06_Cardiac_20260902/	CP_R3_gRNA_B2_IGO_18498_14_S8_L005_I1_001.fastq.gz	CP_R3_gRNA_B2_IGO_18498_14_S8_L005_I1_001.fastq.gz	fastq.gz	5	index1	10	CP_B2_gRNA	BONO_0157	CRISPR Guide Capture	msk_pooledseq_polyIII	february-2018-3M	NXT	TRU	false			missing
Cardiac	MSK	2cbf283e-6379-4a24-9f38-8f3db74170f8	/MSK_Perturbseq06_Cardiac_20260902/	CP_R3_gRNA_B2_IGO_18498_14_S8_L005_I2_001.fastq.gz	CP_R3_gRNA_B2_IGO_18498_14_S8_L005_I2_001.fastq.gz	fastq.gz	5	index2	10	CP_B2_gRNA	BONO_0157	CRISPR Guide Capture	msk_pooledseq_polyIII	february-2018-3M	NXT	TRU	false			missing
Cardiac	MSK	2cbf283e-6379-4a24-9f38-8f3db74170f8	/MSK_Perturbseq06_Cardiac_20260902/	CP_R3_gRNA_B2_IGO_18498_14_S8_L005_R1_001.fastq.gz	CP_R3_gRNA_B2_IGO_18498_14_S8_L005_R1_001.fastq.gz	fastq.gz	5	read1	29	CP_B2_gRNA	BONO_0157	CRISPR Guide Capture	msk_pooledseq_polyIII	february-2018-3M	NXT	TRU	false			missing
Cardiac	MSK	2cbf283e-6379-4a24-9f38-8f3db74170f8	/MSK_Perturbseq06_Cardiac_20260902/	CP_R3_gRNA_B2_IGO_18498_14_S8_L005_R2_001.fastq.gz	CP_R3_gRNA_B2_IGO_18498_14_S8_L005_R2_001.fastq.gz	fastq.gz	5	read2	89	CP_B2_gRNA	BONO_0157	CRISPR Guide Capture	msk_pooledseq_polyIII	february-2018-3M	NXT	TRU	false			missing
Cardiac	MSK	2cbf283e-6379-4a24-9f38-8f3db74170f8	/MSK_Perturbseq06_Cardiac_20260902/	CP_R3_gRNA_B2_IGO_18498_14_S8_L006_I1_001.fastq.gz	CP_R3_gRNA_B2_IGO_18498_14_S8_L006_I1_001.fastq.gz	fastq.gz	6	index1	10	CP_B2_gRNA	BONO_0157	CRISPR Guide Capture	msk_pooledseq_polyIII	february-2018-3M	NXT	TRU	false			missing
Cardiac	MSK	2cbf283e-6379-4a24-9f38-8f3db74170f8	/MSK_Perturbseq06_Cardiac_20260902/	CP_R3_gRNA_B2_IGO_18498_14_S8_L006_I2_001.fastq.gz	CP_R3_gRNA_B2_IGO_18498_14_S8_L006_I2_001.fastq.gz	fastq.gz	6	index2	10	CP_B2_gRNA	BONO_0157	CRISPR Guide Capture	msk_pooledseq_polyIII	february-2018-3M	NXT	TRU	false			missing
Cardiac	MSK	2cbf283e-6379-4a24-9f38-8f3db74170f8	/MSK_Perturbseq06_Cardiac_20260902/	CP_R3_gRNA_B2_IGO_18498_14_S8_L006_R1_001.fastq.gz	CP_R3_gRNA_B2_IGO_18498_14_S8_L006_R1_001.fastq.gz	fastq.gz	6	read1	29	CP_B2_gRNA	BONO_0157	CRISPR Guide Capture	msk_pooledseq_polyIII	february-2018-3M	NXT	TRU	false			missing
Cardiac	MSK	2cbf283e-6379-4a24-9f38-8f3db74170f8	/MSK_Perturbseq06_Cardiac_20260902/	CP_R3_gRNA_B2_IGO_18498_14_S8_L006_R2_001.fastq.gz	CP_R3_gRNA_B2_IGO_18498_14_S8_L006_R2_001.fastq.gz	fastq.gz	6	read2	89	CP_B2_gRNA	BONO_0157	CRISPR Guide Capture	msk_pooledseq_polyIII	february-2018-3M	NXT	TRU	false			missing
Cardiac	MSK	2cbf283e-6379-4a24-9f38-8f3db74170f8	/MSK_Perturbseq06_Cardiac_20260902/	CP_R3_gRNA_B2_IGO_18498_14_S8_L007_I1_001.fastq.gz	CP_R3_gRNA_B2_IGO_18498_14_S8_L007_I1_001.fastq.gz	fastq.gz	7	index1	10	CP_B2_gRNA	BONO_0157	CRISPR Guide Capture	msk_pooledseq_polyIII	february-2018-3M	NXT	TRU	false			missing
Cardiac	MSK	2cbf283e-6379-4a24-9f38-8f3db74170f8	/MSK_Perturbseq06_Cardiac_20260902/	CP_R3_gRNA_B2_IGO_18498_14_S8_L007_I2_001.fastq.gz	CP_R3_gRNA_B2_IGO_18498_14_S8_L007_I2_001.fastq.gz	fastq.gz	7	index2	10	CP_B2_gRNA	BONO_0157	CRISPR Guide Capture	msk_pooledseq_polyIII	february-2018-3M	NXT	TRU	false			missing
Cardiac	MSK	2cbf283e-6379-4a24-9f38-8f3db74170f8	/MSK_Perturbseq06_Cardiac_20260902/	CP_R3_gRNA_B2_IGO_18498_14_S8_L007_R1_001.fastq.gz	CP_R3_gRNA_B2_IGO_18498_14_S8_L007_R1_001.fastq.gz	fastq.gz	7	read1	29	CP_B2_gRNA	BONO_0157	CRISPR Guide Capture	msk_pooledseq_polyIII	february-2018-3M	NXT	TRU	false			missing
Cardiac	MSK	2cbf283e-6379-4a24-9f38-8f3db74170f8	/MSK_Perturbseq06_Cardiac_20260902/	CP_R3_gRNA_B2_IGO_18498_14_S8_L007_R2_001.fastq.gz	CP_R3_gRNA_B2_IGO_18498_14_S8_L007_R2_001.fastq.gz	fastq.gz	7	read2	89	CP_B2_gRNA	BONO_0157	CRISPR Guide Capture	msk_pooledseq_polyIII	february-2018-3M	NXT	TRU	false			missing
Cardiac	MSK	2cbf283e-6379-4a24-9f38-8f3db74170f8	/MSK_Perturbseq06_Cardiac_20260902/	CP_R3_gRNA_B2_IGO_18498_14_S8_L008_I1_001.fastq.gz	CP_R3_gRNA_B2_IGO_18498_14_S8_L008_I1_001.fastq.gz	fastq.gz	8	index1	10	CP_B2_gRNA	BONO_0157	CRISPR Guide Capture	msk_pooledseq_polyIII	february-2018-3M	NXT	TRU	false			missing
Cardiac	MSK	2cbf283e-6379-4a24-9f38-8f3db74170f8	/MSK_Perturbseq06_Cardiac_20260902/	CP_R3_gRNA_B2_IGO_18498_14_S8_L008_I2_001.fastq.gz	CP_R3_gRNA_B2_IGO_18498_14_S8_L008_I2_001.fastq.gz	fastq.gz	8	index2	10	CP_B2_gRNA	BONO_0157	CRISPR Guide Capture	msk_pooledseq_polyIII	february-2018-3M	NXT	TRU	false			missing
Cardiac	MSK	2cbf283e-6379-4a24-9f38-8f3db74170f8	/MSK_Perturbseq06_Cardiac_20260902/	CP_R3_gRNA_B2_IGO_18498_14_S8_L008_R1_001.fastq.gz	CP_R3_gRNA_B2_IGO_18498_14_S8_L008_R1_001.fastq.gz	fastq.gz	8	read1	29	CP_B2_gRNA	BONO_0157	CRISPR Guide Capture	msk_pooledseq_polyIII	february-2018-3M	NXT	TRU	false			missing
Cardiac	MSK	2cbf283e-6379-4a24-9f38-8f3db74170f8	/MSK_Perturbseq06_Cardiac_20260902/	CP_R3_gRNA_B2_IGO_18498_14_S8_L008_R2_001.fastq.gz	CP_R3_gRNA_B2_IGO_18498_14_S8_L008_R2_001.fastq.gz	fastq.gz	8	read2	89	CP_B2_gRNA	BONO_0157	CRISPR Guide Capture	msk_pooledseq_polyIII	february-2018-3M	NXT	TRU	false			missing
Cardiac	MSK	2cbf283e-6379-4a24-9f38-8f3db74170f8	/MSK_Perturbseq06_Cardiac_20260902/	CP_R3_mRNA_B2_2_IGO_18498_B_6_S21_L001_I1_001.fastq.gz	CP_R3_mRNA_B2_2_IGO_18498_B_6_S21_L001_I1_001.fastq.gz	fastq.gz	1	index1	10	CP_B2_mRNA	BONO_0157	Gene Expression	msk_pooledseq_transcriptome	february-2018-3M	TRU	TRU	false			missing
Cardiac	MSK	2cbf283e-6379-4a24-9f38-8f3db74170f8	/MSK_Perturbseq06_Cardiac_20260902/	CP_R3_mRNA_B2_2_IGO_18498_B_6_S21_L001_I2_001.fastq.gz	CP_R3_mRNA_B2_2_IGO_18498_B_6_S21_L001_I2_001.fastq.gz	fastq.gz	1	index2	10	CP_B2_mRNA	BONO_0157	Gene Expression	msk_pooledseq_transcriptome	february-2018-3M	TRU	TRU	false			missing
Cardiac	MSK	2cbf283e-6379-4a24-9f38-8f3db74170f8	/MSK_Perturbseq06_Cardiac_20260902/	CP_R3_mRNA_B2_2_IGO_18498_B_6_S21_L001_R1_001.fastq.gz	CP_R3_mRNA_B2_2_IGO_18498_B_6_S21_L001_R1_001.fastq.gz	fastq.gz	1	read1	29	CP_B2_mRNA	BONO_0157	Gene Expression	msk_pooledseq_transcriptome	february-2018-3M	TRU	TRU	false			missing
Cardiac	MSK	2cbf283e-6379-4a24-9f38-8f3db74170f8	/MSK_Perturbseq06_Cardiac_20260902/	CP_R3_mRNA_B2_2_IGO_18498_B_6_S21_L001_R2_001.fastq.gz	CP_R3_mRNA_B2_2_IGO_18498_B_6_S21_L001_R2_001.fastq.gz	fastq.gz	1	read2	89	CP_B2_mRNA	BONO_0157	Gene Expression	msk_pooledseq_transcriptome	february-2018-3M	TRU	TRU	false			missing
Cardiac	MSK	2cbf283e-6379-4a24-9f38-8f3db74170f8	/MSK_Perturbseq06_Cardiac_20260902/	CP_R3_mRNA_B2_2_IGO_18498_B_6_S21_L002_I1_001.fastq.gz	CP_R3_mRNA_B2_2_IGO_18498_B_6_S21_L002_I1_001.fastq.gz	fastq.gz	2	index1	10	CP_B2_mRNA	BONO_0157	Gene Expression	msk_pooledseq_transcriptome	february-2018-3M	TRU	TRU	false			missing
Cardiac	MSK	2cbf283e-6379-4a24-9f38-8f3db74170f8	/MSK_Perturbseq06_Cardiac_20260902/	CP_R3_mRNA_B2_2_IGO_18498_B_6_S21_L002_I2_001.fastq.gz	CP_R3_mRNA_B2_2_IGO_18498_B_6_S21_L002_I2_001.fastq.gz	fastq.gz	2	index2	10	CP_B2_mRNA	BONO_0157	Gene Expression	msk_pooledseq_transcriptome	february-2018-3M	TRU	TRU	false			missing
Cardiac	MSK	2cbf283e-6379-4a24-9f38-8f3db74170f8	/MSK_Perturbseq06_Cardiac_20260902/	CP_R3_mRNA_B2_2_IGO_18498_B_6_S21_L002_R1_001.fastq.gz	CP_R3_mRNA_B2_2_IGO_18498_B_6_S21_L002_R1_001.fastq.gz	fastq.gz	2	read1	29	CP_B2_mRNA	BONO_0157	Gene Expression	msk_pooledseq_transcriptome	february-2018-3M	TRU	TRU	false			missing
Cardiac	MSK	2cbf283e-6379-4a24-9f38-8f3db74170f8	/MSK_Perturbseq06_Cardiac_20260902/	CP_R3_mRNA_B2_2_IGO_18498_B_6_S21_L002_R2_001.fastq.gz	CP_R3_mRNA_B2_2_IGO_18498_B_6_S21_L002_R2_001.fastq.gz	fastq.gz	2	read2	89	CP_B2_mRNA	BONO_0157	Gene Expression	msk_pooledseq_transcriptome	february-2018-3M	TRU	TRU	false			missing
Cardiac	MSK	2cbf283e-6379-4a24-9f38-8f3db74170f8	/MSK_Perturbseq06_Cardiac_20260902/	CP_R3_mRNA_B2_2_IGO_18498_B_6_S21_L003_I1_001.fastq.gz	CP_R3_mRNA_B2_2_IGO_18498_B_6_S21_L003_I1_001.fastq.gz	fastq.gz	3	index1	10	CP_B2_mRNA	BONO_0157	Gene Expression	msk_pooledseq_transcriptome	february-2018-3M	TRU	TRU	false			missing
Cardiac	MSK	2cbf283e-6379-4a24-9f38-8f3db74170f8	/MSK_Perturbseq06_Cardiac_20260902/	CP_R3_mRNA_B2_2_IGO_18498_B_6_S21_L003_I2_001.fastq.gz	CP_R3_mRNA_B2_2_IGO_18498_B_6_S21_L003_I2_001.fastq.gz	fastq.gz	3	index2	10	CP_B2_mRNA	BONO_0157	Gene Expression	msk_pooledseq_transcriptome	february-2018-3M	TRU	TRU	false			missing
Cardiac	MSK	2cbf283e-6379-4a24-9f38-8f3db74170f8	/MSK_Perturbseq06_Cardiac_20260902/	CP_R3_mRNA_B2_2_IGO_18498_B_6_S21_L003_R1_001.fastq.gz	CP_R3_mRNA_B2_2_IGO_18498_B_6_S21_L003_R1_001.fastq.gz	fastq.gz	3	read1	29	CP_B2_mRNA	BONO_0157	Gene Expression	msk_pooledseq_transcriptome	february-2018-3M	TRU	TRU	false			missing
Cardiac	MSK	2cbf283e-6379-4a24-9f38-8f3db74170f8	/MSK_Perturbseq06_Cardiac_20260902/	CP_R3_mRNA_B2_2_IGO_18498_B_6_S21_L003_R2_001.fastq.gz	CP_R3_mRNA_B2_2_IGO_18498_B_6_S21_L003_R2_001.fastq.gz	fastq.gz	3	read2	89	CP_B2_mRNA	BONO_0157	Gene Expression	msk_pooledseq_transcriptome	february-2018-3M	TRU	TRU	false			missing
Cardiac	MSK	2cbf283e-6379-4a24-9f38-8f3db74170f8	/MSK_Perturbseq06_Cardiac_20260902/	CP_R3_mRNA_B2_2_IGO_18498_B_6_S21_L004_I1_001.fastq.gz	CP_R3_mRNA_B2_2_IGO_18498_B_6_S21_L004_I1_001.fastq.gz	fastq.gz	4	index1	10	CP_B2_mRNA	BONO_0157	Gene Expression	msk_pooledseq_transcriptome	february-2018-3M	TRU	TRU	false			missing
Cardiac	MSK	2cbf283e-6379-4a24-9f38-8f3db74170f8	/MSK_Perturbseq06_Cardiac_20260902/	CP_R3_mRNA_B2_2_IGO_18498_B_6_S21_L004_I2_001.fastq.gz	CP_R3_mRNA_B2_2_IGO_18498_B_6_S21_L004_I2_001.fastq.gz	fastq.gz	4	index2	10	CP_B2_mRNA	BONO_0157	Gene Expression	msk_pooledseq_transcriptome	february-2018-3M	TRU	TRU	false			missing
Cardiac	MSK	2cbf283e-6379-4a24-9f38-8f3db74170f8	/MSK_Perturbseq06_Cardiac_20260902/	CP_R3_mRNA_B2_2_IGO_18498_B_6_S21_L004_R1_001.fastq.gz	CP_R3_mRNA_B2_2_IGO_18498_B_6_S21_L004_R1_001.fastq.gz	fastq.gz	4	read1	29	CP_B2_mRNA	BONO_0157	Gene Expression	msk_pooledseq_transcriptome	february-2018-3M	TRU	TRU	false			missing
Cardiac	MSK	2cbf283e-6379-4a24-9f38-8f3db74170f8	/MSK_Perturbseq06_Cardiac_20260902/	CP_R3_mRNA_B2_2_IGO_18498_B_6_S21_L004_R2_001.fastq.gz	CP_R3_mRNA_B2_2_IGO_18498_B_6_S21_L004_R2_001.fastq.gz	fastq.gz	4	read2	89	CP_B2_mRNA	BONO_0157	Gene Expression	msk_pooledseq_transcriptome	february-2018-3M	TRU	TRU	false			missing
Cardiac	MSK	2cbf283e-6379-4a24-9f38-8f3db74170f8	/MSK_Perturbseq06_Cardiac_20260902/	CP_R3_mRNA_B2_2_IGO_18498_B_6_S21_L005_I1_001.fastq.gz	CP_R3_mRNA_B2_2_IGO_18498_B_6_S21_L005_I1_001.fastq.gz	fastq.gz	5	index1	10	CP_B2_mRNA	BONO_0157	Gene Expression	msk_pooledseq_transcriptome	february-2018-3M	TRU	TRU	false			missing
Cardiac	MSK	2cbf283e-6379-4a24-9f38-8f3db74170f8	/MSK_Perturbseq06_Cardiac_20260902/	CP_R3_mRNA_B2_2_IGO_18498_B_6_S21_L005_I2_001.fastq.gz	CP_R3_mRNA_B2_2_IGO_18498_B_6_S21_L005_I2_001.fastq.gz	fastq.gz	5	index2	10	CP_B2_mRNA	BONO_0157	Gene Expression	msk_pooledseq_transcriptome	february-2018-3M	TRU	TRU	false			missing
Cardiac	MSK	2cbf283e-6379-4a24-9f38-8f3db74170f8	/MSK_Perturbseq06_Cardiac_20260902/	CP_R3_mRNA_B2_2_IGO_18498_B_6_S21_L005_R1_001.fastq.gz	CP_R3_mRNA_B2_2_IGO_18498_B_6_S21_L005_R1_001.fastq.gz	fastq.gz	5	read1	29	CP_B2_mRNA	BONO_0157	Gene Expression	msk_pooledseq_transcriptome	february-2018-3M	TRU	TRU	false			missing
Cardiac	MSK	2cbf283e-6379-4a24-9f38-8f3db74170f8	/MSK_Perturbseq06_Cardiac_20260902/	CP_R3_mRNA_B2_2_IGO_18498_B_6_S21_L005_R2_001.fastq.gz	CP_R3_mRNA_B2_2_IGO_18498_B_6_S21_L005_R2_001.fastq.gz	fastq.gz	5	read2	89	CP_B2_mRNA	BONO_0157	Gene Expression	msk_pooledseq_transcriptome	february-2018-3M	TRU	TRU	false			missing
Cardiac	MSK	2cbf283e-6379-4a24-9f38-8f3db74170f8	/MSK_Perturbseq06_Cardiac_20260902/	CP_R3_mRNA_B2_2_IGO_18498_B_6_S21_L006_I1_001.fastq.gz	CP_R3_mRNA_B2_2_IGO_18498_B_6_S21_L006_I1_001.fastq.gz	fastq.gz	6	index1	10	CP_B2_mRNA	BONO_0157	Gene Expression	msk_pooledseq_transcriptome	february-2018-3M	TRU	TRU	false			missing
Cardiac	MSK	2cbf283e-6379-4a24-9f38-8f3db74170f8	/MSK_Perturbseq06_Cardiac_20260902/	CP_R3_mRNA_B2_2_IGO_18498_B_6_S21_L006_I2_001.fastq.gz	CP_R3_mRNA_B2_2_IGO_18498_B_6_S21_L006_I2_001.fastq.gz	fastq.gz	6	index2	10	CP_B2_mRNA	BONO_0157	Gene Expression	msk_pooledseq_transcriptome	february-2018-3M	TRU	TRU	false			missing
Cardiac	MSK	2cbf283e-6379-4a24-9f38-8f3db74170f8	/MSK_Perturbseq06_Cardiac_20260902/	CP_R3_mRNA_B2_2_IGO_18498_B_6_S21_L006_R1_001.fastq.gz	CP_R3_mRNA_B2_2_IGO_18498_B_6_S21_L006_R1_001.fastq.gz	fastq.gz	6	read1	29	CP_B2_mRNA	BONO_0157	Gene Expression	msk_pooledseq_transcriptome	february-2018-3M	TRU	TRU	false			missing
Cardiac	MSK	2cbf283e-6379-4a24-9f38-8f3db74170f8	/MSK_Perturbseq06_Cardiac_20260902/	CP_R3_mRNA_B2_2_IGO_18498_B_6_S21_L006_R2_001.fastq.gz	CP_R3_mRNA_B2_2_IGO_18498_B_6_S21_L006_R2_001.fastq.gz	fastq.gz	6	read2	89	CP_B2_mRNA	BONO_0157	Gene Expression	msk_pooledseq_transcriptome	february-2018-3M	TRU	TRU	false			missing
Cardiac	MSK	2cbf283e-6379-4a24-9f38-8f3db74170f8	/MSK_Perturbseq06_Cardiac_20260902/	CP_R3_mRNA_B2_2_IGO_18498_B_6_S21_L007_I1_001.fastq.gz	CP_R3_mRNA_B2_2_IGO_18498_B_6_S21_L007_I1_001.fastq.gz	fastq.gz	7	index1	10	CP_B2_mRNA	BONO_0157	Gene Expression	msk_pooledseq_transcriptome	february-2018-3M	TRU	TRU	false			missing
Cardiac	MSK	2cbf283e-6379-4a24-9f38-8f3db74170f8	/MSK_Perturbseq06_Cardiac_20260902/	CP_R3_mRNA_B2_2_IGO_18498_B_6_S21_L007_I2_001.fastq.gz	CP_R3_mRNA_B2_2_IGO_18498_B_6_S21_L007_I2_001.fastq.gz	fastq.gz	7	index2	10	CP_B2_mRNA	BONO_0157	Gene Expression	msk_pooledseq_transcriptome	february-2018-3M	TRU	TRU	false			missing
Cardiac	MSK	2cbf283e-6379-4a24-9f38-8f3db74170f8	/MSK_Perturbseq06_Cardiac_20260902/	CP_R3_mRNA_B2_2_IGO_18498_B_6_S21_L007_R1_001.fastq.gz	CP_R3_mRNA_B2_2_IGO_18498_B_6_S21_L007_R1_001.fastq.gz	fastq.gz	7	read1	29	CP_B2_mRNA	BONO_0157	Gene Expression	msk_pooledseq_transcriptome	february-2018-3M	TRU	TRU	false			missing
Cardiac	MSK	2cbf283e-6379-4a24-9f38-8f3db74170f8	/MSK_Perturbseq06_Cardiac_20260902/	CP_R3_mRNA_B2_2_IGO_18498_B_6_S21_L007_R2_001.fastq.gz	CP_R3_mRNA_B2_2_IGO_18498_B_6_S21_L007_R2_001.fastq.gz	fastq.gz	7	read2	89	CP_B2_mRNA	BONO_0157	Gene Expression	msk_pooledseq_transcriptome	february-2018-3M	TRU	TRU	false			missing
Cardiac	MSK	2cbf283e-6379-4a24-9f38-8f3db74170f8	/MSK_Perturbseq06_Cardiac_20260902/	CP_R3_mRNA_B2_2_IGO_18498_B_6_S21_L008_I1_001.fastq.gz	CP_R3_mRNA_B2_2_IGO_18498_B_6_S21_L008_I1_001.fastq.gz	fastq.gz	8	index1	10	CP_B2_mRNA	BONO_0157	Gene Expression	msk_pooledseq_transcriptome	february-2018-3M	TRU	TRU	false			missing
Cardiac	MSK	2cbf283e-6379-4a24-9f38-8f3db74170f8	/MSK_Perturbseq06_Cardiac_20260902/	CP_R3_mRNA_B2_2_IGO_18498_B_6_S21_L008_I2_001.fastq.gz	CP_R3_mRNA_B2_2_IGO_18498_B_6_S21_L008_I2_001.fastq.gz	fastq.gz	8	index2	10	CP_B2_mRNA	BONO_0157	Gene Expression	msk_pooledseq_transcriptome	february-2018-3M	TRU	TRU	false			missing
Cardiac	MSK	2cbf283e-6379-4a24-9f38-8f3db74170f8	/MSK_Perturbseq06_Cardiac_20260902/	CP_R3_mRNA_B2_2_IGO_18498_B_6_S21_L008_R1_001.fastq.gz	CP_R3_mRNA_B2_2_IGO_18498_B_6_S21_L008_R1_001.fastq.gz	fastq.gz	8	read1	29	CP_B2_mRNA	BONO_0157	Gene Expression	msk_pooledseq_transcriptome	february-2018-3M	TRU	TRU	false			missing
Cardiac	MSK	2cbf283e-6379-4a24-9f38-8f3db74170f8	/MSK_Perturbseq06_Cardiac_20260902/	CP_R3_mRNA_B2_2_IGO_18498_B_6_S21_L008_R2_001.fastq.gz	CP_R3_mRNA_B2_2_IGO_18498_B_6_S21_L008_R2_001.fastq.gz	fastq.gz	8	read2	89	CP_B2_mRNA	BONO_0157	Gene Expression	msk_pooledseq_transcriptome	february-2018-3M	TRU	TRU	false			missing
Cardiac	MSK	2cbf283e-6379-4a24-9f38-8f3db74170f8	/MSK_Perturbseq06_Cardiac_20260902/	CP_R3_mRNA_B2_2_IGO_18498_B_6_S6_L001_I1_001.fastq.gz	CP_R3_mRNA_B2_2_IGO_18498_B_6_S6_L001_I1_001.fastq.gz	fastq.gz	1	index1	10	CP_B2_mRNA	FAUCI2_0161	Gene Expression	msk_pooledseq_transcriptome	february-2018-3M	TRU	TRU	false			missing
Cardiac	MSK	2cbf283e-6379-4a24-9f38-8f3db74170f8	/MSK_Perturbseq06_Cardiac_20260902/	CP_R3_mRNA_B2_2_IGO_18498_B_6_S6_L001_I2_001.fastq.gz	CP_R3_mRNA_B2_2_IGO_18498_B_6_S6_L001_I2_001.fastq.gz	fastq.gz	1	index2	10	CP_B2_mRNA	FAUCI2_0161	Gene Expression	msk_pooledseq_transcriptome	february-2018-3M	TRU	TRU	false			missing
Cardiac	MSK	2cbf283e-6379-4a24-9f38-8f3db74170f8	/MSK_Perturbseq06_Cardiac_20260902/	CP_R3_mRNA_B2_2_IGO_18498_B_6_S6_L001_R1_001.fastq.gz	CP_R3_mRNA_B2_2_IGO_18498_B_6_S6_L001_R1_001.fastq.gz	fastq.gz	1	read1	29	CP_B2_mRNA	FAUCI2_0161	Gene Expression	msk_pooledseq_transcriptome	february-2018-3M	TRU	TRU	false			missing
Cardiac	MSK	2cbf283e-6379-4a24-9f38-8f3db74170f8	/MSK_Perturbseq06_Cardiac_20260902/	CP_R3_mRNA_B2_2_IGO_18498_B_6_S6_L001_R2_001.fastq.gz	CP_R3_mRNA_B2_2_IGO_18498_B_6_S6_L001_R2_001.fastq.gz	fastq.gz	1	read2	89	CP_B2_mRNA	FAUCI2_0161	Gene Expression	msk_pooledseq_transcriptome	february-2018-3M	TRU	TRU	false			missing
Cardiac	MSK	2cbf283e-6379-4a24-9f38-8f3db74170f8	/MSK_Perturbseq06_Cardiac_20260902/	CP_R3_mRNA_B2_2_IGO_18498_B_6_S6_L002_I1_001.fastq.gz	CP_R3_mRNA_B2_2_IGO_18498_B_6_S6_L002_I1_001.fastq.gz	fastq.gz	2	index1	10	CP_B2_mRNA	FAUCI2_0161	Gene Expression	msk_pooledseq_transcriptome	february-2018-3M	TRU	TRU	false			missing
Cardiac	MSK	2cbf283e-6379-4a24-9f38-8f3db74170f8	/MSK_Perturbseq06_Cardiac_20260902/	CP_R3_mRNA_B2_2_IGO_18498_B_6_S6_L002_I2_001.fastq.gz	CP_R3_mRNA_B2_2_IGO_18498_B_6_S6_L002_I2_001.fastq.gz	fastq.gz	2	index2	10	CP_B2_mRNA	FAUCI2_0161	Gene Expression	msk_pooledseq_transcriptome	february-2018-3M	TRU	TRU	false			missing
Cardiac	MSK	2cbf283e-6379-4a24-9f38-8f3db74170f8	/MSK_Perturbseq06_Cardiac_20260902/	CP_R3_mRNA_B2_2_IGO_18498_B_6_S6_L002_R1_001.fastq.gz	CP_R3_mRNA_B2_2_IGO_18498_B_6_S6_L002_R1_001.fastq.gz	fastq.gz	2	read1	29	CP_B2_mRNA	FAUCI2_0161	Gene Expression	msk_pooledseq_transcriptome	february-2018-3M	TRU	TRU	false			missing
Cardiac	MSK	2cbf283e-6379-4a24-9f38-8f3db74170f8	/MSK_Perturbseq06_Cardiac_20260902/	CP_R3_mRNA_B2_2_IGO_18498_B_6_S6_L002_R2_001.fastq.gz	CP_R3_mRNA_B2_2_IGO_18498_B_6_S6_L002_R2_001.fastq.gz	fastq.gz	2	read2	89	CP_B2_mRNA	FAUCI2_0161	Gene Expression	msk_pooledseq_transcriptome	february-2018-3M	TRU	TRU	false			missing
Cardiac	MSK	2cbf283e-6379-4a24-9f38-8f3db74170f8	/MSK_Perturbseq06_Cardiac_20260902/	CP_R3_mRNA_B2_2_IGO_18498_B_6_S6_L003_I1_001.fastq.gz	CP_R3_mRNA_B2_2_IGO_18498_B_6_S6_L003_I1_001.fastq.gz	fastq.gz	3	index1	10	CP_B2_mRNA	FAUCI2_0161	Gene Expression	msk_pooledseq_transcriptome	february-2018-3M	TRU	TRU	false			missing
Cardiac	MSK	2cbf283e-6379-4a24-9f38-8f3db74170f8	/MSK_Perturbseq06_Cardiac_20260902/	CP_R3_mRNA_B2_2_IGO_18498_B_6_S6_L003_I2_001.fastq.gz	CP_R3_mRNA_B2_2_IGO_18498_B_6_S6_L003_I2_001.fastq.gz	fastq.gz	3	index2	10	CP_B2_mRNA	FAUCI2_0161	Gene Expression	msk_pooledseq_transcriptome	february-2018-3M	TRU	TRU	false			missing
Cardiac	MSK	2cbf283e-6379-4a24-9f38-8f3db74170f8	/MSK_Perturbseq06_Cardiac_20260902/	CP_R3_mRNA_B2_2_IGO_18498_B_6_S6_L003_R1_001.fastq.gz	CP_R3_mRNA_B2_2_IGO_18498_B_6_S6_L003_R1_001.fastq.gz	fastq.gz	3	read1	29	CP_B2_mRNA	FAUCI2_0161	Gene Expression	msk_pooledseq_transcriptome	february-2018-3M	TRU	TRU	false			missing
Cardiac	MSK	2cbf283e-6379-4a24-9f38-8f3db74170f8	/MSK_Perturbseq06_Cardiac_20260902/	CP_R3_mRNA_B2_2_IGO_18498_B_6_S6_L003_R2_001.fastq.gz	CP_R3_mRNA_B2_2_IGO_18498_B_6_S6_L003_R2_001.fastq.gz	fastq.gz	3	read2	89	CP_B2_mRNA	FAUCI2_0161	Gene Expression	msk_pooledseq_transcriptome	february-2018-3M	TRU	TRU	false			missing
Cardiac	MSK	2cbf283e-6379-4a24-9f38-8f3db74170f8	/MSK_Perturbseq06_Cardiac_20260902/	CP_R3_mRNA_B2_2_IGO_18498_B_6_S6_L004_I1_001.fastq.gz	CP_R3_mRNA_B2_2_IGO_18498_B_6_S6_L004_I1_001.fastq.gz	fastq.gz	4	index1	10	CP_B2_mRNA	FAUCI2_0161	Gene Expression	msk_pooledseq_transcriptome	february-2018-3M	TRU	TRU	false			missing
Cardiac	MSK	2cbf283e-6379-4a24-9f38-8f3db74170f8	/MSK_Perturbseq06_Cardiac_20260902/	CP_R3_mRNA_B2_2_IGO_18498_B_6_S6_L004_I2_001.fastq.gz	CP_R3_mRNA_B2_2_IGO_18498_B_6_S6_L004_I2_001.fastq.gz	fastq.gz	4	index2	10	CP_B2_mRNA	FAUCI2_0161	Gene Expression	msk_pooledseq_transcriptome	february-2018-3M	TRU	TRU	false			missing
Cardiac	MSK	2cbf283e-6379-4a24-9f38-8f3db74170f8	/MSK_Perturbseq06_Cardiac_20260902/	CP_R3_mRNA_B2_2_IGO_18498_B_6_S6_L004_R1_001.fastq.gz	CP_R3_mRNA_B2_2_IGO_18498_B_6_S6_L004_R1_001.fastq.gz	fastq.gz	4	read1	29	CP_B2_mRNA	FAUCI2_0161	Gene Expression	msk_pooledseq_transcriptome	february-2018-3M	TRU	TRU	false			missing
Cardiac	MSK	2cbf283e-6379-4a24-9f38-8f3db74170f8	/MSK_Perturbseq06_Cardiac_20260902/	CP_R3_mRNA_B2_2_IGO_18498_B_6_S6_L004_R2_001.fastq.gz	CP_R3_mRNA_B2_2_IGO_18498_B_6_S6_L004_R2_001.fastq.gz	fastq.gz	4	read2	89	CP_B2_mRNA	FAUCI2_0161	Gene Expression	msk_pooledseq_transcriptome	february-2018-3M	TRU	TRU	false			missing
Cardiac	MSK	2cbf283e-6379-4a24-9f38-8f3db74170f8	/MSK_Perturbseq06_Cardiac_20260902/	CP_R3_mRNA_B2_2_IGO_18498_B_6_S6_L005_I1_001.fastq.gz	CP_R3_mRNA_B2_2_IGO_18498_B_6_S6_L005_I1_001.fastq.gz	fastq.gz	5	index1	10	CP_B2_mRNA	FAUCI2_0161	Gene Expression	msk_pooledseq_transcriptome	february-2018-3M	TRU	TRU	false			missing
Cardiac	MSK	2cbf283e-6379-4a24-9f38-8f3db74170f8	/MSK_Perturbseq06_Cardiac_20260902/	CP_R3_mRNA_B2_2_IGO_18498_B_6_S6_L005_I2_001.fastq.gz	CP_R3_mRNA_B2_2_IGO_18498_B_6_S6_L005_I2_001.fastq.gz	fastq.gz	5	index2	10	CP_B2_mRNA	FAUCI2_0161	Gene Expression	msk_pooledseq_transcriptome	february-2018-3M	TRU	TRU	false			missing
Cardiac	MSK	2cbf283e-6379-4a24-9f38-8f3db74170f8	/MSK_Perturbseq06_Cardiac_20260902/	CP_R3_mRNA_B2_2_IGO_18498_B_6_S6_L005_R1_001.fastq.gz	CP_R3_mRNA_B2_2_IGO_18498_B_6_S6_L005_R1_001.fastq.gz	fastq.gz	5	read1	29	CP_B2_mRNA	FAUCI2_0161	Gene Expression	msk_pooledseq_transcriptome	february-2018-3M	TRU	TRU	false			missing
Cardiac	MSK	2cbf283e-6379-4a24-9f38-8f3db74170f8	/MSK_Perturbseq06_Cardiac_20260902/	CP_R3_mRNA_B2_2_IGO_18498_B_6_S6_L005_R2_001.fastq.gz	CP_R3_mRNA_B2_2_IGO_18498_B_6_S6_L005_R2_001.fastq.gz	fastq.gz	5	read2	89	CP_B2_mRNA	FAUCI2_0161	Gene Expression	msk_pooledseq_transcriptome	february-2018-3M	TRU	TRU	false			missing
Cardiac	MSK	2cbf283e-6379-4a24-9f38-8f3db74170f8	/MSK_Perturbseq06_Cardiac_20260902/	CP_R3_mRNA_B2_2_IGO_18498_B_6_S6_L006_I1_001.fastq.gz	CP_R3_mRNA_B2_2_IGO_18498_B_6_S6_L006_I1_001.fastq.gz	fastq.gz	6	index1	10	CP_B2_mRNA	FAUCI2_0161	Gene Expression	msk_pooledseq_transcriptome	february-2018-3M	TRU	TRU	false			missing
Cardiac	MSK	2cbf283e-6379-4a24-9f38-8f3db74170f8	/MSK_Perturbseq06_Cardiac_20260902/	CP_R3_mRNA_B2_2_IGO_18498_B_6_S6_L006_I2_001.fastq.gz	CP_R3_mRNA_B2_2_IGO_18498_B_6_S6_L006_I2_001.fastq.gz	fastq.gz	6	index2	10	CP_B2_mRNA	FAUCI2_0161	Gene Expression	msk_pooledseq_transcriptome	february-2018-3M	TRU	TRU	false			missing
Cardiac	MSK	2cbf283e-6379-4a24-9f38-8f3db74170f8	/MSK_Perturbseq06_Cardiac_20260902/	CP_R3_mRNA_B2_2_IGO_18498_B_6_S6_L006_R1_001.fastq.gz	CP_R3_mRNA_B2_2_IGO_18498_B_6_S6_L006_R1_001.fastq.gz	fastq.gz	6	read1	29	CP_B2_mRNA	FAUCI2_0161	Gene Expression	msk_pooledseq_transcriptome	february-2018-3M	TRU	TRU	false			missing
Cardiac	MSK	2cbf283e-6379-4a24-9f38-8f3db74170f8	/MSK_Perturbseq06_Cardiac_20260902/	CP_R3_mRNA_B2_2_IGO_18498_B_6_S6_L006_R2_001.fastq.gz	CP_R3_mRNA_B2_2_IGO_18498_B_6_S6_L006_R2_001.fastq.gz	fastq.gz	6	read2	89	CP_B2_mRNA	FAUCI2_0161	Gene Expression	msk_pooledseq_transcriptome	february-2018-3M	TRU	TRU	false			missing
Cardiac	MSK	2cbf283e-6379-4a24-9f38-8f3db74170f8	/MSK_Perturbseq06_Cardiac_20260902/	CP_R3_mRNA_B2_2_IGO_18498_B_6_S6_L007_I1_001.fastq.gz	CP_R3_mRNA_B2_2_IGO_18498_B_6_S6_L007_I1_001.fastq.gz	fastq.gz	7	index1	10	CP_B2_mRNA	FAUCI2_0161	Gene Expression	msk_pooledseq_transcriptome	february-2018-3M	TRU	TRU	false			missing
Cardiac	MSK	2cbf283e-6379-4a24-9f38-8f3db74170f8	/MSK_Perturbseq06_Cardiac_20260902/	CP_R3_mRNA_B2_2_IGO_18498_B_6_S6_L007_I2_001.fastq.gz	CP_R3_mRNA_B2_2_IGO_18498_B_6_S6_L007_I2_001.fastq.gz	fastq.gz	7	index2	10	CP_B2_mRNA	FAUCI2_0161	Gene Expression	msk_pooledseq_transcriptome	february-2018-3M	TRU	TRU	false			missing
Cardiac	MSK	2cbf283e-6379-4a24-9f38-8f3db74170f8	/MSK_Perturbseq06_Cardiac_20260902/	CP_R3_mRNA_B2_2_IGO_18498_B_6_S6_L007_R1_001.fastq.gz	CP_R3_mRNA_B2_2_IGO_18498_B_6_S6_L007_R1_001.fastq.gz	fastq.gz	7	read1	29	CP_B2_mRNA	FAUCI2_0161	Gene Expression	msk_pooledseq_transcriptome	february-2018-3M	TRU	TRU	false			missing
Cardiac	MSK	2cbf283e-6379-4a24-9f38-8f3db74170f8	/MSK_Perturbseq06_Cardiac_20260902/	CP_R3_mRNA_B2_2_IGO_18498_B_6_S6_L007_R2_001.fastq.gz	CP_R3_mRNA_B2_2_IGO_18498_B_6_S6_L007_R2_001.fastq.gz	fastq.gz	7	read2	89	CP_B2_mRNA	FAUCI2_0161	Gene Expression	msk_pooledseq_transcriptome	february-2018-3M	TRU	TRU	false			missing
Cardiac	MSK	2cbf283e-6379-4a24-9f38-8f3db74170f8	/MSK_Perturbseq06_Cardiac_20260902/	CP_R3_mRNA_B2_2_IGO_18498_C_6_S2_L001_I1_001.fastq.gz	CP_R3_mRNA_B2_2_IGO_18498_C_6_S2_L001_I1_001.fastq.gz	fastq.gz	1	index1	10	CP_B2_mRNA	FAUCI2_0170	Gene Expression	msk_pooledseq_transcriptome	february-2018-3M	TRU	TRU	false			missing
Cardiac	MSK	2cbf283e-6379-4a24-9f38-8f3db74170f8	/MSK_Perturbseq06_Cardiac_20260902/	CP_R3_mRNA_B2_2_IGO_18498_C_6_S2_L001_I2_001.fastq.gz	CP_R3_mRNA_B2_2_IGO_18498_C_6_S2_L001_I2_001.fastq.gz	fastq.gz	1	index2	10	CP_B2_mRNA	FAUCI2_0170	Gene Expression	msk_pooledseq_transcriptome	february-2018-3M	TRU	TRU	false			missing
Cardiac	MSK	2cbf283e-6379-4a24-9f38-8f3db74170f8	/MSK_Perturbseq06_Cardiac_20260902/	CP_R3_mRNA_B2_2_IGO_18498_C_6_S2_L001_R1_001.fastq.gz	CP_R3_mRNA_B2_2_IGO_18498_C_6_S2_L001_R1_001.fastq.gz	fastq.gz	1	read1	29	CP_B2_mRNA	FAUCI2_0170	Gene Expression	msk_pooledseq_transcriptome	february-2018-3M	TRU	TRU	false			missing
Cardiac	MSK	2cbf283e-6379-4a24-9f38-8f3db74170f8	/MSK_Perturbseq06_Cardiac_20260902/	CP_R3_mRNA_B2_2_IGO_18498_C_6_S2_L001_R2_001.fastq.gz	CP_R3_mRNA_B2_2_IGO_18498_C_6_S2_L001_R2_001.fastq.gz	fastq.gz	1	read2	89	CP_B2_mRNA	FAUCI2_0170	Gene Expression	msk_pooledseq_transcriptome	february-2018-3M	TRU	TRU	false			missing
Cardiac	MSK	2cbf283e-6379-4a24-9f38-8f3db74170f8	/MSK_Perturbseq06_Cardiac_20260902/	CP_R3_mRNA_B2_2_IGO_18498_C_6_S2_L002_I1_001.fastq.gz	CP_R3_mRNA_B2_2_IGO_18498_C_6_S2_L002_I1_001.fastq.gz	fastq.gz	2	index1	10	CP_B2_mRNA	FAUCI2_0170	Gene Expression	msk_pooledseq_transcriptome	february-2018-3M	TRU	TRU	false			missing
Cardiac	MSK	2cbf283e-6379-4a24-9f38-8f3db74170f8	/MSK_Perturbseq06_Cardiac_20260902/	CP_R3_mRNA_B2_2_IGO_18498_C_6_S2_L002_I2_001.fastq.gz	CP_R3_mRNA_B2_2_IGO_18498_C_6_S2_L002_I2_001.fastq.gz	fastq.gz	2	index2	10	CP_B2_mRNA	FAUCI2_0170	Gene Expression	msk_pooledseq_transcriptome	february-2018-3M	TRU	TRU	false			missing
Cardiac	MSK	2cbf283e-6379-4a24-9f38-8f3db74170f8	/MSK_Perturbseq06_Cardiac_20260902/	CP_R3_mRNA_B2_2_IGO_18498_C_6_S2_L002_R1_001.fastq.gz	CP_R3_mRNA_B2_2_IGO_18498_C_6_S2_L002_R1_001.fastq.gz	fastq.gz	2	read1	29	CP_B2_mRNA	FAUCI2_0170	Gene Expression	msk_pooledseq_transcriptome	february-2018-3M	TRU	TRU	false			missing
Cardiac	MSK	2cbf283e-6379-4a24-9f38-8f3db74170f8	/MSK_Perturbseq06_Cardiac_20260902/	CP_R3_mRNA_B2_2_IGO_18498_C_6_S2_L002_R2_001.fastq.gz	CP_R3_mRNA_B2_2_IGO_18498_C_6_S2_L002_R2_001.fastq.gz	fastq.gz	2	read2	89	CP_B2_mRNA	FAUCI2_0170	Gene Expression	msk_pooledseq_transcriptome	february-2018-3M	TRU	TRU	false			missing
Cardiac	MSK	2cbf283e-6379-4a24-9f38-8f3db74170f8	/MSK_Perturbseq06_Cardiac_20260902/	CP_R3_mRNA_B2_2_IGO_18498_C_6_S2_L003_I1_001.fastq.gz	CP_R3_mRNA_B2_2_IGO_18498_C_6_S2_L003_I1_001.fastq.gz	fastq.gz	3	index1	10	CP_B2_mRNA	FAUCI2_0170	Gene Expression	msk_pooledseq_transcriptome	february-2018-3M	TRU	TRU	false			missing
Cardiac	MSK	2cbf283e-6379-4a24-9f38-8f3db74170f8	/MSK_Perturbseq06_Cardiac_20260902/	CP_R3_mRNA_B2_2_IGO_18498_C_6_S2_L003_I2_001.fastq.gz	CP_R3_mRNA_B2_2_IGO_18498_C_6_S2_L003_I2_001.fastq.gz	fastq.gz	3	index2	10	CP_B2_mRNA	FAUCI2_0170	Gene Expression	msk_pooledseq_transcriptome	february-2018-3M	TRU	TRU	false			missing
Cardiac	MSK	2cbf283e-6379-4a24-9f38-8f3db74170f8	/MSK_Perturbseq06_Cardiac_20260902/	CP_R3_mRNA_B2_2_IGO_18498_C_6_S2_L003_R1_001.fastq.gz	CP_R3_mRNA_B2_2_IGO_18498_C_6_S2_L003_R1_001.fastq.gz	fastq.gz	3	read1	29	CP_B2_mRNA	FAUCI2_0170	Gene Expression	msk_pooledseq_transcriptome	february-2018-3M	TRU	TRU	false			missing
Cardiac	MSK	2cbf283e-6379-4a24-9f38-8f3db74170f8	/MSK_Perturbseq06_Cardiac_20260902/	CP_R3_mRNA_B2_2_IGO_18498_C_6_S2_L003_R2_001.fastq.gz	CP_R3_mRNA_B2_2_IGO_18498_C_6_S2_L003_R2_001.fastq.gz	fastq.gz	3	read2	89	CP_B2_mRNA	FAUCI2_0170	Gene Expression	msk_pooledseq_transcriptome	february-2018-3M	TRU	TRU	false			missing
Cardiac	MSK	2cbf283e-6379-4a24-9f38-8f3db74170f8	/MSK_Perturbseq06_Cardiac_20260902/	CP_R3_mRNA_B2_2_IGO_18498_C_6_S2_L004_I1_001.fastq.gz	CP_R3_mRNA_B2_2_IGO_18498_C_6_S2_L004_I1_001.fastq.gz	fastq.gz	4	index1	10	CP_B2_mRNA	FAUCI2_0170	Gene Expression	msk_pooledseq_transcriptome	february-2018-3M	TRU	TRU	false			missing
Cardiac	MSK	2cbf283e-6379-4a24-9f38-8f3db74170f8	/MSK_Perturbseq06_Cardiac_20260902/	CP_R3_mRNA_B2_2_IGO_18498_C_6_S2_L004_I2_001.fastq.gz	CP_R3_mRNA_B2_2_IGO_18498_C_6_S2_L004_I2_001.fastq.gz	fastq.gz	4	index2	10	CP_B2_mRNA	FAUCI2_0170	Gene Expression	msk_pooledseq_transcriptome	february-2018-3M	TRU	TRU	false			missing
Cardiac	MSK	2cbf283e-6379-4a24-9f38-8f3db74170f8	/MSK_Perturbseq06_Cardiac_20260902/	CP_R3_mRNA_B2_2_IGO_18498_C_6_S2_L004_R1_001.fastq.gz	CP_R3_mRNA_B2_2_IGO_18498_C_6_S2_L004_R1_001.fastq.gz	fastq.gz	4	read1	29	CP_B2_mRNA	FAUCI2_0170	Gene Expression	msk_pooledseq_transcriptome	february-2018-3M	TRU	TRU	false			missing
Cardiac	MSK	2cbf283e-6379-4a24-9f38-8f3db74170f8	/MSK_Perturbseq06_Cardiac_20260902/	CP_R3_mRNA_B2_2_IGO_18498_C_6_S2_L004_R2_001.fastq.gz	CP_R3_mRNA_B2_2_IGO_18498_C_6_S2_L004_R2_001.fastq.gz	fastq.gz	4	read2	89	CP_B2_mRNA	FAUCI2_0170	Gene Expression	msk_pooledseq_transcriptome	february-2018-3M	TRU	TRU	false			missing
Cardiac	MSK	2cbf283e-6379-4a24-9f38-8f3db74170f8	/MSK_Perturbseq06_Cardiac_20260902/	CP_R3_mRNA_B2_2_IGO_18498_C_6_S2_L005_I1_001.fastq.gz	CP_R3_mRNA_B2_2_IGO_18498_C_6_S2_L005_I1_001.fastq.gz	fastq.gz	5	index1	10	CP_B2_mRNA	FAUCI2_0170	Gene Expression	msk_pooledseq_transcriptome	february-2018-3M	TRU	TRU	false			missing
Cardiac	MSK	2cbf283e-6379-4a24-9f38-8f3db74170f8	/MSK_Perturbseq06_Cardiac_20260902/	CP_R3_mRNA_B2_2_IGO_18498_C_6_S2_L005_I2_001.fastq.gz	CP_R3_mRNA_B2_2_IGO_18498_C_6_S2_L005_I2_001.fastq.gz	fastq.gz	5	index2	10	CP_B2_mRNA	FAUCI2_0170	Gene Expression	msk_pooledseq_transcriptome	february-2018-3M	TRU	TRU	false			missing
Cardiac	MSK	2cbf283e-6379-4a24-9f38-8f3db74170f8	/MSK_Perturbseq06_Cardiac_20260902/	CP_R3_mRNA_B2_2_IGO_18498_C_6_S2_L005_R1_001.fastq.gz	CP_R3_mRNA_B2_2_IGO_18498_C_6_S2_L005_R1_001.fastq.gz	fastq.gz	5	read1	29	CP_B2_mRNA	FAUCI2_0170	Gene Expression	msk_pooledseq_transcriptome	february-2018-3M	TRU	TRU	false			missing
Cardiac	MSK	2cbf283e-6379-4a24-9f38-8f3db74170f8	/MSK_Perturbseq06_Cardiac_20260902/	CP_R3_mRNA_B2_2_IGO_18498_C_6_S2_L005_R2_001.fastq.gz	CP_R3_mRNA_B2_2_IGO_18498_C_6_S2_L005_R2_001.fastq.gz	fastq.gz	5	read2	89	CP_B2_mRNA	FAUCI2_0170	Gene Expression	msk_pooledseq_transcriptome	february-2018-3M	TRU	TRU	false			missing
Cardiac	MSK	2cbf283e-6379-4a24-9f38-8f3db74170f8	/MSK_Perturbseq06_Cardiac_20260902/	CP_R3_mRNA_B2_2_IGO_18498_C_6_S2_L006_I1_001.fastq.gz	CP_R3_mRNA_B2_2_IGO_18498_C_6_S2_L006_I1_001.fastq.gz	fastq.gz	6	index1	10	CP_B2_mRNA	FAUCI2_0170	Gene Expression	msk_pooledseq_transcriptome	february-2018-3M	TRU	TRU	false			missing
Cardiac	MSK	2cbf283e-6379-4a24-9f38-8f3db74170f8	/MSK_Perturbseq06_Cardiac_20260902/	CP_R3_mRNA_B2_2_IGO_18498_C_6_S2_L006_I2_001.fastq.gz	CP_R3_mRNA_B2_2_IGO_18498_C_6_S2_L006_I2_001.fastq.gz	fastq.gz	6	index2	10	CP_B2_mRNA	FAUCI2_0170	Gene Expression	msk_pooledseq_transcriptome	february-2018-3M	TRU	TRU	false			missing
Cardiac	MSK	2cbf283e-6379-4a24-9f38-8f3db74170f8	/MSK_Perturbseq06_Cardiac_20260902/	CP_R3_mRNA_B2_2_IGO_18498_C_6_S2_L006_R1_001.fastq.gz	CP_R3_mRNA_B2_2_IGO_18498_C_6_S2_L006_R1_001.fastq.gz	fastq.gz	6	read1	29	CP_B2_mRNA	FAUCI2_0170	Gene Expression	msk_pooledseq_transcriptome	february-2018-3M	TRU	TRU	false			missing
Cardiac	MSK	2cbf283e-6379-4a24-9f38-8f3db74170f8	/MSK_Perturbseq06_Cardiac_20260902/	CP_R3_mRNA_B2_2_IGO_18498_C_6_S2_L006_R2_001.fastq.gz	CP_R3_mRNA_B2_2_IGO_18498_C_6_S2_L006_R2_001.fastq.gz	fastq.gz	6	read2	89	CP_B2_mRNA	FAUCI2_0170	Gene Expression	msk_pooledseq_transcriptome	february-2018-3M	TRU	TRU	false			missing
Cardiac	MSK	2cbf283e-6379-4a24-9f38-8f3db74170f8	/MSK_Perturbseq06_Cardiac_20260902/	CP_R3_mRNA_B2_2_IGO_18498_C_6_S2_L007_I1_001.fastq.gz	CP_R3_mRNA_B2_2_IGO_18498_C_6_S2_L007_I1_001.fastq.gz	fastq.gz	7	index1	10	CP_B2_mRNA	FAUCI2_0170	Gene Expression	msk_pooledseq_transcriptome	february-2018-3M	TRU	TRU	false			missing
Cardiac	MSK	2cbf283e-6379-4a24-9f38-8f3db74170f8	/MSK_Perturbseq06_Cardiac_20260902/	CP_R3_mRNA_B2_2_IGO_18498_C_6_S2_L007_I2_001.fastq.gz	CP_R3_mRNA_B2_2_IGO_18498_C_6_S2_L007_I2_001.fastq.gz	fastq.gz	7	index2	10	CP_B2_mRNA	FAUCI2_0170	Gene Expression	msk_pooledseq_transcriptome	february-2018-3M	TRU	TRU	false			missing
Cardiac	MSK	2cbf283e-6379-4a24-9f38-8f3db74170f8	/MSK_Perturbseq06_Cardiac_20260902/	CP_R3_mRNA_B2_2_IGO_18498_C_6_S2_L007_R1_001.fastq.gz	CP_R3_mRNA_B2_2_IGO_18498_C_6_S2_L007_R1_001.fastq.gz	fastq.gz	7	read1	29	CP_B2_mRNA	FAUCI2_0170	Gene Expression	msk_pooledseq_transcriptome	february-2018-3M	TRU	TRU	false			missing
Cardiac	MSK	2cbf283e-6379-4a24-9f38-8f3db74170f8	/MSK_Perturbseq06_Cardiac_20260902/	CP_R3_mRNA_B2_2_IGO_18498_C_6_S2_L007_R2_001.fastq.gz	CP_R3_mRNA_B2_2_IGO_18498_C_6_S2_L007_R2_001.fastq.gz	fastq.gz	7	read2	89	CP_B2_mRNA	FAUCI2_0170	Gene Expression	msk_pooledseq_transcriptome	february-2018-3M	TRU	TRU	false			missing
Cardiac	MSK	2cbf283e-6379-4a24-9f38-8f3db74170f8	/MSK_Perturbseq06_Cardiac_20260902/	CP_R3_mRNA_B2_2_IGO_18498_C_6_S2_L008_I1_001.fastq.gz	CP_R3_mRNA_B2_2_IGO_18498_C_6_S2_L008_I1_001.fastq.gz	fastq.gz	8	index1	10	CP_B2_mRNA	FAUCI2_0170	Gene Expression	msk_pooledseq_transcriptome	february-2018-3M	TRU	TRU	false			missing
Cardiac	MSK	2cbf283e-6379-4a24-9f38-8f3db74170f8	/MSK_Perturbseq06_Cardiac_20260902/	CP_R3_mRNA_B2_2_IGO_18498_C_6_S2_L008_I2_001.fastq.gz	CP_R3_mRNA_B2_2_IGO_18498_C_6_S2_L008_I2_001.fastq.gz	fastq.gz	8	index2	10	CP_B2_mRNA	FAUCI2_0170	Gene Expression	msk_pooledseq_transcriptome	february-2018-3M	TRU	TRU	false			missing
Cardiac	MSK	2cbf283e-6379-4a24-9f38-8f3db74170f8	/MSK_Perturbseq06_Cardiac_20260902/	CP_R3_mRNA_B2_2_IGO_18498_C_6_S2_L008_R1_001.fastq.gz	CP_R3_mRNA_B2_2_IGO_18498_C_6_S2_L008_R1_001.fastq.gz	fastq.gz	8	read1	29	CP_B2_mRNA	FAUCI2_0170	Gene Expression	msk_pooledseq_transcriptome	february-2018-3M	TRU	TRU	false			missing
Cardiac	MSK	2cbf283e-6379-4a24-9f38-8f3db74170f8	/MSK_Perturbseq06_Cardiac_20260902/	CP_R3_mRNA_B2_2_IGO_18498_C_6_S2_L008_R2_001.fastq.gz	CP_R3_mRNA_B2_2_IGO_18498_C_6_S2_L008_R2_001.fastq.gz	fastq.gz	8	read2	89	CP_B2_mRNA	FAUCI2_0170	Gene Expression	msk_pooledseq_transcriptome	february-2018-3M	TRU	TRU	false			missing
Cardiac	MSK	2cbf283e-6379-4a24-9f38-8f3db74170f8	/MSK_Perturbseq06_Cardiac_20260902/	CP_R3_gRNA_B3_IGO_18498_15_S9_L001_I1_001.fastq.gz	CP_R3_gRNA_B3_IGO_18498_15_S9_L001_I1_001.fastq.gz	fastq.gz	1	index1	10	CP_B3_gRNA	BONO_0157	CRISPR Guide Capture	msk_pooledseq_polyIII	february-2018-3M	NXT	TRU	false			missing
Cardiac	MSK	2cbf283e-6379-4a24-9f38-8f3db74170f8	/MSK_Perturbseq06_Cardiac_20260902/	CP_R3_gRNA_B3_IGO_18498_15_S9_L001_I2_001.fastq.gz	CP_R3_gRNA_B3_IGO_18498_15_S9_L001_I2_001.fastq.gz	fastq.gz	1	index2	10	CP_B3_gRNA	BONO_0157	CRISPR Guide Capture	msk_pooledseq_polyIII	february-2018-3M	NXT	TRU	false			missing
Cardiac	MSK	2cbf283e-6379-4a24-9f38-8f3db74170f8	/MSK_Perturbseq06_Cardiac_20260902/	CP_R3_gRNA_B3_IGO_18498_15_S9_L001_R1_001.fastq.gz	CP_R3_gRNA_B3_IGO_18498_15_S9_L001_R1_001.fastq.gz	fastq.gz	1	read1	29	CP_B3_gRNA	BONO_0157	CRISPR Guide Capture	msk_pooledseq_polyIII	february-2018-3M	NXT	TRU	false			missing
Cardiac	MSK	2cbf283e-6379-4a24-9f38-8f3db74170f8	/MSK_Perturbseq06_Cardiac_20260902/	CP_R3_gRNA_B3_IGO_18498_15_S9_L001_R2_001.fastq.gz	CP_R3_gRNA_B3_IGO_18498_15_S9_L001_R2_001.fastq.gz	fastq.gz	1	read2	89	CP_B3_gRNA	BONO_0157	CRISPR Guide Capture	msk_pooledseq_polyIII	february-2018-3M	NXT	TRU	false			missing
Cardiac	MSK	2cbf283e-6379-4a24-9f38-8f3db74170f8	/MSK_Perturbseq06_Cardiac_20260902/	CP_R3_gRNA_B3_IGO_18498_15_S9_L002_I1_001.fastq.gz	CP_R3_gRNA_B3_IGO_18498_15_S9_L002_I1_001.fastq.gz	fastq.gz	2	index1	10	CP_B3_gRNA	BONO_0157	CRISPR Guide Capture	msk_pooledseq_polyIII	february-2018-3M	NXT	TRU	false			missing
Cardiac	MSK	2cbf283e-6379-4a24-9f38-8f3db74170f8	/MSK_Perturbseq06_Cardiac_20260902/	CP_R3_gRNA_B3_IGO_18498_15_S9_L002_I2_001.fastq.gz	CP_R3_gRNA_B3_IGO_18498_15_S9_L002_I2_001.fastq.gz	fastq.gz	2	index2	10	CP_B3_gRNA	BONO_0157	CRISPR Guide Capture	msk_pooledseq_polyIII	february-2018-3M	NXT	TRU	false			missing
Cardiac	MSK	2cbf283e-6379-4a24-9f38-8f3db74170f8	/MSK_Perturbseq06_Cardiac_20260902/	CP_R3_gRNA_B3_IGO_18498_15_S9_L002_R1_001.fastq.gz	CP_R3_gRNA_B3_IGO_18498_15_S9_L002_R1_001.fastq.gz	fastq.gz	2	read1	29	CP_B3_gRNA	BONO_0157	CRISPR Guide Capture	msk_pooledseq_polyIII	february-2018-3M	NXT	TRU	false			missing
Cardiac	MSK	2cbf283e-6379-4a24-9f38-8f3db74170f8	/MSK_Perturbseq06_Cardiac_20260902/	CP_R3_gRNA_B3_IGO_18498_15_S9_L002_R2_001.fastq.gz	CP_R3_gRNA_B3_IGO_18498_15_S9_L002_R2_001.fastq.gz	fastq.gz	2	read2	89	CP_B3_gRNA	BONO_0157	CRISPR Guide Capture	msk_pooledseq_polyIII	february-2018-3M	NXT	TRU	false			missing
Cardiac	MSK	2cbf283e-6379-4a24-9f38-8f3db74170f8	/MSK_Perturbseq06_Cardiac_20260902/	CP_R3_gRNA_B3_IGO_18498_15_S9_L003_I1_001.fastq.gz	CP_R3_gRNA_B3_IGO_18498_15_S9_L003_I1_001.fastq.gz	fastq.gz	3	index1	10	CP_B3_gRNA	BONO_0157	CRISPR Guide Capture	msk_pooledseq_polyIII	february-2018-3M	NXT	TRU	false			missing
Cardiac	MSK	2cbf283e-6379-4a24-9f38-8f3db74170f8	/MSK_Perturbseq06_Cardiac_20260902/	CP_R3_gRNA_B3_IGO_18498_15_S9_L003_I2_001.fastq.gz	CP_R3_gRNA_B3_IGO_18498_15_S9_L003_I2_001.fastq.gz	fastq.gz	3	index2	10	CP_B3_gRNA	BONO_0157	CRISPR Guide Capture	msk_pooledseq_polyIII	february-2018-3M	NXT	TRU	false			missing
Cardiac	MSK	2cbf283e-6379-4a24-9f38-8f3db74170f8	/MSK_Perturbseq06_Cardiac_20260902/	CP_R3_gRNA_B3_IGO_18498_15_S9_L003_R1_001.fastq.gz	CP_R3_gRNA_B3_IGO_18498_15_S9_L003_R1_001.fastq.gz	fastq.gz	3	read1	29	CP_B3_gRNA	BONO_0157	CRISPR Guide Capture	msk_pooledseq_polyIII	february-2018-3M	NXT	TRU	false			missing
Cardiac	MSK	2cbf283e-6379-4a24-9f38-8f3db74170f8	/MSK_Perturbseq06_Cardiac_20260902/	CP_R3_gRNA_B3_IGO_18498_15_S9_L003_R2_001.fastq.gz	CP_R3_gRNA_B3_IGO_18498_15_S9_L003_R2_001.fastq.gz	fastq.gz	3	read2	89	CP_B3_gRNA	BONO_0157	CRISPR Guide Capture	msk_pooledseq_polyIII	february-2018-3M	NXT	TRU	false			missing
Cardiac	MSK	2cbf283e-6379-4a24-9f38-8f3db74170f8	/MSK_Perturbseq06_Cardiac_20260902/	CP_R3_gRNA_B3_IGO_18498_15_S9_L004_I1_001.fastq.gz	CP_R3_gRNA_B3_IGO_18498_15_S9_L004_I1_001.fastq.gz	fastq.gz	4	index1	10	CP_B3_gRNA	BONO_0157	CRISPR Guide Capture	msk_pooledseq_polyIII	february-2018-3M	NXT	TRU	false			missing
Cardiac	MSK	2cbf283e-6379-4a24-9f38-8f3db74170f8	/MSK_Perturbseq06_Cardiac_20260902/	CP_R3_gRNA_B3_IGO_18498_15_S9_L004_I2_001.fastq.gz	CP_R3_gRNA_B3_IGO_18498_15_S9_L004_I2_001.fastq.gz	fastq.gz	4	index2	10	CP_B3_gRNA	BONO_0157	CRISPR Guide Capture	msk_pooledseq_polyIII	february-2018-3M	NXT	TRU	false			missing
Cardiac	MSK	2cbf283e-6379-4a24-9f38-8f3db74170f8	/MSK_Perturbseq06_Cardiac_20260902/	CP_R3_gRNA_B3_IGO_18498_15_S9_L004_R1_001.fastq.gz	CP_R3_gRNA_B3_IGO_18498_15_S9_L004_R1_001.fastq.gz	fastq.gz	4	read1	29	CP_B3_gRNA	BONO_0157	CRISPR Guide Capture	msk_pooledseq_polyIII	february-2018-3M	NXT	TRU	false			missing
Cardiac	MSK	2cbf283e-6379-4a24-9f38-8f3db74170f8	/MSK_Perturbseq06_Cardiac_20260902/	CP_R3_gRNA_B3_IGO_18498_15_S9_L004_R2_001.fastq.gz	CP_R3_gRNA_B3_IGO_18498_15_S9_L004_R2_001.fastq.gz	fastq.gz	4	read2	89	CP_B3_gRNA	BONO_0157	CRISPR Guide Capture	msk_pooledseq_polyIII	february-2018-3M	NXT	TRU	false			missing
Cardiac	MSK	2cbf283e-6379-4a24-9f38-8f3db74170f8	/MSK_Perturbseq06_Cardiac_20260902/	CP_R3_gRNA_B3_IGO_18498_15_S9_L005_I1_001.fastq.gz	CP_R3_gRNA_B3_IGO_18498_15_S9_L005_I1_001.fastq.gz	fastq.gz	5	index1	10	CP_B3_gRNA	BONO_0157	CRISPR Guide Capture	msk_pooledseq_polyIII	february-2018-3M	NXT	TRU	false			missing
Cardiac	MSK	2cbf283e-6379-4a24-9f38-8f3db74170f8	/MSK_Perturbseq06_Cardiac_20260902/	CP_R3_gRNA_B3_IGO_18498_15_S9_L005_I2_001.fastq.gz	CP_R3_gRNA_B3_IGO_18498_15_S9_L005_I2_001.fastq.gz	fastq.gz	5	index2	10	CP_B3_gRNA	BONO_0157	CRISPR Guide Capture	msk_pooledseq_polyIII	february-2018-3M	NXT	TRU	false			missing
Cardiac	MSK	2cbf283e-6379-4a24-9f38-8f3db74170f8	/MSK_Perturbseq06_Cardiac_20260902/	CP_R3_gRNA_B3_IGO_18498_15_S9_L005_R1_001.fastq.gz	CP_R3_gRNA_B3_IGO_18498_15_S9_L005_R1_001.fastq.gz	fastq.gz	5	read1	29	CP_B3_gRNA	BONO_0157	CRISPR Guide Capture	msk_pooledseq_polyIII	february-2018-3M	NXT	TRU	false			missing
Cardiac	MSK	2cbf283e-6379-4a24-9f38-8f3db74170f8	/MSK_Perturbseq06_Cardiac_20260902/	CP_R3_gRNA_B3_IGO_18498_15_S9_L005_R2_001.fastq.gz	CP_R3_gRNA_B3_IGO_18498_15_S9_L005_R2_001.fastq.gz	fastq.gz	5	read2	89	CP_B3_gRNA	BONO_0157	CRISPR Guide Capture	msk_pooledseq_polyIII	february-2018-3M	NXT	TRU	false			missing
Cardiac	MSK	2cbf283e-6379-4a24-9f38-8f3db74170f8	/MSK_Perturbseq06_Cardiac_20260902/	CP_R3_gRNA_B3_IGO_18498_15_S9_L006_I1_001.fastq.gz	CP_R3_gRNA_B3_IGO_18498_15_S9_L006_I1_001.fastq.gz	fastq.gz	6	index1	10	CP_B3_gRNA	BONO_0157	CRISPR Guide Capture	msk_pooledseq_polyIII	february-2018-3M	NXT	TRU	false			missing
Cardiac	MSK	2cbf283e-6379-4a24-9f38-8f3db74170f8	/MSK_Perturbseq06_Cardiac_20260902/	CP_R3_gRNA_B3_IGO_18498_15_S9_L006_I2_001.fastq.gz	CP_R3_gRNA_B3_IGO_18498_15_S9_L006_I2_001.fastq.gz	fastq.gz	6	index2	10	CP_B3_gRNA	BONO_0157	CRISPR Guide Capture	msk_pooledseq_polyIII	february-2018-3M	NXT	TRU	false			missing
Cardiac	MSK	2cbf283e-6379-4a24-9f38-8f3db74170f8	/MSK_Perturbseq06_Cardiac_20260902/	CP_R3_gRNA_B3_IGO_18498_15_S9_L006_R1_001.fastq.gz	CP_R3_gRNA_B3_IGO_18498_15_S9_L006_R1_001.fastq.gz	fastq.gz	6	read1	29	CP_B3_gRNA	BONO_0157	CRISPR Guide Capture	msk_pooledseq_polyIII	february-2018-3M	NXT	TRU	false			missing
Cardiac	MSK	2cbf283e-6379-4a24-9f38-8f3db74170f8	/MSK_Perturbseq06_Cardiac_20260902/	CP_R3_gRNA_B3_IGO_18498_15_S9_L006_R2_001.fastq.gz	CP_R3_gRNA_B3_IGO_18498_15_S9_L006_R2_001.fastq.gz	fastq.gz	6	read2	89	CP_B3_gRNA	BONO_0157	CRISPR Guide Capture	msk_pooledseq_polyIII	february-2018-3M	NXT	TRU	false			missing
Cardiac	MSK	2cbf283e-6379-4a24-9f38-8f3db74170f8	/MSK_Perturbseq06_Cardiac_20260902/	CP_R3_gRNA_B3_IGO_18498_15_S9_L007_I1_001.fastq.gz	CP_R3_gRNA_B3_IGO_18498_15_S9_L007_I1_001.fastq.gz	fastq.gz	7	index1	10	CP_B3_gRNA	BONO_0157	CRISPR Guide Capture	msk_pooledseq_polyIII	february-2018-3M	NXT	TRU	false			missing
Cardiac	MSK	2cbf283e-6379-4a24-9f38-8f3db74170f8	/MSK_Perturbseq06_Cardiac_20260902/	CP_R3_gRNA_B3_IGO_18498_15_S9_L007_I2_001.fastq.gz	CP_R3_gRNA_B3_IGO_18498_15_S9_L007_I2_001.fastq.gz	fastq.gz	7	index2	10	CP_B3_gRNA	BONO_0157	CRISPR Guide Capture	msk_pooledseq_polyIII	february-2018-3M	NXT	TRU	false			missing
Cardiac	MSK	2cbf283e-6379-4a24-9f38-8f3db74170f8	/MSK_Perturbseq06_Cardiac_20260902/	CP_R3_gRNA_B3_IGO_18498_15_S9_L007_R1_001.fastq.gz	CP_R3_gRNA_B3_IGO_18498_15_S9_L007_R1_001.fastq.gz	fastq.gz	7	read1	29	CP_B3_gRNA	BONO_0157	CRISPR Guide Capture	msk_pooledseq_polyIII	february-2018-3M	NXT	TRU	false			missing
Cardiac	MSK	2cbf283e-6379-4a24-9f38-8f3db74170f8	/MSK_Perturbseq06_Cardiac_20260902/	CP_R3_gRNA_B3_IGO_18498_15_S9_L007_R2_001.fastq.gz	CP_R3_gRNA_B3_IGO_18498_15_S9_L007_R2_001.fastq.gz	fastq.gz	7	read2	89	CP_B3_gRNA	BONO_0157	CRISPR Guide Capture	msk_pooledseq_polyIII	february-2018-3M	NXT	TRU	false			missing
Cardiac	MSK	2cbf283e-6379-4a24-9f38-8f3db74170f8	/MSK_Perturbseq06_Cardiac_20260902/	CP_R3_gRNA_B3_IGO_18498_15_S9_L008_I1_001.fastq.gz	CP_R3_gRNA_B3_IGO_18498_15_S9_L008_I1_001.fastq.gz	fastq.gz	8	index1	10	CP_B3_gRNA	BONO_0157	CRISPR Guide Capture	msk_pooledseq_polyIII	february-2018-3M	NXT	TRU	false			missing
Cardiac	MSK	2cbf283e-6379-4a24-9f38-8f3db74170f8	/MSK_Perturbseq06_Cardiac_20260902/	CP_R3_gRNA_B3_IGO_18498_15_S9_L008_I2_001.fastq.gz	CP_R3_gRNA_B3_IGO_18498_15_S9_L008_I2_001.fastq.gz	fastq.gz	8	index2	10	CP_B3_gRNA	BONO_0157	CRISPR Guide Capture	msk_pooledseq_polyIII	february-2018-3M	NXT	TRU	false			missing
Cardiac	MSK	2cbf283e-6379-4a24-9f38-8f3db74170f8	/MSK_Perturbseq06_Cardiac_20260902/	CP_R3_gRNA_B3_IGO_18498_15_S9_L008_R1_001.fastq.gz	CP_R3_gRNA_B3_IGO_18498_15_S9_L008_R1_001.fastq.gz	fastq.gz	8	read1	29	CP_B3_gRNA	BONO_0157	CRISPR Guide Capture	msk_pooledseq_polyIII	february-2018-3M	NXT	TRU	false			missing
Cardiac	MSK	2cbf283e-6379-4a24-9f38-8f3db74170f8	/MSK_Perturbseq06_Cardiac_20260902/	CP_R3_gRNA_B3_IGO_18498_15_S9_L008_R2_001.fastq.gz	CP_R3_gRNA_B3_IGO_18498_15_S9_L008_R2_001.fastq.gz	fastq.gz	8	read2	89	CP_B3_gRNA	BONO_0157	CRISPR Guide Capture	msk_pooledseq_polyIII	february-2018-3M	NXT	TRU	false			missing
Cardiac	MSK	2cbf283e-6379-4a24-9f38-8f3db74170f8	/MSK_Perturbseq06_Cardiac_20260902/	CP_R3_mRNA_B3_2_IGO_18498_B_7_S22_L001_I1_001.fastq.gz	CP_R3_mRNA_B3_2_IGO_18498_B_7_S22_L001_I1_001.fastq.gz	fastq.gz	1	index1	10	CP_B3_mRNA	BONO_0157	Gene Expression	msk_pooledseq_transcriptome	february-2018-3M	TRU	TRU	false			missing
Cardiac	MSK	2cbf283e-6379-4a24-9f38-8f3db74170f8	/MSK_Perturbseq06_Cardiac_20260902/	CP_R3_mRNA_B3_2_IGO_18498_B_7_S22_L001_I2_001.fastq.gz	CP_R3_mRNA_B3_2_IGO_18498_B_7_S22_L001_I2_001.fastq.gz	fastq.gz	1	index2	10	CP_B3_mRNA	BONO_0157	Gene Expression	msk_pooledseq_transcriptome	february-2018-3M	TRU	TRU	false			missing
Cardiac	MSK	2cbf283e-6379-4a24-9f38-8f3db74170f8	/MSK_Perturbseq06_Cardiac_20260902/	CP_R3_mRNA_B3_2_IGO_18498_B_7_S22_L001_R1_001.fastq.gz	CP_R3_mRNA_B3_2_IGO_18498_B_7_S22_L001_R1_001.fastq.gz	fastq.gz	1	read1	29	CP_B3_mRNA	BONO_0157	Gene Expression	msk_pooledseq_transcriptome	february-2018-3M	TRU	TRU	false			missing
Cardiac	MSK	2cbf283e-6379-4a24-9f38-8f3db74170f8	/MSK_Perturbseq06_Cardiac_20260902/	CP_R3_mRNA_B3_2_IGO_18498_B_7_S22_L001_R2_001.fastq.gz	CP_R3_mRNA_B3_2_IGO_18498_B_7_S22_L001_R2_001.fastq.gz	fastq.gz	1	read2	89	CP_B3_mRNA	BONO_0157	Gene Expression	msk_pooledseq_transcriptome	february-2018-3M	TRU	TRU	false			missing
Cardiac	MSK	2cbf283e-6379-4a24-9f38-8f3db74170f8	/MSK_Perturbseq06_Cardiac_20260902/	CP_R3_mRNA_B3_2_IGO_18498_B_7_S22_L002_I1_001.fastq.gz	CP_R3_mRNA_B3_2_IGO_18498_B_7_S22_L002_I1_001.fastq.gz	fastq.gz	2	index1	10	CP_B3_mRNA	BONO_0157	Gene Expression	msk_pooledseq_transcriptome	february-2018-3M	TRU	TRU	false			missing
Cardiac	MSK	2cbf283e-6379-4a24-9f38-8f3db74170f8	/MSK_Perturbseq06_Cardiac_20260902/	CP_R3_mRNA_B3_2_IGO_18498_B_7_S22_L002_I2_001.fastq.gz	CP_R3_mRNA_B3_2_IGO_18498_B_7_S22_L002_I2_001.fastq.gz	fastq.gz	2	index2	10	CP_B3_mRNA	BONO_0157	Gene Expression	msk_pooledseq_transcriptome	february-2018-3M	TRU	TRU	false			missing
Cardiac	MSK	2cbf283e-6379-4a24-9f38-8f3db74170f8	/MSK_Perturbseq06_Cardiac_20260902/	CP_R3_mRNA_B3_2_IGO_18498_B_7_S22_L002_R1_001.fastq.gz	CP_R3_mRNA_B3_2_IGO_18498_B_7_S22_L002_R1_001.fastq.gz	fastq.gz	2	read1	29	CP_B3_mRNA	BONO_0157	Gene Expression	msk_pooledseq_transcriptome	february-2018-3M	TRU	TRU	false			missing
Cardiac	MSK	2cbf283e-6379-4a24-9f38-8f3db74170f8	/MSK_Perturbseq06_Cardiac_20260902/	CP_R3_mRNA_B3_2_IGO_18498_B_7_S22_L002_R2_001.fastq.gz	CP_R3_mRNA_B3_2_IGO_18498_B_7_S22_L002_R2_001.fastq.gz	fastq.gz	2	read2	89	CP_B3_mRNA	BONO_0157	Gene Expression	msk_pooledseq_transcriptome	february-2018-3M	TRU	TRU	false			missing
Cardiac	MSK	2cbf283e-6379-4a24-9f38-8f3db74170f8	/MSK_Perturbseq06_Cardiac_20260902/	CP_R3_mRNA_B3_2_IGO_18498_B_7_S22_L003_I1_001.fastq.gz	CP_R3_mRNA_B3_2_IGO_18498_B_7_S22_L003_I1_001.fastq.gz	fastq.gz	3	index1	10	CP_B3_mRNA	BONO_0157	Gene Expression	msk_pooledseq_transcriptome	february-2018-3M	TRU	TRU	false			missing
Cardiac	MSK	2cbf283e-6379-4a24-9f38-8f3db74170f8	/MSK_Perturbseq06_Cardiac_20260902/	CP_R3_mRNA_B3_2_IGO_18498_B_7_S22_L003_I2_001.fastq.gz	CP_R3_mRNA_B3_2_IGO_18498_B_7_S22_L003_I2_001.fastq.gz	fastq.gz	3	index2	10	CP_B3_mRNA	BONO_0157	Gene Expression	msk_pooledseq_transcriptome	february-2018-3M	TRU	TRU	false			missing
Cardiac	MSK	2cbf283e-6379-4a24-9f38-8f3db74170f8	/MSK_Perturbseq06_Cardiac_20260902/	CP_R3_mRNA_B3_2_IGO_18498_B_7_S22_L003_R1_001.fastq.gz	CP_R3_mRNA_B3_2_IGO_18498_B_7_S22_L003_R1_001.fastq.gz	fastq.gz	3	read1	29	CP_B3_mRNA	BONO_0157	Gene Expression	msk_pooledseq_transcriptome	february-2018-3M	TRU	TRU	false			missing
Cardiac	MSK	2cbf283e-6379-4a24-9f38-8f3db74170f8	/MSK_Perturbseq06_Cardiac_20260902/	CP_R3_mRNA_B3_2_IGO_18498_B_7_S22_L003_R2_001.fastq.gz	CP_R3_mRNA_B3_2_IGO_18498_B_7_S22_L003_R2_001.fastq.gz	fastq.gz	3	read2	89	CP_B3_mRNA	BONO_0157	Gene Expression	msk_pooledseq_transcriptome	february-2018-3M	TRU	TRU	false			missing
Cardiac	MSK	2cbf283e-6379-4a24-9f38-8f3db74170f8	/MSK_Perturbseq06_Cardiac_20260902/	CP_R3_mRNA_B3_2_IGO_18498_B_7_S22_L004_I1_001.fastq.gz	CP_R3_mRNA_B3_2_IGO_18498_B_7_S22_L004_I1_001.fastq.gz	fastq.gz	4	index1	10	CP_B3_mRNA	BONO_0157	Gene Expression	msk_pooledseq_transcriptome	february-2018-3M	TRU	TRU	false			missing
Cardiac	MSK	2cbf283e-6379-4a24-9f38-8f3db74170f8	/MSK_Perturbseq06_Cardiac_20260902/	CP_R3_mRNA_B3_2_IGO_18498_B_7_S22_L004_I2_001.fastq.gz	CP_R3_mRNA_B3_2_IGO_18498_B_7_S22_L004_I2_001.fastq.gz	fastq.gz	4	index2	10	CP_B3_mRNA	BONO_0157	Gene Expression	msk_pooledseq_transcriptome	february-2018-3M	TRU	TRU	false			missing
Cardiac	MSK	2cbf283e-6379-4a24-9f38-8f3db74170f8	/MSK_Perturbseq06_Cardiac_20260902/	CP_R3_mRNA_B3_2_IGO_18498_B_7_S22_L004_R1_001.fastq.gz	CP_R3_mRNA_B3_2_IGO_18498_B_7_S22_L004_R1_001.fastq.gz	fastq.gz	4	read1	29	CP_B3_mRNA	BONO_0157	Gene Expression	msk_pooledseq_transcriptome	february-2018-3M	TRU	TRU	false			missing
Cardiac	MSK	2cbf283e-6379-4a24-9f38-8f3db74170f8	/MSK_Perturbseq06_Cardiac_20260902/	CP_R3_mRNA_B3_2_IGO_18498_B_7_S22_L004_R2_001.fastq.gz	CP_R3_mRNA_B3_2_IGO_18498_B_7_S22_L004_R2_001.fastq.gz	fastq.gz	4	read2	89	CP_B3_mRNA	BONO_0157	Gene Expression	msk_pooledseq_transcriptome	february-2018-3M	TRU	TRU	false			missing
Cardiac	MSK	2cbf283e-6379-4a24-9f38-8f3db74170f8	/MSK_Perturbseq06_Cardiac_20260902/	CP_R3_mRNA_B3_2_IGO_18498_B_7_S22_L005_I1_001.fastq.gz	CP_R3_mRNA_B3_2_IGO_18498_B_7_S22_L005_I1_001.fastq.gz	fastq.gz	5	index1	10	CP_B3_mRNA	BONO_0157	Gene Expression	msk_pooledseq_transcriptome	february-2018-3M	TRU	TRU	false			missing
Cardiac	MSK	2cbf283e-6379-4a24-9f38-8f3db74170f8	/MSK_Perturbseq06_Cardiac_20260902/	CP_R3_mRNA_B3_2_IGO_18498_B_7_S22_L005_I2_001.fastq.gz	CP_R3_mRNA_B3_2_IGO_18498_B_7_S22_L005_I2_001.fastq.gz	fastq.gz	5	index2	10	CP_B3_mRNA	BONO_0157	Gene Expression	msk_pooledseq_transcriptome	february-2018-3M	TRU	TRU	false			missing
Cardiac	MSK	2cbf283e-6379-4a24-9f38-8f3db74170f8	/MSK_Perturbseq06_Cardiac_20260902/	CP_R3_mRNA_B3_2_IGO_18498_B_7_S22_L005_R1_001.fastq.gz	CP_R3_mRNA_B3_2_IGO_18498_B_7_S22_L005_R1_001.fastq.gz	fastq.gz	5	read1	29	CP_B3_mRNA	BONO_0157	Gene Expression	msk_pooledseq_transcriptome	february-2018-3M	TRU	TRU	false			missing
Cardiac	MSK	2cbf283e-6379-4a24-9f38-8f3db74170f8	/MSK_Perturbseq06_Cardiac_20260902/	CP_R3_mRNA_B3_2_IGO_18498_B_7_S22_L005_R2_001.fastq.gz	CP_R3_mRNA_B3_2_IGO_18498_B_7_S22_L005_R2_001.fastq.gz	fastq.gz	5	read2	89	CP_B3_mRNA	BONO_0157	Gene Expression	msk_pooledseq_transcriptome	february-2018-3M	TRU	TRU	false			missing
Cardiac	MSK	2cbf283e-6379-4a24-9f38-8f3db74170f8	/MSK_Perturbseq06_Cardiac_20260902/	CP_R3_mRNA_B3_2_IGO_18498_B_7_S22_L006_I1_001.fastq.gz	CP_R3_mRNA_B3_2_IGO_18498_B_7_S22_L006_I1_001.fastq.gz	fastq.gz	6	index1	10	CP_B3_mRNA	BONO_0157	Gene Expression	msk_pooledseq_transcriptome	february-2018-3M	TRU	TRU	false			missing
Cardiac	MSK	2cbf283e-6379-4a24-9f38-8f3db74170f8	/MSK_Perturbseq06_Cardiac_20260902/	CP_R3_mRNA_B3_2_IGO_18498_B_7_S22_L006_I2_001.fastq.gz	CP_R3_mRNA_B3_2_IGO_18498_B_7_S22_L006_I2_001.fastq.gz	fastq.gz	6	index2	10	CP_B3_mRNA	BONO_0157	Gene Expression	msk_pooledseq_transcriptome	february-2018-3M	TRU	TRU	false			missing
Cardiac	MSK	2cbf283e-6379-4a24-9f38-8f3db74170f8	/MSK_Perturbseq06_Cardiac_20260902/	CP_R3_mRNA_B3_2_IGO_18498_B_7_S22_L006_R1_001.fastq.gz	CP_R3_mRNA_B3_2_IGO_18498_B_7_S22_L006_R1_001.fastq.gz	fastq.gz	6	read1	29	CP_B3_mRNA	BONO_0157	Gene Expression	msk_pooledseq_transcriptome	february-2018-3M	TRU	TRU	false			missing
Cardiac	MSK	2cbf283e-6379-4a24-9f38-8f3db74170f8	/MSK_Perturbseq06_Cardiac_20260902/	CP_R3_mRNA_B3_2_IGO_18498_B_7_S22_L006_R2_001.fastq.gz	CP_R3_mRNA_B3_2_IGO_18498_B_7_S22_L006_R2_001.fastq.gz	fastq.gz	6	read2	89	CP_B3_mRNA	BONO_0157	Gene Expression	msk_pooledseq_transcriptome	february-2018-3M	TRU	TRU	false			missing
Cardiac	MSK	2cbf283e-6379-4a24-9f38-8f3db74170f8	/MSK_Perturbseq06_Cardiac_20260902/	CP_R3_mRNA_B3_2_IGO_18498_B_7_S22_L007_I1_001.fastq.gz	CP_R3_mRNA_B3_2_IGO_18498_B_7_S22_L007_I1_001.fastq.gz	fastq.gz	7	index1	10	CP_B3_mRNA	BONO_0157	Gene Expression	msk_pooledseq_transcriptome	february-2018-3M	TRU	TRU	false			missing
Cardiac	MSK	2cbf283e-6379-4a24-9f38-8f3db74170f8	/MSK_Perturbseq06_Cardiac_20260902/	CP_R3_mRNA_B3_2_IGO_18498_B_7_S22_L007_I2_001.fastq.gz	CP_R3_mRNA_B3_2_IGO_18498_B_7_S22_L007_I2_001.fastq.gz	fastq.gz	7	index2	10	CP_B3_mRNA	BONO_0157	Gene Expression	msk_pooledseq_transcriptome	february-2018-3M	TRU	TRU	false			missing
Cardiac	MSK	2cbf283e-6379-4a24-9f38-8f3db74170f8	/MSK_Perturbseq06_Cardiac_20260902/	CP_R3_mRNA_B3_2_IGO_18498_B_7_S22_L007_R1_001.fastq.gz	CP_R3_mRNA_B3_2_IGO_18498_B_7_S22_L007_R1_001.fastq.gz	fastq.gz	7	read1	29	CP_B3_mRNA	BONO_0157	Gene Expression	msk_pooledseq_transcriptome	february-2018-3M	TRU	TRU	false			missing
Cardiac	MSK	2cbf283e-6379-4a24-9f38-8f3db74170f8	/MSK_Perturbseq06_Cardiac_20260902/	CP_R3_mRNA_B3_2_IGO_18498_B_7_S22_L007_R2_001.fastq.gz	CP_R3_mRNA_B3_2_IGO_18498_B_7_S22_L007_R2_001.fastq.gz	fastq.gz	7	read2	89	CP_B3_mRNA	BONO_0157	Gene Expression	msk_pooledseq_transcriptome	february-2018-3M	TRU	TRU	false			missing
Cardiac	MSK	2cbf283e-6379-4a24-9f38-8f3db74170f8	/MSK_Perturbseq06_Cardiac_20260902/	CP_R3_mRNA_B3_2_IGO_18498_B_7_S22_L008_I1_001.fastq.gz	CP_R3_mRNA_B3_2_IGO_18498_B_7_S22_L008_I1_001.fastq.gz	fastq.gz	8	index1	10	CP_B3_mRNA	BONO_0157	Gene Expression	msk_pooledseq_transcriptome	february-2018-3M	TRU	TRU	false			missing
Cardiac	MSK	2cbf283e-6379-4a24-9f38-8f3db74170f8	/MSK_Perturbseq06_Cardiac_20260902/	CP_R3_mRNA_B3_2_IGO_18498_B_7_S22_L008_I2_001.fastq.gz	CP_R3_mRNA_B3_2_IGO_18498_B_7_S22_L008_I2_001.fastq.gz	fastq.gz	8	index2	10	CP_B3_mRNA	BONO_0157	Gene Expression	msk_pooledseq_transcriptome	february-2018-3M	TRU	TRU	false			missing
Cardiac	MSK	2cbf283e-6379-4a24-9f38-8f3db74170f8	/MSK_Perturbseq06_Cardiac_20260902/	CP_R3_mRNA_B3_2_IGO_18498_B_7_S22_L008_R1_001.fastq.gz	CP_R3_mRNA_B3_2_IGO_18498_B_7_S22_L008_R1_001.fastq.gz	fastq.gz	8	read1	29	CP_B3_mRNA	BONO_0157	Gene Expression	msk_pooledseq_transcriptome	february-2018-3M	TRU	TRU	false			missing
Cardiac	MSK	2cbf283e-6379-4a24-9f38-8f3db74170f8	/MSK_Perturbseq06_Cardiac_20260902/	CP_R3_mRNA_B3_2_IGO_18498_B_7_S22_L008_R2_001.fastq.gz	CP_R3_mRNA_B3_2_IGO_18498_B_7_S22_L008_R2_001.fastq.gz	fastq.gz	8	read2	89	CP_B3_mRNA	BONO_0157	Gene Expression	msk_pooledseq_transcriptome	february-2018-3M	TRU	TRU	false			missing
Cardiac	MSK	2cbf283e-6379-4a24-9f38-8f3db74170f8	/MSK_Perturbseq06_Cardiac_20260902/	CP_R3_mRNA_B3_2_IGO_18498_B_7_S7_L001_I1_001.fastq.gz	CP_R3_mRNA_B3_2_IGO_18498_B_7_S7_L001_I1_001.fastq.gz	fastq.gz	1	index1	10	CP_B3_mRNA	FAUCI2_0161	Gene Expression	msk_pooledseq_transcriptome	february-2018-3M	TRU	TRU	false			missing
Cardiac	MSK	2cbf283e-6379-4a24-9f38-8f3db74170f8	/MSK_Perturbseq06_Cardiac_20260902/	CP_R3_mRNA_B3_2_IGO_18498_B_7_S7_L001_I2_001.fastq.gz	CP_R3_mRNA_B3_2_IGO_18498_B_7_S7_L001_I2_001.fastq.gz	fastq.gz	1	index2	10	CP_B3_mRNA	FAUCI2_0161	Gene Expression	msk_pooledseq_transcriptome	february-2018-3M	TRU	TRU	false			missing
Cardiac	MSK	2cbf283e-6379-4a24-9f38-8f3db74170f8	/MSK_Perturbseq06_Cardiac_20260902/	CP_R3_mRNA_B3_2_IGO_18498_B_7_S7_L001_R1_001.fastq.gz	CP_R3_mRNA_B3_2_IGO_18498_B_7_S7_L001_R1_001.fastq.gz	fastq.gz	1	read1	29	CP_B3_mRNA	FAUCI2_0161	Gene Expression	msk_pooledseq_transcriptome	february-2018-3M	TRU	TRU	false			missing
Cardiac	MSK	2cbf283e-6379-4a24-9f38-8f3db74170f8	/MSK_Perturbseq06_Cardiac_20260902/	CP_R3_mRNA_B3_2_IGO_18498_B_7_S7_L001_R2_001.fastq.gz	CP_R3_mRNA_B3_2_IGO_18498_B_7_S7_L001_R2_001.fastq.gz	fastq.gz	1	read2	89	CP_B3_mRNA	FAUCI2_0161	Gene Expression	msk_pooledseq_transcriptome	february-2018-3M	TRU	TRU	false			missing
Cardiac	MSK	2cbf283e-6379-4a24-9f38-8f3db74170f8	/MSK_Perturbseq06_Cardiac_20260902/	CP_R3_mRNA_B3_2_IGO_18498_B_7_S7_L002_I1_001.fastq.gz	CP_R3_mRNA_B3_2_IGO_18498_B_7_S7_L002_I1_001.fastq.gz	fastq.gz	2	index1	10	CP_B3_mRNA	FAUCI2_0161	Gene Expression	msk_pooledseq_transcriptome	february-2018-3M	TRU	TRU	false			missing
Cardiac	MSK	2cbf283e-6379-4a24-9f38-8f3db74170f8	/MSK_Perturbseq06_Cardiac_20260902/	CP_R3_mRNA_B3_2_IGO_18498_B_7_S7_L002_I2_001.fastq.gz	CP_R3_mRNA_B3_2_IGO_18498_B_7_S7_L002_I2_001.fastq.gz	fastq.gz	2	index2	10	CP_B3_mRNA	FAUCI2_0161	Gene Expression	msk_pooledseq_transcriptome	february-2018-3M	TRU	TRU	false			missing
Cardiac	MSK	2cbf283e-6379-4a24-9f38-8f3db74170f8	/MSK_Perturbseq06_Cardiac_20260902/	CP_R3_mRNA_B3_2_IGO_18498_B_7_S7_L002_R1_001.fastq.gz	CP_R3_mRNA_B3_2_IGO_18498_B_7_S7_L002_R1_001.fastq.gz	fastq.gz	2	read1	29	CP_B3_mRNA	FAUCI2_0161	Gene Expression	msk_pooledseq_transcriptome	february-2018-3M	TRU	TRU	false			missing
Cardiac	MSK	2cbf283e-6379-4a24-9f38-8f3db74170f8	/MSK_Perturbseq06_Cardiac_20260902/	CP_R3_mRNA_B3_2_IGO_18498_B_7_S7_L002_R2_001.fastq.gz	CP_R3_mRNA_B3_2_IGO_18498_B_7_S7_L002_R2_001.fastq.gz	fastq.gz	2	read2	89	CP_B3_mRNA	FAUCI2_0161	Gene Expression	msk_pooledseq_transcriptome	february-2018-3M	TRU	TRU	false			missing
Cardiac	MSK	2cbf283e-6379-4a24-9f38-8f3db74170f8	/MSK_Perturbseq06_Cardiac_20260902/	CP_R3_mRNA_B3_2_IGO_18498_B_7_S7_L003_I1_001.fastq.gz	CP_R3_mRNA_B3_2_IGO_18498_B_7_S7_L003_I1_001.fastq.gz	fastq.gz	3	index1	10	CP_B3_mRNA	FAUCI2_0161	Gene Expression	msk_pooledseq_transcriptome	february-2018-3M	TRU	TRU	false			missing
Cardiac	MSK	2cbf283e-6379-4a24-9f38-8f3db74170f8	/MSK_Perturbseq06_Cardiac_20260902/	CP_R3_mRNA_B3_2_IGO_18498_B_7_S7_L003_I2_001.fastq.gz	CP_R3_mRNA_B3_2_IGO_18498_B_7_S7_L003_I2_001.fastq.gz	fastq.gz	3	index2	10	CP_B3_mRNA	FAUCI2_0161	Gene Expression	msk_pooledseq_transcriptome	february-2018-3M	TRU	TRU	false			missing
Cardiac	MSK	2cbf283e-6379-4a24-9f38-8f3db74170f8	/MSK_Perturbseq06_Cardiac_20260902/	CP_R3_mRNA_B3_2_IGO_18498_B_7_S7_L003_R1_001.fastq.gz	CP_R3_mRNA_B3_2_IGO_18498_B_7_S7_L003_R1_001.fastq.gz	fastq.gz	3	read1	29	CP_B3_mRNA	FAUCI2_0161	Gene Expression	msk_pooledseq_transcriptome	february-2018-3M	TRU	TRU	false			missing
Cardiac	MSK	2cbf283e-6379-4a24-9f38-8f3db74170f8	/MSK_Perturbseq06_Cardiac_20260902/	CP_R3_mRNA_B3_2_IGO_18498_B_7_S7_L003_R2_001.fastq.gz	CP_R3_mRNA_B3_2_IGO_18498_B_7_S7_L003_R2_001.fastq.gz	fastq.gz	3	read2	89	CP_B3_mRNA	FAUCI2_0161	Gene Expression	msk_pooledseq_transcriptome	february-2018-3M	TRU	TRU	false			missing
Cardiac	MSK	2cbf283e-6379-4a24-9f38-8f3db74170f8	/MSK_Perturbseq06_Cardiac_20260902/	CP_R3_mRNA_B3_2_IGO_18498_B_7_S7_L004_I1_001.fastq.gz	CP_R3_mRNA_B3_2_IGO_18498_B_7_S7_L004_I1_001.fastq.gz	fastq.gz	4	index1	10	CP_B3_mRNA	FAUCI2_0161	Gene Expression	msk_pooledseq_transcriptome	february-2018-3M	TRU	TRU	false			missing
Cardiac	MSK	2cbf283e-6379-4a24-9f38-8f3db74170f8	/MSK_Perturbseq06_Cardiac_20260902/	CP_R3_mRNA_B3_2_IGO_18498_B_7_S7_L004_I2_001.fastq.gz	CP_R3_mRNA_B3_2_IGO_18498_B_7_S7_L004_I2_001.fastq.gz	fastq.gz	4	index2	10	CP_B3_mRNA	FAUCI2_0161	Gene Expression	msk_pooledseq_transcriptome	february-2018-3M	TRU	TRU	false			missing
Cardiac	MSK	2cbf283e-6379-4a24-9f38-8f3db74170f8	/MSK_Perturbseq06_Cardiac_20260902/	CP_R3_mRNA_B3_2_IGO_18498_B_7_S7_L004_R1_001.fastq.gz	CP_R3_mRNA_B3_2_IGO_18498_B_7_S7_L004_R1_001.fastq.gz	fastq.gz	4	read1	29	CP_B3_mRNA	FAUCI2_0161	Gene Expression	msk_pooledseq_transcriptome	february-2018-3M	TRU	TRU	false			missing
Cardiac	MSK	2cbf283e-6379-4a24-9f38-8f3db74170f8	/MSK_Perturbseq06_Cardiac_20260902/	CP_R3_mRNA_B3_2_IGO_18498_B_7_S7_L004_R2_001.fastq.gz	CP_R3_mRNA_B3_2_IGO_18498_B_7_S7_L004_R2_001.fastq.gz	fastq.gz	4	read2	89	CP_B3_mRNA	FAUCI2_0161	Gene Expression	msk_pooledseq_transcriptome	february-2018-3M	TRU	TRU	false			missing
Cardiac	MSK	2cbf283e-6379-4a24-9f38-8f3db74170f8	/MSK_Perturbseq06_Cardiac_20260902/	CP_R3_mRNA_B3_2_IGO_18498_B_7_S7_L005_I1_001.fastq.gz	CP_R3_mRNA_B3_2_IGO_18498_B_7_S7_L005_I1_001.fastq.gz	fastq.gz	5	index1	10	CP_B3_mRNA	FAUCI2_0161	Gene Expression	msk_pooledseq_transcriptome	february-2018-3M	TRU	TRU	false			missing
Cardiac	MSK	2cbf283e-6379-4a24-9f38-8f3db74170f8	/MSK_Perturbseq06_Cardiac_20260902/	CP_R3_mRNA_B3_2_IGO_18498_B_7_S7_L005_I2_001.fastq.gz	CP_R3_mRNA_B3_2_IGO_18498_B_7_S7_L005_I2_001.fastq.gz	fastq.gz	5	index2	10	CP_B3_mRNA	FAUCI2_0161	Gene Expression	msk_pooledseq_transcriptome	february-2018-3M	TRU	TRU	false			missing
Cardiac	MSK	2cbf283e-6379-4a24-9f38-8f3db74170f8	/MSK_Perturbseq06_Cardiac_20260902/	CP_R3_mRNA_B3_2_IGO_18498_B_7_S7_L005_R1_001.fastq.gz	CP_R3_mRNA_B3_2_IGO_18498_B_7_S7_L005_R1_001.fastq.gz	fastq.gz	5	read1	29	CP_B3_mRNA	FAUCI2_0161	Gene Expression	msk_pooledseq_transcriptome	february-2018-3M	TRU	TRU	false			missing
Cardiac	MSK	2cbf283e-6379-4a24-9f38-8f3db74170f8	/MSK_Perturbseq06_Cardiac_20260902/	CP_R3_mRNA_B3_2_IGO_18498_B_7_S7_L005_R2_001.fastq.gz	CP_R3_mRNA_B3_2_IGO_18498_B_7_S7_L005_R2_001.fastq.gz	fastq.gz	5	read2	89	CP_B3_mRNA	FAUCI2_0161	Gene Expression	msk_pooledseq_transcriptome	february-2018-3M	TRU	TRU	false			missing
Cardiac	MSK	2cbf283e-6379-4a24-9f38-8f3db74170f8	/MSK_Perturbseq06_Cardiac_20260902/	CP_R3_mRNA_B3_2_IGO_18498_B_7_S7_L006_I1_001.fastq.gz	CP_R3_mRNA_B3_2_IGO_18498_B_7_S7_L006_I1_001.fastq.gz	fastq.gz	6	index1	10	CP_B3_mRNA	FAUCI2_0161	Gene Expression	msk_pooledseq_transcriptome	february-2018-3M	TRU	TRU	false			missing
Cardiac	MSK	2cbf283e-6379-4a24-9f38-8f3db74170f8	/MSK_Perturbseq06_Cardiac_20260902/	CP_R3_mRNA_B3_2_IGO_18498_B_7_S7_L006_I2_001.fastq.gz	CP_R3_mRNA_B3_2_IGO_18498_B_7_S7_L006_I2_001.fastq.gz	fastq.gz	6	index2	10	CP_B3_mRNA	FAUCI2_0161	Gene Expression	msk_pooledseq_transcriptome	february-2018-3M	TRU	TRU	false			missing
Cardiac	MSK	2cbf283e-6379-4a24-9f38-8f3db74170f8	/MSK_Perturbseq06_Cardiac_20260902/	CP_R3_mRNA_B3_2_IGO_18498_B_7_S7_L006_R1_001.fastq.gz	CP_R3_mRNA_B3_2_IGO_18498_B_7_S7_L006_R1_001.fastq.gz	fastq.gz	6	read1	29	CP_B3_mRNA	FAUCI2_0161	Gene Expression	msk_pooledseq_transcriptome	february-2018-3M	TRU	TRU	false			missing
Cardiac	MSK	2cbf283e-6379-4a24-9f38-8f3db74170f8	/MSK_Perturbseq06_Cardiac_20260902/	CP_R3_mRNA_B3_2_IGO_18498_B_7_S7_L006_R2_001.fastq.gz	CP_R3_mRNA_B3_2_IGO_18498_B_7_S7_L006_R2_001.fastq.gz	fastq.gz	6	read2	89	CP_B3_mRNA	FAUCI2_0161	Gene Expression	msk_pooledseq_transcriptome	february-2018-3M	TRU	TRU	false			missing
Cardiac	MSK	2cbf283e-6379-4a24-9f38-8f3db74170f8	/MSK_Perturbseq06_Cardiac_20260902/	CP_R3_mRNA_B3_2_IGO_18498_B_7_S7_L007_I1_001.fastq.gz	CP_R3_mRNA_B3_2_IGO_18498_B_7_S7_L007_I1_001.fastq.gz	fastq.gz	7	index1	10	CP_B3_mRNA	FAUCI2_0161	Gene Expression	msk_pooledseq_transcriptome	february-2018-3M	TRU	TRU	false			missing
Cardiac	MSK	2cbf283e-6379-4a24-9f38-8f3db74170f8	/MSK_Perturbseq06_Cardiac_20260902/	CP_R3_mRNA_B3_2_IGO_18498_B_7_S7_L007_I2_001.fastq.gz	CP_R3_mRNA_B3_2_IGO_18498_B_7_S7_L007_I2_001.fastq.gz	fastq.gz	7	index2	10	CP_B3_mRNA	FAUCI2_0161	Gene Expression	msk_pooledseq_transcriptome	february-2018-3M	TRU	TRU	false			missing
Cardiac	MSK	2cbf283e-6379-4a24-9f38-8f3db74170f8	/MSK_Perturbseq06_Cardiac_20260902/	CP_R3_mRNA_B3_2_IGO_18498_B_7_S7_L007_R1_001.fastq.gz	CP_R3_mRNA_B3_2_IGO_18498_B_7_S7_L007_R1_001.fastq.gz	fastq.gz	7	read1	29	CP_B3_mRNA	FAUCI2_0161	Gene Expression	msk_pooledseq_transcriptome	february-2018-3M	TRU	TRU	false			missing
Cardiac	MSK	2cbf283e-6379-4a24-9f38-8f3db74170f8	/MSK_Perturbseq06_Cardiac_20260902/	CP_R3_mRNA_B3_2_IGO_18498_B_7_S7_L007_R2_001.fastq.gz	CP_R3_mRNA_B3_2_IGO_18498_B_7_S7_L007_R2_001.fastq.gz	fastq.gz	7	read2	89	CP_B3_mRNA	FAUCI2_0161	Gene Expression	msk_pooledseq_transcriptome	february-2018-3M	TRU	TRU	false			missing
Cardiac	MSK	2cbf283e-6379-4a24-9f38-8f3db74170f8	/MSK_Perturbseq06_Cardiac_20260902/	CP_R3_mRNA_B3_2_IGO_18498_C_7_S3_L001_I1_001.fastq.gz	CP_R3_mRNA_B3_2_IGO_18498_C_7_S3_L001_I1_001.fastq.gz	fastq.gz	1	index1	10	CP_B3_mRNA	FAUCI2_0170	Gene Expression	msk_pooledseq_transcriptome	february-2018-3M	TRU	TRU	false			missing
Cardiac	MSK	2cbf283e-6379-4a24-9f38-8f3db74170f8	/MSK_Perturbseq06_Cardiac_20260902/	CP_R3_mRNA_B3_2_IGO_18498_C_7_S3_L001_I2_001.fastq.gz	CP_R3_mRNA_B3_2_IGO_18498_C_7_S3_L001_I2_001.fastq.gz	fastq.gz	1	index2	10	CP_B3_mRNA	FAUCI2_0170	Gene Expression	msk_pooledseq_transcriptome	february-2018-3M	TRU	TRU	false			missing
Cardiac	MSK	2cbf283e-6379-4a24-9f38-8f3db74170f8	/MSK_Perturbseq06_Cardiac_20260902/	CP_R3_mRNA_B3_2_IGO_18498_C_7_S3_L001_R1_001.fastq.gz	CP_R3_mRNA_B3_2_IGO_18498_C_7_S3_L001_R1_001.fastq.gz	fastq.gz	1	read1	29	CP_B3_mRNA	FAUCI2_0170	Gene Expression	msk_pooledseq_transcriptome	february-2018-3M	TRU	TRU	false			missing
Cardiac	MSK	2cbf283e-6379-4a24-9f38-8f3db74170f8	/MSK_Perturbseq06_Cardiac_20260902/	CP_R3_mRNA_B3_2_IGO_18498_C_7_S3_L001_R2_001.fastq.gz	CP_R3_mRNA_B3_2_IGO_18498_C_7_S3_L001_R2_001.fastq.gz	fastq.gz	1	read2	89	CP_B3_mRNA	FAUCI2_0170	Gene Expression	msk_pooledseq_transcriptome	february-2018-3M	TRU	TRU	false			missing
Cardiac	MSK	2cbf283e-6379-4a24-9f38-8f3db74170f8	/MSK_Perturbseq06_Cardiac_20260902/	CP_R3_mRNA_B3_2_IGO_18498_C_7_S3_L002_I1_001.fastq.gz	CP_R3_mRNA_B3_2_IGO_18498_C_7_S3_L002_I1_001.fastq.gz	fastq.gz	2	index1	10	CP_B3_mRNA	FAUCI2_0170	Gene Expression	msk_pooledseq_transcriptome	february-2018-3M	TRU	TRU	false			missing
Cardiac	MSK	2cbf283e-6379-4a24-9f38-8f3db74170f8	/MSK_Perturbseq06_Cardiac_20260902/	CP_R3_mRNA_B3_2_IGO_18498_C_7_S3_L002_I2_001.fastq.gz	CP_R3_mRNA_B3_2_IGO_18498_C_7_S3_L002_I2_001.fastq.gz	fastq.gz	2	index2	10	CP_B3_mRNA	FAUCI2_0170	Gene Expression	msk_pooledseq_transcriptome	february-2018-3M	TRU	TRU	false			missing
Cardiac	MSK	2cbf283e-6379-4a24-9f38-8f3db74170f8	/MSK_Perturbseq06_Cardiac_20260902/	CP_R3_mRNA_B3_2_IGO_18498_C_7_S3_L002_R1_001.fastq.gz	CP_R3_mRNA_B3_2_IGO_18498_C_7_S3_L002_R1_001.fastq.gz	fastq.gz	2	read1	29	CP_B3_mRNA	FAUCI2_0170	Gene Expression	msk_pooledseq_transcriptome	february-2018-3M	TRU	TRU	false			missing
Cardiac	MSK	2cbf283e-6379-4a24-9f38-8f3db74170f8	/MSK_Perturbseq06_Cardiac_20260902/	CP_R3_mRNA_B3_2_IGO_18498_C_7_S3_L002_R2_001.fastq.gz	CP_R3_mRNA_B3_2_IGO_18498_C_7_S3_L002_R2_001.fastq.gz	fastq.gz	2	read2	89	CP_B3_mRNA	FAUCI2_0170	Gene Expression	msk_pooledseq_transcriptome	february-2018-3M	TRU	TRU	false			missing
Cardiac	MSK	2cbf283e-6379-4a24-9f38-8f3db74170f8	/MSK_Perturbseq06_Cardiac_20260902/	CP_R3_mRNA_B3_2_IGO_18498_C_7_S3_L003_I1_001.fastq.gz	CP_R3_mRNA_B3_2_IGO_18498_C_7_S3_L003_I1_001.fastq.gz	fastq.gz	3	index1	10	CP_B3_mRNA	FAUCI2_0170	Gene Expression	msk_pooledseq_transcriptome	february-2018-3M	TRU	TRU	false			missing
Cardiac	MSK	2cbf283e-6379-4a24-9f38-8f3db74170f8	/MSK_Perturbseq06_Cardiac_20260902/	CP_R3_mRNA_B3_2_IGO_18498_C_7_S3_L003_I2_001.fastq.gz	CP_R3_mRNA_B3_2_IGO_18498_C_7_S3_L003_I2_001.fastq.gz	fastq.gz	3	index2	10	CP_B3_mRNA	FAUCI2_0170	Gene Expression	msk_pooledseq_transcriptome	february-2018-3M	TRU	TRU	false			missing
Cardiac	MSK	2cbf283e-6379-4a24-9f38-8f3db74170f8	/MSK_Perturbseq06_Cardiac_20260902/	CP_R3_mRNA_B3_2_IGO_18498_C_7_S3_L003_R1_001.fastq.gz	CP_R3_mRNA_B3_2_IGO_18498_C_7_S3_L003_R1_001.fastq.gz	fastq.gz	3	read1	29	CP_B3_mRNA	FAUCI2_0170	Gene Expression	msk_pooledseq_transcriptome	february-2018-3M	TRU	TRU	false			missing
Cardiac	MSK	2cbf283e-6379-4a24-9f38-8f3db74170f8	/MSK_Perturbseq06_Cardiac_20260902/	CP_R3_mRNA_B3_2_IGO_18498_C_7_S3_L003_R2_001.fastq.gz	CP_R3_mRNA_B3_2_IGO_18498_C_7_S3_L003_R2_001.fastq.gz	fastq.gz	3	read2	89	CP_B3_mRNA	FAUCI2_0170	Gene Expression	msk_pooledseq_transcriptome	february-2018-3M	TRU	TRU	false			missing
Cardiac	MSK	2cbf283e-6379-4a24-9f38-8f3db74170f8	/MSK_Perturbseq06_Cardiac_20260902/	CP_R3_mRNA_B3_2_IGO_18498_C_7_S3_L004_I1_001.fastq.gz	CP_R3_mRNA_B3_2_IGO_18498_C_7_S3_L004_I1_001.fastq.gz	fastq.gz	4	index1	10	CP_B3_mRNA	FAUCI2_0170	Gene Expression	msk_pooledseq_transcriptome	february-2018-3M	TRU	TRU	false			missing
Cardiac	MSK	2cbf283e-6379-4a24-9f38-8f3db74170f8	/MSK_Perturbseq06_Cardiac_20260902/	CP_R3_mRNA_B3_2_IGO_18498_C_7_S3_L004_I2_001.fastq.gz	CP_R3_mRNA_B3_2_IGO_18498_C_7_S3_L004_I2_001.fastq.gz	fastq.gz	4	index2	10	CP_B3_mRNA	FAUCI2_0170	Gene Expression	msk_pooledseq_transcriptome	february-2018-3M	TRU	TRU	false			missing
Cardiac	MSK	2cbf283e-6379-4a24-9f38-8f3db74170f8	/MSK_Perturbseq06_Cardiac_20260902/	CP_R3_mRNA_B3_2_IGO_18498_C_7_S3_L004_R1_001.fastq.gz	CP_R3_mRNA_B3_2_IGO_18498_C_7_S3_L004_R1_001.fastq.gz	fastq.gz	4	read1	29	CP_B3_mRNA	FAUCI2_0170	Gene Expression	msk_pooledseq_transcriptome	february-2018-3M	TRU	TRU	false			missing
Cardiac	MSK	2cbf283e-6379-4a24-9f38-8f3db74170f8	/MSK_Perturbseq06_Cardiac_20260902/	CP_R3_mRNA_B3_2_IGO_18498_C_7_S3_L004_R2_001.fastq.gz	CP_R3_mRNA_B3_2_IGO_18498_C_7_S3_L004_R2_001.fastq.gz	fastq.gz	4	read2	89	CP_B3_mRNA	FAUCI2_0170	Gene Expression	msk_pooledseq_transcriptome	february-2018-3M	TRU	TRU	false			missing
Cardiac	MSK	2cbf283e-6379-4a24-9f38-8f3db74170f8	/MSK_Perturbseq06_Cardiac_20260902/	CP_R3_mRNA_B3_2_IGO_18498_C_7_S3_L005_I1_001.fastq.gz	CP_R3_mRNA_B3_2_IGO_18498_C_7_S3_L005_I1_001.fastq.gz	fastq.gz	5	index1	10	CP_B3_mRNA	FAUCI2_0170	Gene Expression	msk_pooledseq_transcriptome	february-2018-3M	TRU	TRU	false			missing
Cardiac	MSK	2cbf283e-6379-4a24-9f38-8f3db74170f8	/MSK_Perturbseq06_Cardiac_20260902/	CP_R3_mRNA_B3_2_IGO_18498_C_7_S3_L005_I2_001.fastq.gz	CP_R3_mRNA_B3_2_IGO_18498_C_7_S3_L005_I2_001.fastq.gz	fastq.gz	5	index2	10	CP_B3_mRNA	FAUCI2_0170	Gene Expression	msk_pooledseq_transcriptome	february-2018-3M	TRU	TRU	false			missing
Cardiac	MSK	2cbf283e-6379-4a24-9f38-8f3db74170f8	/MSK_Perturbseq06_Cardiac_20260902/	CP_R3_mRNA_B3_2_IGO_18498_C_7_S3_L005_R1_001.fastq.gz	CP_R3_mRNA_B3_2_IGO_18498_C_7_S3_L005_R1_001.fastq.gz	fastq.gz	5	read1	29	CP_B3_mRNA	FAUCI2_0170	Gene Expression	msk_pooledseq_transcriptome	february-2018-3M	TRU	TRU	false			missing
Cardiac	MSK	2cbf283e-6379-4a24-9f38-8f3db74170f8	/MSK_Perturbseq06_Cardiac_20260902/	CP_R3_mRNA_B3_2_IGO_18498_C_7_S3_L005_R2_001.fastq.gz	CP_R3_mRNA_B3_2_IGO_18498_C_7_S3_L005_R2_001.fastq.gz	fastq.gz	5	read2	89	CP_B3_mRNA	FAUCI2_0170	Gene Expression	msk_pooledseq_transcriptome	february-2018-3M	TRU	TRU	false			missing
Cardiac	MSK	2cbf283e-6379-4a24-9f38-8f3db74170f8	/MSK_Perturbseq06_Cardiac_20260902/	CP_R3_mRNA_B3_2_IGO_18498_C_7_S3_L006_I1_001.fastq.gz	CP_R3_mRNA_B3_2_IGO_18498_C_7_S3_L006_I1_001.fastq.gz	fastq.gz	6	index1	10	CP_B3_mRNA	FAUCI2_0170	Gene Expression	msk_pooledseq_transcriptome	february-2018-3M	TRU	TRU	false			missing
Cardiac	MSK	2cbf283e-6379-4a24-9f38-8f3db74170f8	/MSK_Perturbseq06_Cardiac_20260902/	CP_R3_mRNA_B3_2_IGO_18498_C_7_S3_L006_I2_001.fastq.gz	CP_R3_mRNA_B3_2_IGO_18498_C_7_S3_L006_I2_001.fastq.gz	fastq.gz	6	index2	10	CP_B3_mRNA	FAUCI2_0170	Gene Expression	msk_pooledseq_transcriptome	february-2018-3M	TRU	TRU	false			missing
Cardiac	MSK	2cbf283e-6379-4a24-9f38-8f3db74170f8	/MSK_Perturbseq06_Cardiac_20260902/	CP_R3_mRNA_B3_2_IGO_18498_C_7_S3_L006_R1_001.fastq.gz	CP_R3_mRNA_B3_2_IGO_18498_C_7_S3_L006_R1_001.fastq.gz	fastq.gz	6	read1	29	CP_B3_mRNA	FAUCI2_0170	Gene Expression	msk_pooledseq_transcriptome	february-2018-3M	TRU	TRU	false			missing
Cardiac	MSK	2cbf283e-6379-4a24-9f38-8f3db74170f8	/MSK_Perturbseq06_Cardiac_20260902/	CP_R3_mRNA_B3_2_IGO_18498_C_7_S3_L006_R2_001.fastq.gz	CP_R3_mRNA_B3_2_IGO_18498_C_7_S3_L006_R2_001.fastq.gz	fastq.gz	6	read2	89	CP_B3_mRNA	FAUCI2_0170	Gene Expression	msk_pooledseq_transcriptome	february-2018-3M	TRU	TRU	false			missing
Cardiac	MSK	2cbf283e-6379-4a24-9f38-8f3db74170f8	/MSK_Perturbseq06_Cardiac_20260902/	CP_R3_mRNA_B3_2_IGO_18498_C_7_S3_L007_I1_001.fastq.gz	CP_R3_mRNA_B3_2_IGO_18498_C_7_S3_L007_I1_001.fastq.gz	fastq.gz	7	index1	10	CP_B3_mRNA	FAUCI2_0170	Gene Expression	msk_pooledseq_transcriptome	february-2018-3M	TRU	TRU	false			missing
Cardiac	MSK	2cbf283e-6379-4a24-9f38-8f3db74170f8	/MSK_Perturbseq06_Cardiac_20260902/	CP_R3_mRNA_B3_2_IGO_18498_C_7_S3_L007_I2_001.fastq.gz	CP_R3_mRNA_B3_2_IGO_18498_C_7_S3_L007_I2_001.fastq.gz	fastq.gz	7	index2	10	CP_B3_mRNA	FAUCI2_0170	Gene Expression	msk_pooledseq_transcriptome	february-2018-3M	TRU	TRU	false			missing
Cardiac	MSK	2cbf283e-6379-4a24-9f38-8f3db74170f8	/MSK_Perturbseq06_Cardiac_20260902/	CP_R3_mRNA_B3_2_IGO_18498_C_7_S3_L007_R1_001.fastq.gz	CP_R3_mRNA_B3_2_IGO_18498_C_7_S3_L007_R1_001.fastq.gz	fastq.gz	7	read1	29	CP_B3_mRNA	FAUCI2_0170	Gene Expression	msk_pooledseq_transcriptome	february-2018-3M	TRU	TRU	false			missing
Cardiac	MSK	2cbf283e-6379-4a24-9f38-8f3db74170f8	/MSK_Perturbseq06_Cardiac_20260902/	CP_R3_mRNA_B3_2_IGO_18498_C_7_S3_L007_R2_001.fastq.gz	CP_R3_mRNA_B3_2_IGO_18498_C_7_S3_L007_R2_001.fastq.gz	fastq.gz	7	read2	89	CP_B3_mRNA	FAUCI2_0170	Gene Expression	msk_pooledseq_transcriptome	february-2018-3M	TRU	TRU	false			missing
Cardiac	MSK	2cbf283e-6379-4a24-9f38-8f3db74170f8	/MSK_Perturbseq06_Cardiac_20260902/	CP_R3_mRNA_B3_2_IGO_18498_C_7_S3_L008_I1_001.fastq.gz	CP_R3_mRNA_B3_2_IGO_18498_C_7_S3_L008_I1_001.fastq.gz	fastq.gz	8	index1	10	CP_B3_mRNA	FAUCI2_0170	Gene Expression	msk_pooledseq_transcriptome	february-2018-3M	TRU	TRU	false			missing
Cardiac	MSK	2cbf283e-6379-4a24-9f38-8f3db74170f8	/MSK_Perturbseq06_Cardiac_20260902/	CP_R3_mRNA_B3_2_IGO_18498_C_7_S3_L008_I2_001.fastq.gz	CP_R3_mRNA_B3_2_IGO_18498_C_7_S3_L008_I2_001.fastq.gz	fastq.gz	8	index2	10	CP_B3_mRNA	FAUCI2_0170	Gene Expression	msk_pooledseq_transcriptome	february-2018-3M	TRU	TRU	false			missing
Cardiac	MSK	2cbf283e-6379-4a24-9f38-8f3db74170f8	/MSK_Perturbseq06_Cardiac_20260902/	CP_R3_mRNA_B3_2_IGO_18498_C_7_S3_L008_R1_001.fastq.gz	CP_R3_mRNA_B3_2_IGO_18498_C_7_S3_L008_R1_001.fastq.gz	fastq.gz	8	read1	29	CP_B3_mRNA	FAUCI2_0170	Gene Expression	msk_pooledseq_transcriptome	february-2018-3M	TRU	TRU	false			missing
Cardiac	MSK	2cbf283e-6379-4a24-9f38-8f3db74170f8	/MSK_Perturbseq06_Cardiac_20260902/	CP_R3_mRNA_B3_2_IGO_18498_C_7_S3_L008_R2_001.fastq.gz	CP_R3_mRNA_B3_2_IGO_18498_C_7_S3_L008_R2_001.fastq.gz	fastq.gz	8	read2	89	CP_B3_mRNA	FAUCI2_0170	Gene Expression	msk_pooledseq_transcriptome	february-2018-3M	TRU	TRU	false			missing
Cardiac	MSK	2cbf283e-6379-4a24-9f38-8f3db74170f8	/MSK_Perturbseq06_Cardiac_20260902/	CP_gRNA_IGO_17958_4_S5_L002_I1_001.fastq.gz	CP_gRNA_IGO_17958_4_S5_L002_I1_001.fastq.gz	fastq.gz	2	index1	10	CP_R1_gRNA	BONO_0087	CRISPR Guide Capture	msk_pooledseq_polyIII	february-2018-3M	NXT	TRU	false			missing
Cardiac	MSK	2cbf283e-6379-4a24-9f38-8f3db74170f8	/MSK_Perturbseq06_Cardiac_20260902/	CP_gRNA_IGO_17958_4_S5_L002_I2_001.fastq.gz	CP_gRNA_IGO_17958_4_S5_L002_I2_001.fastq.gz	fastq.gz	2	index2	10	CP_R1_gRNA	BONO_0087	CRISPR Guide Capture	msk_pooledseq_polyIII	february-2018-3M	NXT	TRU	false			missing
Cardiac	MSK	2cbf283e-6379-4a24-9f38-8f3db74170f8	/MSK_Perturbseq06_Cardiac_20260902/	CP_gRNA_IGO_17958_4_S5_L002_R1_001.fastq.gz	CP_gRNA_IGO_17958_4_S5_L002_R1_001.fastq.gz	fastq.gz	2	read1	29	CP_R1_gRNA	BONO_0087	CRISPR Guide Capture	msk_pooledseq_polyIII	february-2018-3M	NXT	TRU	false			missing
Cardiac	MSK	2cbf283e-6379-4a24-9f38-8f3db74170f8	/MSK_Perturbseq06_Cardiac_20260902/	CP_gRNA_IGO_17958_4_S5_L002_R2_001.fastq.gz	CP_gRNA_IGO_17958_4_S5_L002_R2_001.fastq.gz	fastq.gz	2	read2	89	CP_R1_gRNA	BONO_0087	CRISPR Guide Capture	msk_pooledseq_polyIII	february-2018-3M	NXT	TRU	false			missing
Cardiac	MSK	2cbf283e-6379-4a24-9f38-8f3db74170f8	/MSK_Perturbseq06_Cardiac_20260902/	CP_gRNA_IGO_17958_4_S5_L003_I1_001.fastq.gz	CP_gRNA_IGO_17958_4_S5_L003_I1_001.fastq.gz	fastq.gz	3	index1	10	CP_R1_gRNA	BONO_0087	CRISPR Guide Capture	msk_pooledseq_polyIII	february-2018-3M	NXT	TRU	false			missing
Cardiac	MSK	2cbf283e-6379-4a24-9f38-8f3db74170f8	/MSK_Perturbseq06_Cardiac_20260902/	CP_gRNA_IGO_17958_4_S5_L003_I2_001.fastq.gz	CP_gRNA_IGO_17958_4_S5_L003_I2_001.fastq.gz	fastq.gz	3	index2	10	CP_R1_gRNA	BONO_0087	CRISPR Guide Capture	msk_pooledseq_polyIII	february-2018-3M	NXT	TRU	false			missing
Cardiac	MSK	2cbf283e-6379-4a24-9f38-8f3db74170f8	/MSK_Perturbseq06_Cardiac_20260902/	CP_gRNA_IGO_17958_4_S5_L003_R1_001.fastq.gz	CP_gRNA_IGO_17958_4_S5_L003_R1_001.fastq.gz	fastq.gz	3	read1	29	CP_R1_gRNA	BONO_0087	CRISPR Guide Capture	msk_pooledseq_polyIII	february-2018-3M	NXT	TRU	false			missing
Cardiac	MSK	2cbf283e-6379-4a24-9f38-8f3db74170f8	/MSK_Perturbseq06_Cardiac_20260902/	CP_gRNA_IGO_17958_4_S5_L003_R2_001.fastq.gz	CP_gRNA_IGO_17958_4_S5_L003_R2_001.fastq.gz	fastq.gz	3	read2	89	CP_R1_gRNA	BONO_0087	CRISPR Guide Capture	msk_pooledseq_polyIII	february-2018-3M	NXT	TRU	false			missing
Cardiac	MSK	2cbf283e-6379-4a24-9f38-8f3db74170f8	/MSK_Perturbseq06_Cardiac_20260902/	CP_gRNA_IGO_17958_4_S5_L004_I1_001.fastq.gz	CP_gRNA_IGO_17958_4_S5_L004_I1_001.fastq.gz	fastq.gz	4	index1	10	CP_R1_gRNA	BONO_0087	CRISPR Guide Capture	msk_pooledseq_polyIII	february-2018-3M	NXT	TRU	false			missing
Cardiac	MSK	2cbf283e-6379-4a24-9f38-8f3db74170f8	/MSK_Perturbseq06_Cardiac_20260902/	CP_gRNA_IGO_17958_4_S5_L004_I2_001.fastq.gz	CP_gRNA_IGO_17958_4_S5_L004_I2_001.fastq.gz	fastq.gz	4	index2	10	CP_R1_gRNA	BONO_0087	CRISPR Guide Capture	msk_pooledseq_polyIII	february-2018-3M	NXT	TRU	false			missing
Cardiac	MSK	2cbf283e-6379-4a24-9f38-8f3db74170f8	/MSK_Perturbseq06_Cardiac_20260902/	CP_gRNA_IGO_17958_4_S5_L004_R1_001.fastq.gz	CP_gRNA_IGO_17958_4_S5_L004_R1_001.fastq.gz	fastq.gz	4	read1	29	CP_R1_gRNA	BONO_0087	CRISPR Guide Capture	msk_pooledseq_polyIII	february-2018-3M	NXT	TRU	false			missing
Cardiac	MSK	2cbf283e-6379-4a24-9f38-8f3db74170f8	/MSK_Perturbseq06_Cardiac_20260902/	CP_gRNA_IGO_17958_4_S5_L004_R2_001.fastq.gz	CP_gRNA_IGO_17958_4_S5_L004_R2_001.fastq.gz	fastq.gz	4	read2	89	CP_R1_gRNA	BONO_0087	CRISPR Guide Capture	msk_pooledseq_polyIII	february-2018-3M	NXT	TRU	false			missing
Cardiac	MSK	2cbf283e-6379-4a24-9f38-8f3db74170f8	/MSK_Perturbseq06_Cardiac_20260902/	CP_gRNA_IGO_17958_4_S5_L005_I1_001.fastq.gz	CP_gRNA_IGO_17958_4_S5_L005_I1_001.fastq.gz	fastq.gz	5	index1	10	CP_R1_gRNA	BONO_0087	CRISPR Guide Capture	msk_pooledseq_polyIII	february-2018-3M	NXT	TRU	false			missing
Cardiac	MSK	2cbf283e-6379-4a24-9f38-8f3db74170f8	/MSK_Perturbseq06_Cardiac_20260902/	CP_gRNA_IGO_17958_4_S5_L005_I2_001.fastq.gz	CP_gRNA_IGO_17958_4_S5_L005_I2_001.fastq.gz	fastq.gz	5	index2	10	CP_R1_gRNA	BONO_0087	CRISPR Guide Capture	msk_pooledseq_polyIII	february-2018-3M	NXT	TRU	false			missing
Cardiac	MSK	2cbf283e-6379-4a24-9f38-8f3db74170f8	/MSK_Perturbseq06_Cardiac_20260902/	CP_gRNA_IGO_17958_4_S5_L005_R1_001.fastq.gz	CP_gRNA_IGO_17958_4_S5_L005_R1_001.fastq.gz	fastq.gz	5	read1	29	CP_R1_gRNA	BONO_0087	CRISPR Guide Capture	msk_pooledseq_polyIII	february-2018-3M	NXT	TRU	false			missing
Cardiac	MSK	2cbf283e-6379-4a24-9f38-8f3db74170f8	/MSK_Perturbseq06_Cardiac_20260902/	CP_gRNA_IGO_17958_4_S5_L005_R2_001.fastq.gz	CP_gRNA_IGO_17958_4_S5_L005_R2_001.fastq.gz	fastq.gz	5	read2	89	CP_R1_gRNA	BONO_0087	CRISPR Guide Capture	msk_pooledseq_polyIII	february-2018-3M	NXT	TRU	false			missing
Cardiac	MSK	2cbf283e-6379-4a24-9f38-8f3db74170f8	/MSK_Perturbseq06_Cardiac_20260902/	CP_gRNA_IGO_17958_4_S5_L006_I1_001.fastq.gz	CP_gRNA_IGO_17958_4_S5_L006_I1_001.fastq.gz	fastq.gz	6	index1	10	CP_R1_gRNA	BONO_0087	CRISPR Guide Capture	msk_pooledseq_polyIII	february-2018-3M	NXT	TRU	false			missing
Cardiac	MSK	2cbf283e-6379-4a24-9f38-8f3db74170f8	/MSK_Perturbseq06_Cardiac_20260902/	CP_gRNA_IGO_17958_4_S5_L006_I2_001.fastq.gz	CP_gRNA_IGO_17958_4_S5_L006_I2_001.fastq.gz	fastq.gz	6	index2	10	CP_R1_gRNA	BONO_0087	CRISPR Guide Capture	msk_pooledseq_polyIII	february-2018-3M	NXT	TRU	false			missing
Cardiac	MSK	2cbf283e-6379-4a24-9f38-8f3db74170f8	/MSK_Perturbseq06_Cardiac_20260902/	CP_gRNA_IGO_17958_4_S5_L006_R1_001.fastq.gz	CP_gRNA_IGO_17958_4_S5_L006_R1_001.fastq.gz	fastq.gz	6	read1	29	CP_R1_gRNA	BONO_0087	CRISPR Guide Capture	msk_pooledseq_polyIII	february-2018-3M	NXT	TRU	false			missing
Cardiac	MSK	2cbf283e-6379-4a24-9f38-8f3db74170f8	/MSK_Perturbseq06_Cardiac_20260902/	CP_gRNA_IGO_17958_4_S5_L006_R2_001.fastq.gz	CP_gRNA_IGO_17958_4_S5_L006_R2_001.fastq.gz	fastq.gz	6	read2	89	CP_R1_gRNA	BONO_0087	CRISPR Guide Capture	msk_pooledseq_polyIII	february-2018-3M	NXT	TRU	false			missing
Cardiac	MSK	2cbf283e-6379-4a24-9f38-8f3db74170f8	/MSK_Perturbseq06_Cardiac_20260902/	CP_gRNA_IGO_17958_4_S5_L007_I1_001.fastq.gz	CP_gRNA_IGO_17958_4_S5_L007_I1_001.fastq.gz	fastq.gz	7	index1	10	CP_R1_gRNA	BONO_0087	CRISPR Guide Capture	msk_pooledseq_polyIII	february-2018-3M	NXT	TRU	false			missing
Cardiac	MSK	2cbf283e-6379-4a24-9f38-8f3db74170f8	/MSK_Perturbseq06_Cardiac_20260902/	CP_gRNA_IGO_17958_4_S5_L007_I2_001.fastq.gz	CP_gRNA_IGO_17958_4_S5_L007_I2_001.fastq.gz	fastq.gz	7	index2	10	CP_R1_gRNA	BONO_0087	CRISPR Guide Capture	msk_pooledseq_polyIII	february-2018-3M	NXT	TRU	false			missing
Cardiac	MSK	2cbf283e-6379-4a24-9f38-8f3db74170f8	/MSK_Perturbseq06_Cardiac_20260902/	CP_gRNA_IGO_17958_4_S5_L007_R1_001.fastq.gz	CP_gRNA_IGO_17958_4_S5_L007_R1_001.fastq.gz	fastq.gz	7	read1	29	CP_R1_gRNA	BONO_0087	CRISPR Guide Capture	msk_pooledseq_polyIII	february-2018-3M	NXT	TRU	false			missing
Cardiac	MSK	2cbf283e-6379-4a24-9f38-8f3db74170f8	/MSK_Perturbseq06_Cardiac_20260902/	CP_gRNA_IGO_17958_4_S5_L007_R2_001.fastq.gz	CP_gRNA_IGO_17958_4_S5_L007_R2_001.fastq.gz	fastq.gz	7	read2	89	CP_R1_gRNA	BONO_0087	CRISPR Guide Capture	msk_pooledseq_polyIII	february-2018-3M	NXT	TRU	false			missing
Cardiac	MSK	2cbf283e-6379-4a24-9f38-8f3db74170f8	/MSK_Perturbseq06_Cardiac_20260902/	CP_gRNA_IGO_17958_4_S5_L008_I1_001.fastq.gz	CP_gRNA_IGO_17958_4_S5_L008_I1_001.fastq.gz	fastq.gz	8	index1	10	CP_R1_gRNA	BONO_0087	CRISPR Guide Capture	msk_pooledseq_polyIII	february-2018-3M	NXT	TRU	false			missing
Cardiac	MSK	2cbf283e-6379-4a24-9f38-8f3db74170f8	/MSK_Perturbseq06_Cardiac_20260902/	CP_gRNA_IGO_17958_4_S5_L008_I2_001.fastq.gz	CP_gRNA_IGO_17958_4_S5_L008_I2_001.fastq.gz	fastq.gz	8	index2	10	CP_R1_gRNA	BONO_0087	CRISPR Guide Capture	msk_pooledseq_polyIII	february-2018-3M	NXT	TRU	false			missing
Cardiac	MSK	2cbf283e-6379-4a24-9f38-8f3db74170f8	/MSK_Perturbseq06_Cardiac_20260902/	CP_gRNA_IGO_17958_4_S5_L008_R1_001.fastq.gz	CP_gRNA_IGO_17958_4_S5_L008_R1_001.fastq.gz	fastq.gz	8	read1	29	CP_R1_gRNA	BONO_0087	CRISPR Guide Capture	msk_pooledseq_polyIII	february-2018-3M	NXT	TRU	false			missing
Cardiac	MSK	2cbf283e-6379-4a24-9f38-8f3db74170f8	/MSK_Perturbseq06_Cardiac_20260902/	CP_gRNA_IGO_17958_4_S5_L008_R2_001.fastq.gz	CP_gRNA_IGO_17958_4_S5_L008_R2_001.fastq.gz	fastq.gz	8	read2	89	CP_R1_gRNA	BONO_0087	CRISPR Guide Capture	msk_pooledseq_polyIII	february-2018-3M	NXT	TRU	false			missing
Cardiac	MSK	2cbf283e-6379-4a24-9f38-8f3db74170f8	/MSK_Perturbseq06_Cardiac_20260902/	CP_gRNA_IGO_17967_B_4_S38_L005_I1_001.fastq.gz	CP_gRNA_IGO_17967_B_4_S38_L005_I1_001.fastq.gz	fastq.gz	5	index1	10	CP_R1_gRNA	FAUCI2_0120	CRISPR Guide Capture	msk_pooledseq_polyIII	february-2018-3M	NXT	TRU	true	151173364	850ac32ecf4bcd1f8e0145fb280cce3f	present
Cardiac	MSK	2cbf283e-6379-4a24-9f38-8f3db74170f8	/MSK_Perturbseq06_Cardiac_20260902/	CP_gRNA_IGO_17967_B_4_S38_L005_I2_001.fastq.gz	CP_gRNA_IGO_17967_B_4_S38_L005_I2_001.fastq.gz	fastq.gz	5	index2	10	CP_R1_gRNA	FAUCI2_0120	CRISPR Guide Capture	msk_pooledseq_polyIII	february-2018-3M	NXT	TRU	true	139955675	8911146da43aa252e75dadd6d4d5fc4e	present
Cardiac	MSK	2cbf283e-6379-4a24-9f38-8f3db74170f8	/MSK_Perturbseq06_Cardiac_20260902/	CP_gRNA_IGO_17967_B_4_S38_L005_R1_001.fastq.gz	CP_gRNA_IGO_17967_B_4_S38_L005_R1_001.fastq.gz	fastq.gz	5	read1	29	CP_R1_gRNA	FAUCI2_0120	CRISPR Guide Capture	msk_pooledseq_polyIII	february-2018-3M	NXT	TRU	true	381346353	7cba6a93df74b135faf7e5b2d857b875	present
Cardiac	MSK	2cbf283e-6379-4a24-9f38-8f3db74170f8	/MSK_Perturbseq06_Cardiac_20260902/	CP_gRNA_IGO_17967_B_4_S38_L005_R2_001.fastq.gz	CP_gRNA_IGO_17967_B_4_S38_L005_R2_001.fastq.gz	fastq.gz	5	read2	89	CP_R1_gRNA	FAUCI2_0120	CRISPR Guide Capture	msk_pooledseq_polyIII	february-2018-3M	NXT	TRU	true	510317953	1f93718c2b0f89d417df2f359def2264	present
Cardiac	MSK	2cbf283e-6379-4a24-9f38-8f3db74170f8	/MSK_Perturbseq06_Cardiac_20260902/	CP_gRNA_IGO_17967_B_4_S38_L006_I1_001.fastq.gz	CP_gRNA_IGO_17967_B_4_S38_L006_I1_001.fastq.gz	fastq.gz	6	index1	10	CP_R1_gRNA	FAUCI2_0120	CRISPR Guide Capture	msk_pooledseq_polyIII	february-2018-3M	NXT	TRU	true	150589517	ef04fce58aa167e0c65f6777c3bad37f	present
Cardiac	MSK	2cbf283e-6379-4a24-9f38-8f3db74170f8	/MSK_Perturbseq06_Cardiac_20260902/	CP_gRNA_IGO_17967_B_4_S38_L006_I2_001.fastq.gz	CP_gRNA_IGO_17967_B_4_S38_L006_I2_001.fastq.gz	fastq.gz	6	index2	10	CP_R1_gRNA	FAUCI2_0120	CRISPR Guide Capture	msk_pooledseq_polyIII	february-2018-3M	NXT	TRU	true	139653460	d79997a37bbd4ec93d9d0f585574f53c	present
Cardiac	MSK	2cbf283e-6379-4a24-9f38-8f3db74170f8	/MSK_Perturbseq06_Cardiac_20260902/	CP_gRNA_IGO_17967_B_4_S38_L006_R1_001.fastq.gz	CP_gRNA_IGO_17967_B_4_S38_L006_R1_001.fastq.gz	fastq.gz	6	read1	29	CP_R1_gRNA	FAUCI2_0120	CRISPR Guide Capture	msk_pooledseq_polyIII	february-2018-3M	NXT	TRU	true	380464511	068a39af32e9225445435d56a67fe024	present
Cardiac	MSK	2cbf283e-6379-4a24-9f38-8f3db74170f8	/MSK_Perturbseq06_Cardiac_20260902/	CP_gRNA_IGO_17967_B_4_S38_L006_R2_001.fastq.gz	CP_gRNA_IGO_17967_B_4_S38_L006_R2_001.fastq.gz	fastq.gz	6	read2	89	CP_R1_gRNA	FAUCI2_0120	CRISPR Guide Capture	msk_pooledseq_polyIII	february-2018-3M	NXT	TRU	true	507837431	3a32b755dcbb159c01696bbf9a108573	present
Cardiac	MSK	2cbf283e-6379-4a24-9f38-8f3db74170f8	/MSK_Perturbseq06_Cardiac_20260902/	CP_gRNA_IGO_17967_B_4_S38_L007_I1_001.fastq.gz	CP_gRNA_IGO_17967_B_4_S38_L007_I1_001.fastq.gz	fastq.gz	7	index1	10	CP_R1_gRNA	FAUCI2_0120	CRISPR Guide Capture	msk_pooledseq_polyIII	february-2018-3M	NXT	TRU	true	148932958	02332fa5f27538c4fee738a0d3582c88	present
Cardiac	MSK	2cbf283e-6379-4a24-9f38-8f3db74170f8	/MSK_Perturbseq06_Cardiac_20260902/	CP_gRNA_IGO_17967_B_4_S38_L007_I2_001.fastq.gz	CP_gRNA_IGO_17967_B_4_S38_L007_I2_001.fastq.gz	fastq.gz	7	index2	10	CP_R1_gRNA	FAUCI2_0120	CRISPR Guide Capture	msk_pooledseq_polyIII	february-2018-3M	NXT	TRU	true	137320159	ad4b1e2c614985c454726e4f5df4ed77	present
Cardiac	MSK	2cbf283e-6379-4a24-9f38-8f3db74170f8	/MSK_Perturbseq06_Cardiac_20260902/	CP_gRNA_IGO_17967_B_4_S38_L007_R1_001.fastq.gz	CP_gRNA_IGO_17967_B_4_S38_L007_R1_001.fastq.gz	fastq.gz	7	read1	29	CP_R1_gRNA	FAUCI2_0120	CRISPR Guide Capture	msk_pooledseq_polyIII	february-2018-3M	NXT	TRU	true	376430805	d2a18a923cbf383cf2fb7046f18b4ece	present
Cardiac	MSK	2cbf283e-6379-4a24-9f38-8f3db74170f8	/MSK_Perturbseq06_Cardiac_20260902/	CP_gRNA_IGO_17967_B_4_S38_L007_R2_001.fastq.gz	CP_gRNA_IGO_17967_B_4_S38_L007_R2_001.fastq.gz	fastq.gz	7	read2	89	CP_R1_gRNA	FAUCI2_0120	CRISPR Guide Capture	msk_pooledseq_polyIII	february-2018-3M	NXT	TRU	true	500389653	1847ce079f5704ef0cc19bf59e9fd4c8	present
Cardiac	MSK	2cbf283e-6379-4a24-9f38-8f3db74170f8	/MSK_Perturbseq06_Cardiac_20260902/	CP_mRNA_IGO_17958_B_2_S10_L001_I1_001.fastq.gz	CP_mRNA_IGO_17958_B_2_S10_L001_I1_001.fastq.gz	fastq.gz	1	index1	10	CP_R1_mRNA	BONO_0089	Gene Expression	msk_pooledseq_transcriptome	february-2018-3M	TRU	TRU	false			missing
Cardiac	MSK	2cbf283e-6379-4a24-9f38-8f3db74170f8	/MSK_Perturbseq06_Cardiac_20260902/	CP_mRNA_IGO_17958_B_2_S10_L001_I2_001.fastq.gz	CP_mRNA_IGO_17958_B_2_S10_L001_I2_001.fastq.gz	fastq.gz	1	index2	10	CP_R1_mRNA	BONO_0089	Gene Expression	msk_pooledseq_transcriptome	february-2018-3M	TRU	TRU	false			missing
Cardiac	MSK	2cbf283e-6379-4a24-9f38-8f3db74170f8	/MSK_Perturbseq06_Cardiac_20260902/	CP_mRNA_IGO_17958_B_2_S10_L001_R1_001.fastq.gz	CP_mRNA_IGO_17958_B_2_S10_L001_R1_001.fastq.gz	fastq.gz	1	read1	29	CP_R1_mRNA	BONO_0089	Gene Expression	msk_pooledseq_transcriptome	february-2018-3M	TRU	TRU	false			missing
Cardiac	MSK	2cbf283e-6379-4a24-9f38-8f3db74170f8	/MSK_Perturbseq06_Cardiac_20260902/	CP_mRNA_IGO_17958_B_2_S10_L001_R2_001.fastq.gz	CP_mRNA_IGO_17958_B_2_S10_L001_R2_001.fastq.gz	fastq.gz	1	read2	89	CP_R1_mRNA	BONO_0089	Gene Expression	msk_pooledseq_transcriptome	february-2018-3M	TRU	TRU	false			missing
Cardiac	MSK	2cbf283e-6379-4a24-9f38-8f3db74170f8	/MSK_Perturbseq06_Cardiac_20260902/	CP_mRNA_IGO_17958_B_2_S10_L002_I1_001.fastq.gz	CP_mRNA_IGO_17958_B_2_S10_L002_I1_001.fastq.gz	fastq.gz	2	index1	10	CP_R1_mRNA	BONO_0089	Gene Expression	msk_pooledseq_transcriptome	february-2018-3M	TRU	TRU	false			missing
Cardiac	MSK	2cbf283e-6379-4a24-9f38-8f3db74170f8	/MSK_Perturbseq06_Cardiac_20260902/	CP_mRNA_IGO_17958_B_2_S10_L002_I2_001.fastq.gz	CP_mRNA_IGO_17958_B_2_S10_L002_I2_001.fastq.gz	fastq.gz	2	index2	10	CP_R1_mRNA	BONO_0089	Gene Expression	msk_pooledseq_transcriptome	february-2018-3M	TRU	TRU	false			missing
Cardiac	MSK	2cbf283e-6379-4a24-9f38-8f3db74170f8	/MSK_Perturbseq06_Cardiac_20260902/	CP_mRNA_IGO_17958_B_2_S10_L002_R1_001.fastq.gz	CP_mRNA_IGO_17958_B_2_S10_L002_R1_001.fastq.gz	fastq.gz	2	read1	29	CP_R1_mRNA	BONO_0089	Gene Expression	msk_pooledseq_transcriptome	february-2018-3M	TRU	TRU	false			missing
Cardiac	MSK	2cbf283e-6379-4a24-9f38-8f3db74170f8	/MSK_Perturbseq06_Cardiac_20260902/	CP_mRNA_IGO_17958_B_2_S10_L002_R2_001.fastq.gz	CP_mRNA_IGO_17958_B_2_S10_L002_R2_001.fastq.gz	fastq.gz	2	read2	89	CP_R1_mRNA	BONO_0089	Gene Expression	msk_pooledseq_transcriptome	february-2018-3M	TRU	TRU	false			missing
Cardiac	MSK	2cbf283e-6379-4a24-9f38-8f3db74170f8	/MSK_Perturbseq06_Cardiac_20260902/	CP_mRNA_IGO_17958_B_2_S10_L003_I1_001.fastq.gz	CP_mRNA_IGO_17958_B_2_S10_L003_I1_001.fastq.gz	fastq.gz	3	index1	10	CP_R1_mRNA	BONO_0089	Gene Expression	msk_pooledseq_transcriptome	february-2018-3M	TRU	TRU	false			missing
Cardiac	MSK	2cbf283e-6379-4a24-9f38-8f3db74170f8	/MSK_Perturbseq06_Cardiac_20260902/	CP_mRNA_IGO_17958_B_2_S10_L003_I2_001.fastq.gz	CP_mRNA_IGO_17958_B_2_S10_L003_I2_001.fastq.gz	fastq.gz	3	index2	10	CP_R1_mRNA	BONO_0089	Gene Expression	msk_pooledseq_transcriptome	february-2018-3M	TRU	TRU	false			missing
Cardiac	MSK	2cbf283e-6379-4a24-9f38-8f3db74170f8	/MSK_Perturbseq06_Cardiac_20260902/	CP_mRNA_IGO_17958_B_2_S10_L003_R1_001.fastq.gz	CP_mRNA_IGO_17958_B_2_S10_L003_R1_001.fastq.gz	fastq.gz	3	read1	29	CP_R1_mRNA	BONO_0089	Gene Expression	msk_pooledseq_transcriptome	february-2018-3M	TRU	TRU	false			missing
Cardiac	MSK	2cbf283e-6379-4a24-9f38-8f3db74170f8	/MSK_Perturbseq06_Cardiac_20260902/	CP_mRNA_IGO_17958_B_2_S10_L003_R2_001.fastq.gz	CP_mRNA_IGO_17958_B_2_S10_L003_R2_001.fastq.gz	fastq.gz	3	read2	89	CP_R1_mRNA	BONO_0089	Gene Expression	msk_pooledseq_transcriptome	february-2018-3M	TRU	TRU	false			missing
Cardiac	MSK	2cbf283e-6379-4a24-9f38-8f3db74170f8	/MSK_Perturbseq06_Cardiac_20260902/	CP_mRNA_IGO_17958_B_2_S10_L004_I1_001.fastq.gz	CP_mRNA_IGO_17958_B_2_S10_L004_I1_001.fastq.gz	fastq.gz	4	index1	10	CP_R1_mRNA	BONO_0089	Gene Expression	msk_pooledseq_transcriptome	february-2018-3M	TRU	TRU	false			missing
Cardiac	MSK	2cbf283e-6379-4a24-9f38-8f3db74170f8	/MSK_Perturbseq06_Cardiac_20260902/	CP_mRNA_IGO_17958_B_2_S10_L004_I2_001.fastq.gz	CP_mRNA_IGO_17958_B_2_S10_L004_I2_001.fastq.gz	fastq.gz	4	index2	10	CP_R1_mRNA	BONO_0089	Gene Expression	msk_pooledseq_transcriptome	february-2018-3M	TRU	TRU	false			missing
Cardiac	MSK	2cbf283e-6379-4a24-9f38-8f3db74170f8	/MSK_Perturbseq06_Cardiac_20260902/	CP_mRNA_IGO_17958_B_2_S10_L004_R1_001.fastq.gz	CP_mRNA_IGO_17958_B_2_S10_L004_R1_001.fastq.gz	fastq.gz	4	read1	29	CP_R1_mRNA	BONO_0089	Gene Expression	msk_pooledseq_transcriptome	february-2018-3M	TRU	TRU	false			missing
Cardiac	MSK	2cbf283e-6379-4a24-9f38-8f3db74170f8	/MSK_Perturbseq06_Cardiac_20260902/	CP_mRNA_IGO_17958_B_2_S10_L004_R2_001.fastq.gz	CP_mRNA_IGO_17958_B_2_S10_L004_R2_001.fastq.gz	fastq.gz	4	read2	89	CP_R1_mRNA	BONO_0089	Gene Expression	msk_pooledseq_transcriptome	february-2018-3M	TRU	TRU	false			missing
Cardiac	MSK	2cbf283e-6379-4a24-9f38-8f3db74170f8	/MSK_Perturbseq06_Cardiac_20260902/	CP_mRNA_IGO_17958_B_2_S32_L001_I1_001.fastq.gz	CP_mRNA_IGO_17958_B_2_S32_L001_I1_001.fastq.gz	fastq.gz	1	index1	10	CP_R1_mRNA	BONO_0091	Gene Expression	msk_pooledseq_transcriptome	february-2018-3M	TRU	TRU	false			missing
Cardiac	MSK	2cbf283e-6379-4a24-9f38-8f3db74170f8	/MSK_Perturbseq06_Cardiac_20260902/	CP_mRNA_IGO_17958_B_2_S32_L001_I2_001.fastq.gz	CP_mRNA_IGO_17958_B_2_S32_L001_I2_001.fastq.gz	fastq.gz	1	index2	10	CP_R1_mRNA	BONO_0091	Gene Expression	msk_pooledseq_transcriptome	february-2018-3M	TRU	TRU	false			missing
Cardiac	MSK	2cbf283e-6379-4a24-9f38-8f3db74170f8	/MSK_Perturbseq06_Cardiac_20260902/	CP_mRNA_IGO_17958_B_2_S32_L001_R1_001.fastq.gz	CP_mRNA_IGO_17958_B_2_S32_L001_R1_001.fastq.gz	fastq.gz	1	read1	29	CP_R1_mRNA	BONO_0091	Gene Expression	msk_pooledseq_transcriptome	february-2018-3M	TRU	TRU	false			missing
Cardiac	MSK	2cbf283e-6379-4a24-9f38-8f3db74170f8	/MSK_Perturbseq06_Cardiac_20260902/	CP_mRNA_IGO_17958_B_2_S32_L001_R2_001.fastq.gz	CP_mRNA_IGO_17958_B_2_S32_L001_R2_001.fastq.gz	fastq.gz	1	read2	89	CP_R1_mRNA	BONO_0091	Gene Expression	msk_pooledseq_transcriptome	february-2018-3M	TRU	TRU	false			missing
Cardiac	MSK	2cbf283e-6379-4a24-9f38-8f3db74170f8	/MSK_Perturbseq06_Cardiac_20260902/	CP_mRNA_IGO_17958_B_2_S32_L002_I1_001.fastq.gz	CP_mRNA_IGO_17958_B_2_S32_L002_I1_001.fastq.gz	fastq.gz	2	index1	10	CP_R1_mRNA	BONO_0091	Gene Expression	msk_pooledseq_transcriptome	february-2018-3M	TRU	TRU	false			missing
Cardiac	MSK	2cbf283e-6379-4a24-9f38-8f3db74170f8	/MSK_Perturbseq06_Cardiac_20260902/	CP_mRNA_IGO_17958_B_2_S32_L002_I2_001.fastq.gz	CP_mRNA_IGO_17958_B_2_S32_L002_I2_001.fastq.gz	fastq.gz	2	index2	10	CP_R1_mRNA	BONO_0091	Gene Expression	msk_pooledseq_transcriptome	february-2018-3M	TRU	TRU	false			missing
Cardiac	MSK	2cbf283e-6379-4a24-9f38-8f3db74170f8	/MSK_Perturbseq06_Cardiac_20260902/	CP_mRNA_IGO_17958_B_2_S32_L002_R1_001.fastq.gz	CP_mRNA_IGO_17958_B_2_S32_L002_R1_001.fastq.gz	fastq.gz	2	read1	29	CP_R1_mRNA	BONO_0091	Gene Expression	msk_pooledseq_transcriptome	february-2018-3M	TRU	TRU	false			missing
Cardiac	MSK	2cbf283e-6379-4a24-9f38-8f3db74170f8	/MSK_Perturbseq06_Cardiac_20260902/	CP_mRNA_IGO_17958_B_2_S32_L002_R2_001.fastq.gz	CP_mRNA_IGO_17958_B_2_S32_L002_R2_001.fastq.gz	fastq.gz	2	read2	89	CP_R1_mRNA	BONO_0091	Gene Expression	msk_pooledseq_transcriptome	february-2018-3M	TRU	TRU	false			missing
Cardiac	MSK	2cbf283e-6379-4a24-9f38-8f3db74170f8	/MSK_Perturbseq06_Cardiac_20260902/	CP_mRNA_IGO_17958_B_2_S32_L003_I1_001.fastq.gz	CP_mRNA_IGO_17958_B_2_S32_L003_I1_001.fastq.gz	fastq.gz	3	index1	10	CP_R1_mRNA	BONO_0091	Gene Expression	msk_pooledseq_transcriptome	february-2018-3M	TRU	TRU	false			missing
Cardiac	MSK	2cbf283e-6379-4a24-9f38-8f3db74170f8	/MSK_Perturbseq06_Cardiac_20260902/	CP_mRNA_IGO_17958_B_2_S32_L003_I2_001.fastq.gz	CP_mRNA_IGO_17958_B_2_S32_L003_I2_001.fastq.gz	fastq.gz	3	index2	10	CP_R1_mRNA	BONO_0091	Gene Expression	msk_pooledseq_transcriptome	february-2018-3M	TRU	TRU	false			missing
Cardiac	MSK	2cbf283e-6379-4a24-9f38-8f3db74170f8	/MSK_Perturbseq06_Cardiac_20260902/	CP_mRNA_IGO_17958_B_2_S32_L003_R1_001.fastq.gz	CP_mRNA_IGO_17958_B_2_S32_L003_R1_001.fastq.gz	fastq.gz	3	read1	29	CP_R1_mRNA	BONO_0091	Gene Expression	msk_pooledseq_transcriptome	february-2018-3M	TRU	TRU	false			missing
Cardiac	MSK	2cbf283e-6379-4a24-9f38-8f3db74170f8	/MSK_Perturbseq06_Cardiac_20260902/	CP_mRNA_IGO_17958_B_2_S32_L003_R2_001.fastq.gz	CP_mRNA_IGO_17958_B_2_S32_L003_R2_001.fastq.gz	fastq.gz	3	read2	89	CP_R1_mRNA	BONO_0091	Gene Expression	msk_pooledseq_transcriptome	february-2018-3M	TRU	TRU	false			missing
Cardiac	MSK	2cbf283e-6379-4a24-9f38-8f3db74170f8	/MSK_Perturbseq06_Cardiac_20260902/	CP_mRNA_IGO_17958_B_2_S32_L004_I1_001.fastq.gz	CP_mRNA_IGO_17958_B_2_S32_L004_I1_001.fastq.gz	fastq.gz	4	index1	10	CP_R1_mRNA	BONO_0091	Gene Expression	msk_pooledseq_transcriptome	february-2018-3M	TRU	TRU	false			missing
Cardiac	MSK	2cbf283e-6379-4a24-9f38-8f3db74170f8	/MSK_Perturbseq06_Cardiac_20260902/	CP_mRNA_IGO_17958_B_2_S32_L004_I2_001.fastq.gz	CP_mRNA_IGO_17958_B_2_S32_L004_I2_001.fastq.gz	fastq.gz	4	index2	10	CP_R1_mRNA	BONO_0091	Gene Expression	msk_pooledseq_transcriptome	february-2018-3M	TRU	TRU	false			missing
Cardiac	MSK	2cbf283e-6379-4a24-9f38-8f3db74170f8	/MSK_Perturbseq06_Cardiac_20260902/	CP_mRNA_IGO_17958_B_2_S32_L004_R1_001.fastq.gz	CP_mRNA_IGO_17958_B_2_S32_L004_R1_001.fastq.gz	fastq.gz	4	read1	29	CP_R1_mRNA	BONO_0091	Gene Expression	msk_pooledseq_transcriptome	february-2018-3M	TRU	TRU	false			missing
Cardiac	MSK	2cbf283e-6379-4a24-9f38-8f3db74170f8	/MSK_Perturbseq06_Cardiac_20260902/	CP_mRNA_IGO_17958_B_2_S32_L004_R2_001.fastq.gz	CP_mRNA_IGO_17958_B_2_S32_L004_R2_001.fastq.gz	fastq.gz	4	read2	89	CP_R1_mRNA	BONO_0091	Gene Expression	msk_pooledseq_transcriptome	february-2018-3M	TRU	TRU	false			missing
Cardiac	MSK	2cbf283e-6379-4a24-9f38-8f3db74170f8	/MSK_Perturbseq06_Cardiac_20260902/	CP_mRNA_IGO_17958_B_2_S32_L005_I1_001.fastq.gz	CP_mRNA_IGO_17958_B_2_S32_L005_I1_001.fastq.gz	fastq.gz	5	index1	10	CP_R1_mRNA	BONO_0091	Gene Expression	msk_pooledseq_transcriptome	february-2018-3M	TRU	TRU	false			missing
Cardiac	MSK	2cbf283e-6379-4a24-9f38-8f3db74170f8	/MSK_Perturbseq06_Cardiac_20260902/	CP_mRNA_IGO_17958_B_2_S32_L005_I2_001.fastq.gz	CP_mRNA_IGO_17958_B_2_S32_L005_I2_001.fastq.gz	fastq.gz	5	index2	10	CP_R1_mRNA	BONO_0091	Gene Expression	msk_pooledseq_transcriptome	february-2018-3M	TRU	TRU	false			missing
Cardiac	MSK	2cbf283e-6379-4a24-9f38-8f3db74170f8	/MSK_Perturbseq06_Cardiac_20260902/	CP_mRNA_IGO_17958_B_2_S32_L005_R1_001.fastq.gz	CP_mRNA_IGO_17958_B_2_S32_L005_R1_001.fastq.gz	fastq.gz	5	read1	29	CP_R1_mRNA	BONO_0091	Gene Expression	msk_pooledseq_transcriptome	february-2018-3M	TRU	TRU	false			missing
Cardiac	MSK	2cbf283e-6379-4a24-9f38-8f3db74170f8	/MSK_Perturbseq06_Cardiac_20260902/	CP_mRNA_IGO_17958_B_2_S32_L005_R2_001.fastq.gz	CP_mRNA_IGO_17958_B_2_S32_L005_R2_001.fastq.gz	fastq.gz	5	read2	89	CP_R1_mRNA	BONO_0091	Gene Expression	msk_pooledseq_transcriptome	february-2018-3M	TRU	TRU	false			missing
Cardiac	MSK	2cbf283e-6379-4a24-9f38-8f3db74170f8	/MSK_Perturbseq06_Cardiac_20260902/	CP_mRNA_IGO_17958_B_2_S32_L006_I1_001.fastq.gz	CP_mRNA_IGO_17958_B_2_S32_L006_I1_001.fastq.gz	fastq.gz	6	index1	10	CP_R1_mRNA	BONO_0091	Gene Expression	msk_pooledseq_transcriptome	february-2018-3M	TRU	TRU	false			missing
Cardiac	MSK	2cbf283e-6379-4a24-9f38-8f3db74170f8	/MSK_Perturbseq06_Cardiac_20260902/	CP_mRNA_IGO_17958_B_2_S32_L006_I2_001.fastq.gz	CP_mRNA_IGO_17958_B_2_S32_L006_I2_001.fastq.gz	fastq.gz	6	index2	10	CP_R1_mRNA	BONO_0091	Gene Expression	msk_pooledseq_transcriptome	february-2018-3M	TRU	TRU	false			missing
Cardiac	MSK	2cbf283e-6379-4a24-9f38-8f3db74170f8	/MSK_Perturbseq06_Cardiac_20260902/	CP_mRNA_IGO_17958_B_2_S32_L006_R1_001.fastq.gz	CP_mRNA_IGO_17958_B_2_S32_L006_R1_001.fastq.gz	fastq.gz	6	read1	29	CP_R1_mRNA	BONO_0091	Gene Expression	msk_pooledseq_transcriptome	february-2018-3M	TRU	TRU	false			missing
Cardiac	MSK	2cbf283e-6379-4a24-9f38-8f3db74170f8	/MSK_Perturbseq06_Cardiac_20260902/	CP_mRNA_IGO_17958_B_2_S32_L006_R2_001.fastq.gz	CP_mRNA_IGO_17958_B_2_S32_L006_R2_001.fastq.gz	fastq.gz	6	read2	89	CP_R1_mRNA	BONO_0091	Gene Expression	msk_pooledseq_transcriptome	february-2018-3M	TRU	TRU	false			missing
Cardiac	MSK	2cbf283e-6379-4a24-9f38-8f3db74170f8	/MSK_Perturbseq06_Cardiac_20260902/	CP_mRNA_IGO_17958_B_2_S30_L002_I1_001.fastq.gz	CP_mRNA_IGO_17958_B_2_S30_L002_I1_001.fastq.gz	fastq.gz	2	index1	10	CP_R1_mRNA	BONO_0093	Gene Expression	msk_pooledseq_transcriptome	february-2018-3M	TRU	TRU	false			missing
Cardiac	MSK	2cbf283e-6379-4a24-9f38-8f3db74170f8	/MSK_Perturbseq06_Cardiac_20260902/	CP_mRNA_IGO_17958_B_2_S30_L002_I2_001.fastq.gz	CP_mRNA_IGO_17958_B_2_S30_L002_I2_001.fastq.gz	fastq.gz	2	index2	10	CP_R1_mRNA	BONO_0093	Gene Expression	msk_pooledseq_transcriptome	february-2018-3M	TRU	TRU	false			missing
Cardiac	MSK	2cbf283e-6379-4a24-9f38-8f3db74170f8	/MSK_Perturbseq06_Cardiac_20260902/	CP_mRNA_IGO_17958_B_2_S30_L002_R1_001.fastq.gz	CP_mRNA_IGO_17958_B_2_S30_L002_R1_001.fastq.gz	fastq.gz	2	read1	29	CP_R1_mRNA	BONO_0093	Gene Expression	msk_pooledseq_transcriptome	february-2018-3M	TRU	TRU	false			missing
Cardiac	MSK	2cbf283e-6379-4a24-9f38-8f3db74170f8	/MSK_Perturbseq06_Cardiac_20260902/	CP_mRNA_IGO_17958_B_2_S30_L002_R2_001.fastq.gz	CP_mRNA_IGO_17958_B_2_S30_L002_R2_001.fastq.gz	fastq.gz	2	read2	89	CP_R1_mRNA	BONO_0093	Gene Expression	msk_pooledseq_transcriptome	february-2018-3M	TRU	TRU	false			missing
Cardiac	MSK	2cbf283e-6379-4a24-9f38-8f3db74170f8	/MSK_Perturbseq06_Cardiac_20260902/	CP_mRNA_IGO_17958_B_2_S30_L003_I1_001.fastq.gz	CP_mRNA_IGO_17958_B_2_S30_L003_I1_001.fastq.gz	fastq.gz	3	index1	10	CP_R1_mRNA	BONO_0093	Gene Expression	msk_pooledseq_transcriptome	february-2018-3M	TRU	TRU	false			missing
Cardiac	MSK	2cbf283e-6379-4a24-9f38-8f3db74170f8	/MSK_Perturbseq06_Cardiac_20260902/	CP_mRNA_IGO_17958_B_2_S30_L003_I2_001.fastq.gz	CP_mRNA_IGO_17958_B_2_S30_L003_I2_001.fastq.gz	fastq.gz	3	index2	10	CP_R1_mRNA	BONO_0093	Gene Expression	msk_pooledseq_transcriptome	february-2018-3M	TRU	TRU	false			missing
Cardiac	MSK	2cbf283e-6379-4a24-9f38-8f3db74170f8	/MSK_Perturbseq06_Cardiac_20260902/	CP_mRNA_IGO_17958_B_2_S30_L003_R1_001.fastq.gz	CP_mRNA_IGO_17958_B_2_S30_L003_R1_001.fastq.gz	fastq.gz	3	read1	29	CP_R1_mRNA	BONO_0093	Gene Expression	msk_pooledseq_transcriptome	february-2018-3M	TRU	TRU	false			missing
Cardiac	MSK	2cbf283e-6379-4a24-9f38-8f3db74170f8	/MSK_Perturbseq06_Cardiac_20260902/	CP_mRNA_IGO_17958_B_2_S30_L003_R2_001.fastq.gz	CP_mRNA_IGO_17958_B_2_S30_L003_R2_001.fastq.gz	fastq.gz	3	read2	89	CP_R1_mRNA	BONO_0093	Gene Expression	msk_pooledseq_transcriptome	february-2018-3M	TRU	TRU	false			missing
Cardiac	MSK	2cbf283e-6379-4a24-9f38-8f3db74170f8	/MSK_Perturbseq06_Cardiac_20260902/	CP_mRNA_IGO_17958_B_2_S30_L004_I1_001.fastq.gz	CP_mRNA_IGO_17958_B_2_S30_L004_I1_001.fastq.gz	fastq.gz	4	index1	10	CP_R1_mRNA	BONO_0093	Gene Expression	msk_pooledseq_transcriptome	february-2018-3M	TRU	TRU	false			missing
Cardiac	MSK	2cbf283e-6379-4a24-9f38-8f3db74170f8	/MSK_Perturbseq06_Cardiac_20260902/	CP_mRNA_IGO_17958_B_2_S30_L004_I2_001.fastq.gz	CP_mRNA_IGO_17958_B_2_S30_L004_I2_001.fastq.gz	fastq.gz	4	index2	10	CP_R1_mRNA	BONO_0093	Gene Expression	msk_pooledseq_transcriptome	february-2018-3M	TRU	TRU	false			missing
Cardiac	MSK	2cbf283e-6379-4a24-9f38-8f3db74170f8	/MSK_Perturbseq06_Cardiac_20260902/	CP_mRNA_IGO_17958_B_2_S30_L004_R1_001.fastq.gz	CP_mRNA_IGO_17958_B_2_S30_L004_R1_001.fastq.gz	fastq.gz	4	read1	29	CP_R1_mRNA	BONO_0093	Gene Expression	msk_pooledseq_transcriptome	february-2018-3M	TRU	TRU	false			missing
Cardiac	MSK	2cbf283e-6379-4a24-9f38-8f3db74170f8	/MSK_Perturbseq06_Cardiac_20260902/	CP_mRNA_IGO_17958_B_2_S30_L004_R2_001.fastq.gz	CP_mRNA_IGO_17958_B_2_S30_L004_R2_001.fastq.gz	fastq.gz	4	read2	89	CP_R1_mRNA	BONO_0093	Gene Expression	msk_pooledseq_transcriptome	february-2018-3M	TRU	TRU	false			missing
Cardiac	MSK	2cbf283e-6379-4a24-9f38-8f3db74170f8	/MSK_Perturbseq06_Cardiac_20260902/	CP_mRNA_IGO_17958_B_2_S30_L005_I1_001.fastq.gz	CP_mRNA_IGO_17958_B_2_S30_L005_I1_001.fastq.gz	fastq.gz	5	index1	10	CP_R1_mRNA	BONO_0093	Gene Expression	msk_pooledseq_transcriptome	february-2018-3M	TRU	TRU	false			missing
Cardiac	MSK	2cbf283e-6379-4a24-9f38-8f3db74170f8	/MSK_Perturbseq06_Cardiac_20260902/	CP_mRNA_IGO_17958_B_2_S30_L005_I2_001.fastq.gz	CP_mRNA_IGO_17958_B_2_S30_L005_I2_001.fastq.gz	fastq.gz	5	index2	10	CP_R1_mRNA	BONO_0093	Gene Expression	msk_pooledseq_transcriptome	february-2018-3M	TRU	TRU	false			missing
Cardiac	MSK	2cbf283e-6379-4a24-9f38-8f3db74170f8	/MSK_Perturbseq06_Cardiac_20260902/	CP_mRNA_IGO_17958_B_2_S30_L005_R1_001.fastq.gz	CP_mRNA_IGO_17958_B_2_S30_L005_R1_001.fastq.gz	fastq.gz	5	read1	29	CP_R1_mRNA	BONO_0093	Gene Expression	msk_pooledseq_transcriptome	february-2018-3M	TRU	TRU	false			missing
Cardiac	MSK	2cbf283e-6379-4a24-9f38-8f3db74170f8	/MSK_Perturbseq06_Cardiac_20260902/	CP_mRNA_IGO_17958_B_2_S30_L005_R2_001.fastq.gz	CP_mRNA_IGO_17958_B_2_S30_L005_R2_001.fastq.gz	fastq.gz	5	read2	89	CP_R1_mRNA	BONO_0093	Gene Expression	msk_pooledseq_transcriptome	february-2018-3M	TRU	TRU	false			missing
Cardiac	MSK	2cbf283e-6379-4a24-9f38-8f3db74170f8	/MSK_Perturbseq06_Cardiac_20260902/	CP_mRNA_IGO_17958_B_2_S30_L006_I1_001.fastq.gz	CP_mRNA_IGO_17958_B_2_S30_L006_I1_001.fastq.gz	fastq.gz	6	index1	10	CP_R1_mRNA	BONO_0093	Gene Expression	msk_pooledseq_transcriptome	february-2018-3M	TRU	TRU	false			missing
Cardiac	MSK	2cbf283e-6379-4a24-9f38-8f3db74170f8	/MSK_Perturbseq06_Cardiac_20260902/	CP_mRNA_IGO_17958_B_2_S30_L006_I2_001.fastq.gz	CP_mRNA_IGO_17958_B_2_S30_L006_I2_001.fastq.gz	fastq.gz	6	index2	10	CP_R1_mRNA	BONO_0093	Gene Expression	msk_pooledseq_transcriptome	february-2018-3M	TRU	TRU	false			missing
Cardiac	MSK	2cbf283e-6379-4a24-9f38-8f3db74170f8	/MSK_Perturbseq06_Cardiac_20260902/	CP_mRNA_IGO_17958_B_2_S30_L006_R1_001.fastq.gz	CP_mRNA_IGO_17958_B_2_S30_L006_R1_001.fastq.gz	fastq.gz	6	read1	29	CP_R1_mRNA	BONO_0093	Gene Expression	msk_pooledseq_transcriptome	february-2018-3M	TRU	TRU	false			missing
Cardiac	MSK	2cbf283e-6379-4a24-9f38-8f3db74170f8	/MSK_Perturbseq06_Cardiac_20260902/	CP_mRNA_IGO_17958_B_2_S30_L006_R2_001.fastq.gz	CP_mRNA_IGO_17958_B_2_S30_L006_R2_001.fastq.gz	fastq.gz	6	read2	89	CP_R1_mRNA	BONO_0093	Gene Expression	msk_pooledseq_transcriptome	february-2018-3M	TRU	TRU	false			missing
Cardiac	MSK	2cbf283e-6379-4a24-9f38-8f3db74170f8	/MSK_Perturbseq06_Cardiac_20260902/	CP_mRNA_IGO_17958_B_2_S30_L007_I1_001.fastq.gz	CP_mRNA_IGO_17958_B_2_S30_L007_I1_001.fastq.gz	fastq.gz	7	index1	10	CP_R1_mRNA	BONO_0093	Gene Expression	msk_pooledseq_transcriptome	february-2018-3M	TRU	TRU	false			missing
Cardiac	MSK	2cbf283e-6379-4a24-9f38-8f3db74170f8	/MSK_Perturbseq06_Cardiac_20260902/	CP_mRNA_IGO_17958_B_2_S30_L007_I2_001.fastq.gz	CP_mRNA_IGO_17958_B_2_S30_L007_I2_001.fastq.gz	fastq.gz	7	index2	10	CP_R1_mRNA	BONO_0093	Gene Expression	msk_pooledseq_transcriptome	february-2018-3M	TRU	TRU	false			missing
Cardiac	MSK	2cbf283e-6379-4a24-9f38-8f3db74170f8	/MSK_Perturbseq06_Cardiac_20260902/	CP_mRNA_IGO_17958_B_2_S30_L007_R1_001.fastq.gz	CP_mRNA_IGO_17958_B_2_S30_L007_R1_001.fastq.gz	fastq.gz	7	read1	29	CP_R1_mRNA	BONO_0093	Gene Expression	msk_pooledseq_transcriptome	february-2018-3M	TRU	TRU	false			missing
Cardiac	MSK	2cbf283e-6379-4a24-9f38-8f3db74170f8	/MSK_Perturbseq06_Cardiac_20260902/	CP_mRNA_IGO_17958_B_2_S30_L007_R2_001.fastq.gz	CP_mRNA_IGO_17958_B_2_S30_L007_R2_001.fastq.gz	fastq.gz	7	read2	89	CP_R1_mRNA	BONO_0093	Gene Expression	msk_pooledseq_transcriptome	february-2018-3M	TRU	TRU	false			missing
Cardiac	MSK	2cbf283e-6379-4a24-9f38-8f3db74170f8	/MSK_Perturbseq06_Cardiac_20260902/	CP_mRNA_IGO_17958_B_2_S30_L008_I1_001.fastq.gz	CP_mRNA_IGO_17958_B_2_S30_L008_I1_001.fastq.gz	fastq.gz	8	index1	10	CP_R1_mRNA	BONO_0093	Gene Expression	msk_pooledseq_transcriptome	february-2018-3M	TRU	TRU	false			missing
Cardiac	MSK	2cbf283e-6379-4a24-9f38-8f3db74170f8	/MSK_Perturbseq06_Cardiac_20260902/	CP_mRNA_IGO_17958_B_2_S30_L008_I2_001.fastq.gz	CP_mRNA_IGO_17958_B_2_S30_L008_I2_001.fastq.gz	fastq.gz	8	index2	10	CP_R1_mRNA	BONO_0093	Gene Expression	msk_pooledseq_transcriptome	february-2018-3M	TRU	TRU	false			missing
Cardiac	MSK	2cbf283e-6379-4a24-9f38-8f3db74170f8	/MSK_Perturbseq06_Cardiac_20260902/	CP_mRNA_IGO_17958_B_2_S30_L008_R1_001.fastq.gz	CP_mRNA_IGO_17958_B_2_S30_L008_R1_001.fastq.gz	fastq.gz	8	read1	29	CP_R1_mRNA	BONO_0093	Gene Expression	msk_pooledseq_transcriptome	february-2018-3M	TRU	TRU	false			missing
Cardiac	MSK	2cbf283e-6379-4a24-9f38-8f3db74170f8	/MSK_Perturbseq06_Cardiac_20260902/	CP_mRNA_IGO_17958_B_2_S30_L008_R2_001.fastq.gz	CP_mRNA_IGO_17958_B_2_S30_L008_R2_001.fastq.gz	fastq.gz	8	read2	89	CP_R1_mRNA	BONO_0093	Gene Expression	msk_pooledseq_transcriptome	february-2018-3M	TRU	TRU	false			missing
Cardiac	MSK	2cbf283e-6379-4a24-9f38-8f3db74170f8	/MSK_Perturbseq06_Cardiac_20260902/	CP_mRNA_IGO_17958_B_2_S14_L005_I1_001.fastq.gz	CP_mRNA_IGO_17958_B_2_S14_L005_I1_001.fastq.gz	fastq.gz	5	index1	10	CP_R1_mRNA	BONO_0096	Gene Expression	msk_pooledseq_transcriptome	february-2018-3M	TRU	TRU	false			missing
Cardiac	MSK	2cbf283e-6379-4a24-9f38-8f3db74170f8	/MSK_Perturbseq06_Cardiac_20260902/	CP_mRNA_IGO_17958_B_2_S14_L005_I2_001.fastq.gz	CP_mRNA_IGO_17958_B_2_S14_L005_I2_001.fastq.gz	fastq.gz	5	index2	10	CP_R1_mRNA	BONO_0096	Gene Expression	msk_pooledseq_transcriptome	february-2018-3M	TRU	TRU	false			missing
Cardiac	MSK	2cbf283e-6379-4a24-9f38-8f3db74170f8	/MSK_Perturbseq06_Cardiac_20260902/	CP_mRNA_IGO_17958_B_2_S14_L005_R1_001.fastq.gz	CP_mRNA_IGO_17958_B_2_S14_L005_R1_001.fastq.gz	fastq.gz	5	read1	29	CP_R1_mRNA	BONO_0096	Gene Expression	msk_pooledseq_transcriptome	february-2018-3M	TRU	TRU	false			missing
Cardiac	MSK	2cbf283e-6379-4a24-9f38-8f3db74170f8	/MSK_Perturbseq06_Cardiac_20260902/	CP_mRNA_IGO_17958_B_2_S14_L005_R2_001.fastq.gz	CP_mRNA_IGO_17958_B_2_S14_L005_R2_001.fastq.gz	fastq.gz	5	read2	89	CP_R1_mRNA	BONO_0096	Gene Expression	msk_pooledseq_transcriptome	february-2018-3M	TRU	TRU	false			missing
Cardiac	MSK	2cbf283e-6379-4a24-9f38-8f3db74170f8	/MSK_Perturbseq06_Cardiac_20260902/	CP_mRNA_IGO_17958_B_2_S14_L006_I1_001.fastq.gz	CP_mRNA_IGO_17958_B_2_S14_L006_I1_001.fastq.gz	fastq.gz	6	index1	10	CP_R1_mRNA	BONO_0096	Gene Expression	msk_pooledseq_transcriptome	february-2018-3M	TRU	TRU	false			missing
Cardiac	MSK	2cbf283e-6379-4a24-9f38-8f3db74170f8	/MSK_Perturbseq06_Cardiac_20260902/	CP_mRNA_IGO_17958_B_2_S14_L006_I2_001.fastq.gz	CP_mRNA_IGO_17958_B_2_S14_L006_I2_001.fastq.gz	fastq.gz	6	index2	10	CP_R1_mRNA	BONO_0096	Gene Expression	msk_pooledseq_transcriptome	february-2018-3M	TRU	TRU	false			missing
Cardiac	MSK	2cbf283e-6379-4a24-9f38-8f3db74170f8	/MSK_Perturbseq06_Cardiac_20260902/	CP_mRNA_IGO_17958_B_2_S14_L006_R1_001.fastq.gz	CP_mRNA_IGO_17958_B_2_S14_L006_R1_001.fastq.gz	fastq.gz	6	read1	29	CP_R1_mRNA	BONO_0096	Gene Expression	msk_pooledseq_transcriptome	february-2018-3M	TRU	TRU	false			missing
Cardiac	MSK	2cbf283e-6379-4a24-9f38-8f3db74170f8	/MSK_Perturbseq06_Cardiac_20260902/	CP_mRNA_IGO_17958_B_2_S14_L006_R2_001.fastq.gz	CP_mRNA_IGO_17958_B_2_S14_L006_R2_001.fastq.gz	fastq.gz	6	read2	89	CP_R1_mRNA	BONO_0096	Gene Expression	msk_pooledseq_transcriptome	february-2018-3M	TRU	TRU	false			missing
Cardiac	MSK	2cbf283e-6379-4a24-9f38-8f3db74170f8	/MSK_Perturbseq06_Cardiac_20260902/	CP_mRNA_IGO_17958_B_2_S14_L007_I1_001.fastq.gz	CP_mRNA_IGO_17958_B_2_S14_L007_I1_001.fastq.gz	fastq.gz	7	index1	10	CP_R1_mRNA	BONO_0096	Gene Expression	msk_pooledseq_transcriptome	february-2018-3M	TRU	TRU	false			missing
Cardiac	MSK	2cbf283e-6379-4a24-9f38-8f3db74170f8	/MSK_Perturbseq06_Cardiac_20260902/	CP_mRNA_IGO_17958_B_2_S14_L007_I2_001.fastq.gz	CP_mRNA_IGO_17958_B_2_S14_L007_I2_001.fastq.gz	fastq.gz	7	index2	10	CP_R1_mRNA	BONO_0096	Gene Expression	msk_pooledseq_transcriptome	february-2018-3M	TRU	TRU	false			missing
Cardiac	MSK	2cbf283e-6379-4a24-9f38-8f3db74170f8	/MSK_Perturbseq06_Cardiac_20260902/	CP_mRNA_IGO_17958_B_2_S14_L007_R1_001.fastq.gz	CP_mRNA_IGO_17958_B_2_S14_L007_R1_001.fastq.gz	fastq.gz	7	read1	29	CP_R1_mRNA	BONO_0096	Gene Expression	msk_pooledseq_transcriptome	february-2018-3M	TRU	TRU	false			missing
Cardiac	MSK	2cbf283e-6379-4a24-9f38-8f3db74170f8	/MSK_Perturbseq06_Cardiac_20260902/	CP_mRNA_IGO_17958_B_2_S14_L007_R2_001.fastq.gz	CP_mRNA_IGO_17958_B_2_S14_L007_R2_001.fastq.gz	fastq.gz	7	read2	89	CP_R1_mRNA	BONO_0096	Gene Expression	msk_pooledseq_transcriptome	february-2018-3M	TRU	TRU	false			missing
Cardiac	MSK	2cbf283e-6379-4a24-9f38-8f3db74170f8	/MSK_Perturbseq06_Cardiac_20260902/	CP_mRNA_IGO_17958_B_2_S14_L008_I1_001.fastq.gz	CP_mRNA_IGO_17958_B_2_S14_L008_I1_001.fastq.gz	fastq.gz	8	index1	10	CP_R1_mRNA	BONO_0096	Gene Expression	msk_pooledseq_transcriptome	february-2018-3M	TRU	TRU	false			missing
Cardiac	MSK	2cbf283e-6379-4a24-9f38-8f3db74170f8	/MSK_Perturbseq06_Cardiac_20260902/	CP_mRNA_IGO_17958_B_2_S14_L008_I2_001.fastq.gz	CP_mRNA_IGO_17958_B_2_S14_L008_I2_001.fastq.gz	fastq.gz	8	index2	10	CP_R1_mRNA	BONO_0096	Gene Expression	msk_pooledseq_transcriptome	february-2018-3M	TRU	TRU	false			missing
Cardiac	MSK	2cbf283e-6379-4a24-9f38-8f3db74170f8	/MSK_Perturbseq06_Cardiac_20260902/	CP_mRNA_IGO_17958_B_2_S14_L008_R1_001.fastq.gz	CP_mRNA_IGO_17958_B_2_S14_L008_R1_001.fastq.gz	fastq.gz	8	read1	29	CP_R1_mRNA	BONO_0096	Gene Expression	msk_pooledseq_transcriptome	february-2018-3M	TRU	TRU	false			missing
Cardiac	MSK	2cbf283e-6379-4a24-9f38-8f3db74170f8	/MSK_Perturbseq06_Cardiac_20260902/	CP_mRNA_IGO_17958_B_2_S14_L008_R2_001.fastq.gz	CP_mRNA_IGO_17958_B_2_S14_L008_R2_001.fastq.gz	fastq.gz	8	read2	89	CP_R1_mRNA	BONO_0096	Gene Expression	msk_pooledseq_transcriptome	february-2018-3M	TRU	TRU	false			missing
Cardiac	MSK	2cbf283e-6379-4a24-9f38-8f3db74170f8	/MSK_Perturbseq06_Cardiac_20260902/	CP_mRNA_IGO_17967_B_5_S62_L003_I1_001.fastq.gz	CP_mRNA_IGO_17967_B_5_S62_L003_I1_001.fastq.gz	fastq.gz	3	index1	10	CP_R1_mRNA	BONO_0107	Gene Expression	msk_pooledseq_transcriptome	february-2018-3M	TRU	TRU	true	1078833780	b738f28c644971a57e56a7423d91a37c	present
Cardiac	MSK	2cbf283e-6379-4a24-9f38-8f3db74170f8	/MSK_Perturbseq06_Cardiac_20260902/	CP_mRNA_IGO_17967_B_5_S62_L003_I2_001.fastq.gz	CP_mRNA_IGO_17967_B_5_S62_L003_I2_001.fastq.gz	fastq.gz	3	index2	10	CP_R1_mRNA	BONO_0107	Gene Expression	msk_pooledseq_transcriptome	february-2018-3M	TRU	TRU	true	1131302395	0ae696ee3751a4a8f6d9a33584a6d30b	present
Cardiac	MSK	2cbf283e-6379-4a24-9f38-8f3db74170f8	/MSK_Perturbseq06_Cardiac_20260902/	CP_mRNA_IGO_17967_B_5_S62_L003_R1_001.fastq.gz	CP_mRNA_IGO_17967_B_5_S62_L003_R1_001.fastq.gz	fastq.gz	3	read1	29	CP_R1_mRNA	BONO_0107	Gene Expression	msk_pooledseq_transcriptome	february-2018-3M	TRU	TRU	true	3756705552	2018da5b589d36a43a8eea3cea571639	present
Cardiac	MSK	2cbf283e-6379-4a24-9f38-8f3db74170f8	/MSK_Perturbseq06_Cardiac_20260902/	CP_mRNA_IGO_17967_B_5_S62_L003_R2_001.fastq.gz	CP_mRNA_IGO_17967_B_5_S62_L003_R2_001.fastq.gz	fastq.gz	3	read2	89	CP_R1_mRNA	BONO_0107	Gene Expression	msk_pooledseq_transcriptome	february-2018-3M	TRU	TRU	true	7317002458	3630cf1586b17a9ab15c6cb8a8d5117d	present
Cardiac	MSK	2cbf283e-6379-4a24-9f38-8f3db74170f8	/MSK_Perturbseq06_Cardiac_20260902/	CP_mRNA_IGO_17967_B_5_S62_L004_I1_001.fastq.gz	CP_mRNA_IGO_17967_B_5_S62_L004_I1_001.fastq.gz	fastq.gz	4	index1	10	CP_R1_mRNA	BONO_0107	Gene Expression	msk_pooledseq_transcriptome	february-2018-3M	TRU	TRU	true	1094864421	e56408c8318a5e1614b47bfb4e04e8dd	present
Cardiac	MSK	2cbf283e-6379-4a24-9f38-8f3db74170f8	/MSK_Perturbseq06_Cardiac_20260902/	CP_mRNA_IGO_17967_B_5_S62_L004_I2_001.fastq.gz	CP_mRNA_IGO_17967_B_5_S62_L004_I2_001.fastq.gz	fastq.gz	4	index2	10	CP_R1_mRNA	BONO_0107	Gene Expression	msk_pooledseq_transcriptome	february-2018-3M	TRU	TRU	true	1139568359	2f806c94c2f329dcb13370b757feb2be	present
Cardiac	MSK	2cbf283e-6379-4a24-9f38-8f3db74170f8	/MSK_Perturbseq06_Cardiac_20260902/	CP_mRNA_IGO_17967_B_5_S62_L004_R1_001.fastq.gz	CP_mRNA_IGO_17967_B_5_S62_L004_R1_001.fastq.gz	fastq.gz	4	read1	29	CP_R1_mRNA	BONO_0107	Gene Expression	msk_pooledseq_transcriptome	february-2018-3M	TRU	TRU	true	3806774162	5c29a04deb6cae375851b69bfb4c8a17	present
Cardiac	MSK	2cbf283e-6379-4a24-9f38-8f3db74170f8	/MSK_Perturbseq06_Cardiac_20260902/	CP_mRNA_IGO_17967_B_5_S62_L004_R2_001.fastq.gz	CP_mRNA_IGO_17967_B_5_S62_L004_R2_001.fastq.gz	fastq.gz	4	read2	89	CP_R1_mRNA	BONO_0107	Gene Expression	msk_pooledseq_transcriptome	february-2018-3M	TRU	TRU	true	7395408156	8efb0e7b4cc593b1183192b772bf5e33	present
Cardiac	MSK	2cbf283e-6379-4a24-9f38-8f3db74170f8	/MSK_Perturbseq06_Cardiac_20260902/	CP_mRNA_IGO_17967_B_5_S19_L005_I1_001.fastq.gz	CP_mRNA_IGO_17967_B_5_S19_L005_I1_001.fastq.gz	fastq.gz	5	index1	10	CP_R1_mRNA	FAUCI2_0120	Gene Expression	msk_pooledseq_transcriptome	february-2018-3M	TRU	TRU	true	698937922	b9e39ad07a364a8af320d8f7867ccdb6	present
Cardiac	MSK	2cbf283e-6379-4a24-9f38-8f3db74170f8	/MSK_Perturbseq06_Cardiac_20260902/	CP_mRNA_IGO_17967_B_5_S19_L005_I2_001.fastq.gz	CP_mRNA_IGO_17967_B_5_S19_L005_I2_001.fastq.gz	fastq.gz	5	index2	10	CP_R1_mRNA	FAUCI2_0120	Gene Expression	msk_pooledseq_transcriptome	february-2018-3M	TRU	TRU	true	739123197	48faa5412de1914fc8ac0c176f9d346b	present
Cardiac	MSK	2cbf283e-6379-4a24-9f38-8f3db74170f8	/MSK_Perturbseq06_Cardiac_20260902/	CP_mRNA_IGO_17967_B_5_S19_L005_R1_001.fastq.gz	CP_mRNA_IGO_17967_B_5_S19_L005_R1_001.fastq.gz	fastq.gz	5	read1	29	CP_R1_mRNA	FAUCI2_0120	Gene Expression	msk_pooledseq_transcriptome	february-2018-3M	TRU	TRU	true	2259549105	f29b716692ceee534b3d8bfe656bc48c	present
Cardiac	MSK	2cbf283e-6379-4a24-9f38-8f3db74170f8	/MSK_Perturbseq06_Cardiac_20260902/	CP_mRNA_IGO_17967_B_5_S19_L005_R2_001.fastq.gz	CP_mRNA_IGO_17967_B_5_S19_L005_R2_001.fastq.gz	fastq.gz	5	read2	89	CP_R1_mRNA	FAUCI2_0120	Gene Expression	msk_pooledseq_transcriptome	february-2018-3M	TRU	TRU	true	4632530382	75e800de82ffc7428f544ca477f93e99	present
Cardiac	MSK	2cbf283e-6379-4a24-9f38-8f3db74170f8	/MSK_Perturbseq06_Cardiac_20260902/	CP_mRNA_IGO_17967_B_5_S19_L006_I1_001.fastq.gz	CP_mRNA_IGO_17967_B_5_S19_L006_I1_001.fastq.gz	fastq.gz	6	index1	10	CP_R1_mRNA	FAUCI2_0120	Gene Expression	msk_pooledseq_transcriptome	february-2018-3M	TRU	TRU	true	709025646	8e785e56ebe9edc88b794c7e3b32012a	present
Cardiac	MSK	2cbf283e-6379-4a24-9f38-8f3db74170f8	/MSK_Perturbseq06_Cardiac_20260902/	CP_mRNA_IGO_17967_B_5_S19_L006_I2_001.fastq.gz	CP_mRNA_IGO_17967_B_5_S19_L006_I2_001.fastq.gz	fastq.gz	6	index2	10	CP_R1_mRNA	FAUCI2_0120	Gene Expression	msk_pooledseq_transcriptome	february-2018-3M	TRU	TRU	true	755617913	c949ec28724f1caa10466bbbe916214a	present
Cardiac	MSK	2cbf283e-6379-4a24-9f38-8f3db74170f8	/MSK_Perturbseq06_Cardiac_20260902/	CP_mRNA_IGO_17967_B_5_S19_L006_R1_001.fastq.gz	CP_mRNA_IGO_17967_B_5_S19_L006_R1_001.fastq.gz	fastq.gz	6	read1	29	CP_R1_mRNA	FAUCI2_0120	Gene Expression	msk_pooledseq_transcriptome	february-2018-3M	TRU	TRU	true	2298429204	ab1cb098233822c84ab1c28563c33fba	present
Cardiac	MSK	2cbf283e-6379-4a24-9f38-8f3db74170f8	/MSK_Perturbseq06_Cardiac_20260902/	CP_mRNA_IGO_17967_B_5_S19_L006_R2_001.fastq.gz	CP_mRNA_IGO_17967_B_5_S19_L006_R2_001.fastq.gz	fastq.gz	6	read2	89	CP_R1_mRNA	FAUCI2_0120	Gene Expression	msk_pooledseq_transcriptome	february-2018-3M	TRU	TRU	true	4695700993	37f62b7694d3f5c8e9d2a8bfb0ec05eb	present
Cardiac	MSK	2cbf283e-6379-4a24-9f38-8f3db74170f8	/MSK_Perturbseq06_Cardiac_20260902/	CP_mRNA_IGO_17967_B_5_S19_L007_I1_001.fastq.gz	CP_mRNA_IGO_17967_B_5_S19_L007_I1_001.fastq.gz	fastq.gz	7	index1	10	CP_R1_mRNA	FAUCI2_0120	Gene Expression	msk_pooledseq_transcriptome	february-2018-3M	TRU	TRU	true	698104116	0cd0f19b1726471e783041c85b30a841	present
Cardiac	MSK	2cbf283e-6379-4a24-9f38-8f3db74170f8	/MSK_Perturbseq06_Cardiac_20260902/	CP_mRNA_IGO_17967_B_5_S19_L007_I2_001.fastq.gz	CP_mRNA_IGO_17967_B_5_S19_L007_I2_001.fastq.gz	fastq.gz	7	index2	10	CP_R1_mRNA	FAUCI2_0120	Gene Expression	msk_pooledseq_transcriptome	february-2018-3M	TRU	TRU	true	749377277	96fd7e29992880131d7943dc641f2ae9	present
Cardiac	MSK	2cbf283e-6379-4a24-9f38-8f3db74170f8	/MSK_Perturbseq06_Cardiac_20260902/	CP_mRNA_IGO_17967_B_5_S19_L007_R1_001.fastq.gz	CP_mRNA_IGO_17967_B_5_S19_L007_R1_001.fastq.gz	fastq.gz	7	read1	29	CP_R1_mRNA	FAUCI2_0120	Gene Expression	msk_pooledseq_transcriptome	february-2018-3M	TRU	TRU	true	2260671548	1028555822b988ad71d1da53cac65bb6	present
Cardiac	MSK	2cbf283e-6379-4a24-9f38-8f3db74170f8	/MSK_Perturbseq06_Cardiac_20260902/	CP_mRNA_IGO_17967_B_5_S19_L007_R2_001.fastq.gz	CP_mRNA_IGO_17967_B_5_S19_L007_R2_001.fastq.gz	fastq.gz	7	read2	89	CP_R1_mRNA	FAUCI2_0120	Gene Expression	msk_pooledseq_transcriptome	february-2018-3M	TRU	TRU	true	4615894084	89cbb59e84cbd170ef88acccdf47dbdd	present
Cardiac	MSK	2cbf283e-6379-4a24-9f38-8f3db74170f8	/MSK_Perturbseq06_Cardiac_20260902/	CP_R1_mRNA_IGO_18593_2_S45_L007_I1_001.fastq.gz	CP_R1_mRNA_IGO_18593_2_S45_L007_I1_001.fastq.gz	fastq.gz	7	index1	10	CP_R1_mRNA	FAUCI2_0169	Gene Expression	msk_pooledseq_transcriptome	february-2018-3M	TRU	TRU	false			missing
Cardiac	MSK	2cbf283e-6379-4a24-9f38-8f3db74170f8	/MSK_Perturbseq06_Cardiac_20260902/	CP_R1_mRNA_IGO_18593_2_S45_L007_I2_001.fastq.gz	CP_R1_mRNA_IGO_18593_2_S45_L007_I2_001.fastq.gz	fastq.gz	7	index2	10	CP_R1_mRNA	FAUCI2_0169	Gene Expression	msk_pooledseq_transcriptome	february-2018-3M	TRU	TRU	false			missing
Cardiac	MSK	2cbf283e-6379-4a24-9f38-8f3db74170f8	/MSK_Perturbseq06_Cardiac_20260902/	CP_R1_mRNA_IGO_18593_2_S45_L007_R1_001.fastq.gz	CP_R1_mRNA_IGO_18593_2_S45_L007_R1_001.fastq.gz	fastq.gz	7	read1	29	CP_R1_mRNA	FAUCI2_0169	Gene Expression	msk_pooledseq_transcriptome	february-2018-3M	TRU	TRU	false			missing
Cardiac	MSK	2cbf283e-6379-4a24-9f38-8f3db74170f8	/MSK_Perturbseq06_Cardiac_20260902/	CP_R1_mRNA_IGO_18593_2_S45_L007_R2_001.fastq.gz	CP_R1_mRNA_IGO_18593_2_S45_L007_R2_001.fastq.gz	fastq.gz	7	read2	89	CP_R1_mRNA	FAUCI2_0169	Gene Expression	msk_pooledseq_transcriptome	february-2018-3M	TRU	TRU	false			missing
Cardiac	MSK	2cbf283e-6379-4a24-9f38-8f3db74170f8	/MSK_Perturbseq06_Cardiac_20260902/	CP_R1_mRNA_IGO_18593_2_S45_L008_I1_001.fastq.gz	CP_R1_mRNA_IGO_18593_2_S45_L008_I1_001.fastq.gz	fastq.gz	8	index1	10	CP_R1_mRNA	FAUCI2_0169	Gene Expression	msk_pooledseq_transcriptome	february-2018-3M	TRU	TRU	false			missing
Cardiac	MSK	2cbf283e-6379-4a24-9f38-8f3db74170f8	/MSK_Perturbseq06_Cardiac_20260902/	CP_R1_mRNA_IGO_18593_2_S45_L008_I2_001.fastq.gz	CP_R1_mRNA_IGO_18593_2_S45_L008_I2_001.fastq.gz	fastq.gz	8	index2	10	CP_R1_mRNA	FAUCI2_0169	Gene Expression	msk_pooledseq_transcriptome	february-2018-3M	TRU	TRU	false			missing
Cardiac	MSK	2cbf283e-6379-4a24-9f38-8f3db74170f8	/MSK_Perturbseq06_Cardiac_20260902/	CP_R1_mRNA_IGO_18593_2_S45_L008_R1_001.fastq.gz	CP_R1_mRNA_IGO_18593_2_S45_L008_R1_001.fastq.gz	fastq.gz	8	read1	29	CP_R1_mRNA	FAUCI2_0169	Gene Expression	msk_pooledseq_transcriptome	february-2018-3M	TRU	TRU	false			missing
Cardiac	MSK	2cbf283e-6379-4a24-9f38-8f3db74170f8	/MSK_Perturbseq06_Cardiac_20260902/	CP_R1_mRNA_IGO_18593_2_S45_L008_R2_001.fastq.gz	CP_R1_mRNA_IGO_18593_2_S45_L008_R2_001.fastq.gz	fastq.gz	8	read2	89	CP_R1_mRNA	FAUCI2_0169	Gene Expression	msk_pooledseq_transcriptome	february-2018-3M	TRU	TRU	false			missing
Cardiac	MSK	2cbf283e-6379-4a24-9f38-8f3db74170f8	/MSK_Perturbseq06_Cardiac_20260902/	CP_R2_gRNA_IGO_17967_4_S39_L005_I1_001.fastq.gz	CP_R2_gRNA_IGO_17967_4_S39_L005_I1_001.fastq.gz	fastq.gz	5	index1	10	CP_R2_gRNA	BONO_0089	CRISPR Guide Capture	msk_pooledseq_polyIII	february-2018-3M	NXT	TRU	true	113670627	9c5eb005976bb567de23e9da82a8ee02	present
Cardiac	MSK	2cbf283e-6379-4a24-9f38-8f3db74170f8	/MSK_Perturbseq06_Cardiac_20260902/	CP_R2_gRNA_IGO_17967_4_S39_L005_I2_001.fastq.gz	CP_R2_gRNA_IGO_17967_4_S39_L005_I2_001.fastq.gz	fastq.gz	5	index2	10	CP_R2_gRNA	BONO_0089	CRISPR Guide Capture	msk_pooledseq_polyIII	february-2018-3M	NXT	TRU	true	118895065	2dbd6b54aefe01b9863337aae474ddf9	present
Cardiac	MSK	2cbf283e-6379-4a24-9f38-8f3db74170f8	/MSK_Perturbseq06_Cardiac_20260902/	CP_R2_gRNA_IGO_17967_4_S39_L005_R1_001.fastq.gz	CP_R2_gRNA_IGO_17967_4_S39_L005_R1_001.fastq.gz	fastq.gz	5	read1	29	CP_R2_gRNA	BONO_0089	CRISPR Guide Capture	msk_pooledseq_polyIII	february-2018-3M	NXT	TRU	true	346219402	60f4489afbaf4c12e67e690387e5e967	present
Cardiac	MSK	2cbf283e-6379-4a24-9f38-8f3db74170f8	/MSK_Perturbseq06_Cardiac_20260902/	CP_R2_gRNA_IGO_17967_4_S39_L005_R2_001.fastq.gz	CP_R2_gRNA_IGO_17967_4_S39_L005_R2_001.fastq.gz	fastq.gz	5	read2	89	CP_R2_gRNA	BONO_0089	CRISPR Guide Capture	msk_pooledseq_polyIII	february-2018-3M	NXT	TRU	true	449255524	89404efd76ef1ee2c892f3ab3dfcddd4	present
Cardiac	MSK	2cbf283e-6379-4a24-9f38-8f3db74170f8	/MSK_Perturbseq06_Cardiac_20260902/	CP_R2_gRNA_IGO_17967_4_S39_L006_I1_001.fastq.gz	CP_R2_gRNA_IGO_17967_4_S39_L006_I1_001.fastq.gz	fastq.gz	6	index1	10	CP_R2_gRNA	BONO_0089	CRISPR Guide Capture	msk_pooledseq_polyIII	february-2018-3M	NXT	TRU	true	113172825	2aac9a1294d10d60af2331aff2b78bd4	present
Cardiac	MSK	2cbf283e-6379-4a24-9f38-8f3db74170f8	/MSK_Perturbseq06_Cardiac_20260902/	CP_R2_gRNA_IGO_17967_4_S39_L006_I2_001.fastq.gz	CP_R2_gRNA_IGO_17967_4_S39_L006_I2_001.fastq.gz	fastq.gz	6	index2	10	CP_R2_gRNA	BONO_0089	CRISPR Guide Capture	msk_pooledseq_polyIII	february-2018-3M	NXT	TRU	true	118518294	82fa8ce51331521ae23e004012dec75d	present
Cardiac	MSK	2cbf283e-6379-4a24-9f38-8f3db74170f8	/MSK_Perturbseq06_Cardiac_20260902/	CP_R2_gRNA_IGO_17967_4_S39_L006_R1_001.fastq.gz	CP_R2_gRNA_IGO_17967_4_S39_L006_R1_001.fastq.gz	fastq.gz	6	read1	29	CP_R2_gRNA	BONO_0089	CRISPR Guide Capture	msk_pooledseq_polyIII	february-2018-3M	NXT	TRU	true	344778309	d458909c0dccdd06a7dafbdc7e35d9b7	present
Cardiac	MSK	2cbf283e-6379-4a24-9f38-8f3db74170f8	/MSK_Perturbseq06_Cardiac_20260902/	CP_R2_gRNA_IGO_17967_4_S39_L006_R2_001.fastq.gz	CP_R2_gRNA_IGO_17967_4_S39_L006_R2_001.fastq.gz	fastq.gz	6	read2	89	CP_R2_gRNA	BONO_0089	CRISPR Guide Capture	msk_pooledseq_polyIII	february-2018-3M	NXT	TRU	true	446444817	5e95dfef631aa33992bbdfc285b0d5c0	present
Cardiac	MSK	2cbf283e-6379-4a24-9f38-8f3db74170f8	/MSK_Perturbseq06_Cardiac_20260902/	CP_R2_gRNA_IGO_17967_4_S39_L007_I1_001.fastq.gz	CP_R2_gRNA_IGO_17967_4_S39_L007_I1_001.fastq.gz	fastq.gz	7	index1	10	CP_R2_gRNA	BONO_0089	CRISPR Guide Capture	msk_pooledseq_polyIII	february-2018-3M	NXT	TRU	true	117010610	aeaba4c746a383de22d4f4d5a7dae62e	present
Cardiac	MSK	2cbf283e-6379-4a24-9f38-8f3db74170f8	/MSK_Perturbseq06_Cardiac_20260902/	CP_R2_gRNA_IGO_17967_4_S39_L007_I2_001.fastq.gz	CP_R2_gRNA_IGO_17967_4_S39_L007_I2_001.fastq.gz	fastq.gz	7	index2	10	CP_R2_gRNA	BONO_0089	CRISPR Guide Capture	msk_pooledseq_polyIII	february-2018-3M	NXT	TRU	true	122702302	a4c6941819c3b8b9915a4b88a81b3f68	present
Cardiac	MSK	2cbf283e-6379-4a24-9f38-8f3db74170f8	/MSK_Perturbseq06_Cardiac_20260902/	CP_R2_gRNA_IGO_17967_4_S39_L007_R1_001.fastq.gz	CP_R2_gRNA_IGO_17967_4_S39_L007_R1_001.fastq.gz	fastq.gz	7	read1	29	CP_R2_gRNA	BONO_0089	CRISPR Guide Capture	msk_pooledseq_polyIII	february-2018-3M	NXT	TRU	true	355682838	87ad949efae16a9f4027e486202db90e	present
Cardiac	MSK	2cbf283e-6379-4a24-9f38-8f3db74170f8	/MSK_Perturbseq06_Cardiac_20260902/	CP_R2_gRNA_IGO_17967_4_S39_L007_R2_001.fastq.gz	CP_R2_gRNA_IGO_17967_4_S39_L007_R2_001.fastq.gz	fastq.gz	7	read2	89	CP_R2_gRNA	BONO_0089	CRISPR Guide Capture	msk_pooledseq_polyIII	february-2018-3M	NXT	TRU	true	464860333	b4a96fbd4011c59802a4c6dace7b2539	present
Cardiac	MSK	2cbf283e-6379-4a24-9f38-8f3db74170f8	/MSK_Perturbseq06_Cardiac_20260902/	CP_R2_gRNA_IGO_17967_4_S39_L008_I1_001.fastq.gz	CP_R2_gRNA_IGO_17967_4_S39_L008_I1_001.fastq.gz	fastq.gz	8	index1	10	CP_R2_gRNA	BONO_0089	CRISPR Guide Capture	msk_pooledseq_polyIII	february-2018-3M	NXT	TRU	true	113911435	c57090ba773eb982662c7c95ecb0c937	present
Cardiac	MSK	2cbf283e-6379-4a24-9f38-8f3db74170f8	/MSK_Perturbseq06_Cardiac_20260902/	CP_R2_gRNA_IGO_17967_4_S39_L008_I2_001.fastq.gz	CP_R2_gRNA_IGO_17967_4_S39_L008_I2_001.fastq.gz	fastq.gz	8	index2	10	CP_R2_gRNA	BONO_0089	CRISPR Guide Capture	msk_pooledseq_polyIII	february-2018-3M	NXT	TRU	true	119971215	07dd0873a7bcee314768500dc69e54eb	present
Cardiac	MSK	2cbf283e-6379-4a24-9f38-8f3db74170f8	/MSK_Perturbseq06_Cardiac_20260902/	CP_R2_gRNA_IGO_17967_4_S39_L008_R1_001.fastq.gz	CP_R2_gRNA_IGO_17967_4_S39_L008_R1_001.fastq.gz	fastq.gz	8	read1	29	CP_R2_gRNA	BONO_0089	CRISPR Guide Capture	msk_pooledseq_polyIII	february-2018-3M	NXT	TRU	true	347454001	f44fc0b8c7d8216f9f7621fe4792d326	present
Cardiac	MSK	2cbf283e-6379-4a24-9f38-8f3db74170f8	/MSK_Perturbseq06_Cardiac_20260902/	CP_R2_gRNA_IGO_17967_4_S39_L008_R2_001.fastq.gz	CP_R2_gRNA_IGO_17967_4_S39_L008_R2_001.fastq.gz	fastq.gz	8	read2	89	CP_R2_gRNA	BONO_0089	CRISPR Guide Capture	msk_pooledseq_polyIII	february-2018-3M	NXT	TRU	true	451525393	368730e4f2566ad0031ada42a41db683	present
Cardiac	MSK	2cbf283e-6379-4a24-9f38-8f3db74170f8	/MSK_Perturbseq06_Cardiac_20260902/	CP_R2_gRNA_IGO_17967_B_3_S14_L008_I1_001.fastq.gz	CP_R2_gRNA_IGO_17967_B_3_S14_L008_I1_001.fastq.gz	fastq.gz	8	index1	10	CP_R2_gRNA	FAUCI2_0120	CRISPR Guide Capture	msk_pooledseq_polyIII	february-2018-3M	NXT	TRU	true	800818429	9feb5f13382cbcb93d8af4d599060ae8	present
Cardiac	MSK	2cbf283e-6379-4a24-9f38-8f3db74170f8	/MSK_Perturbseq06_Cardiac_20260902/	CP_R2_gRNA_IGO_17967_B_3_S14_L008_I2_001.fastq.gz	CP_R2_gRNA_IGO_17967_B_3_S14_L008_I2_001.fastq.gz	fastq.gz	8	index2	10	CP_R2_gRNA	FAUCI2_0120	CRISPR Guide Capture	msk_pooledseq_polyIII	february-2018-3M	NXT	TRU	true	805982101	3dee04d23552133f2bd4efe031a068c2	present
Cardiac	MSK	2cbf283e-6379-4a24-9f38-8f3db74170f8	/MSK_Perturbseq06_Cardiac_20260902/	CP_R2_gRNA_IGO_17967_B_3_S14_L008_R1_001.fastq.gz	CP_R2_gRNA_IGO_17967_B_3_S14_L008_R1_001.fastq.gz	fastq.gz	8	read1	29	CP_R2_gRNA	FAUCI2_0120	CRISPR Guide Capture	msk_pooledseq_polyIII	february-2018-3M	NXT	TRU	true	2684044415	85fba40aac1d92baeb222ca8d68372df	present
Cardiac	MSK	2cbf283e-6379-4a24-9f38-8f3db74170f8	/MSK_Perturbseq06_Cardiac_20260902/	CP_R2_gRNA_IGO_17967_B_3_S14_L008_R2_001.fastq.gz	CP_R2_gRNA_IGO_17967_B_3_S14_L008_R2_001.fastq.gz	fastq.gz	8	read2	89	CP_R2_gRNA	FAUCI2_0120	CRISPR Guide Capture	msk_pooledseq_polyIII	february-2018-3M	NXT	TRU	true	3720410066	62d2df4fd5ae7537b3e8c33e3f34cbbf	present
Cardiac	MSK	2cbf283e-6379-4a24-9f38-8f3db74170f8	/MSK_Perturbseq06_Cardiac_20260902/	CP_R2_mRNA_IGO_17967_2_S11_L001_I1_001.fastq.gz	CP_R2_mRNA_IGO_17967_2_S11_L001_I1_001.fastq.gz	fastq.gz	1	index1	10	CP_R2_mRNA	BONO_0089	Gene Expression	msk_pooledseq_transcriptome	february-2018-3M	TRU	TRU	true	57856567	4a61f6267eae2cfe2901c211261f389a	present
Cardiac	MSK	2cbf283e-6379-4a24-9f38-8f3db74170f8	/MSK_Perturbseq06_Cardiac_20260902/	CP_R2_mRNA_IGO_17967_2_S11_L001_I2_001.fastq.gz	CP_R2_mRNA_IGO_17967_2_S11_L001_I2_001.fastq.gz	fastq.gz	1	index2	10	CP_R2_mRNA	BONO_0089	Gene Expression	msk_pooledseq_transcriptome	february-2018-3M	TRU	TRU	true	58490150	861146369ee211624082ed9de77c0ae1	present
Cardiac	MSK	2cbf283e-6379-4a24-9f38-8f3db74170f8	/MSK_Perturbseq06_Cardiac_20260902/	CP_R2_mRNA_IGO_17967_2_S11_L001_R1_001.fastq.gz	CP_R2_mRNA_IGO_17967_2_S11_L001_R1_001.fastq.gz	fastq.gz	1	read1	29	CP_R2_mRNA	BONO_0089	Gene Expression	msk_pooledseq_transcriptome	february-2018-3M	TRU	TRU	true	174811257	060dbf0315cfb4f550bc81d5a626aa6b	present
Cardiac	MSK	2cbf283e-6379-4a24-9f38-8f3db74170f8	/MSK_Perturbseq06_Cardiac_20260902/	CP_R2_mRNA_IGO_17967_2_S11_L001_R2_001.fastq.gz	CP_R2_mRNA_IGO_17967_2_S11_L001_R2_001.fastq.gz	fastq.gz	1	read2	89	CP_R2_mRNA	BONO_0089	Gene Expression	msk_pooledseq_transcriptome	february-2018-3M	TRU	TRU	true	329825133	bf8c4cfbb77d134ec8eed418dd8b59a7	present
Cardiac	MSK	2cbf283e-6379-4a24-9f38-8f3db74170f8	/MSK_Perturbseq06_Cardiac_20260902/	CP_R2_mRNA_IGO_17967_2_S11_L002_I1_001.fastq.gz	CP_R2_mRNA_IGO_17967_2_S11_L002_I1_001.fastq.gz	fastq.gz	2	index1	10	CP_R2_mRNA	BONO_0089	Gene Expression	msk_pooledseq_transcriptome	february-2018-3M	TRU	TRU	true	59122351	c95e29f67a6c8b7cfde4f79c9d585a2e	present
Cardiac	MSK	2cbf283e-6379-4a24-9f38-8f3db74170f8	/MSK_Perturbseq06_Cardiac_20260902/	CP_R2_mRNA_IGO_17967_2_S11_L002_I2_001.fastq.gz	CP_R2_mRNA_IGO_17967_2_S11_L002_I2_001.fastq.gz	fastq.gz	2	index2	10	CP_R2_mRNA	BONO_0089	Gene Expression	msk_pooledseq_transcriptome	february-2018-3M	TRU	TRU	true	59731135	fb65b68785c5e642487a90045de85a22	present
Cardiac	MSK	2cbf283e-6379-4a24-9f38-8f3db74170f8	/MSK_Perturbseq06_Cardiac_20260902/	CP_R2_mRNA_IGO_17967_2_S11_L002_R1_001.fastq.gz	CP_R2_mRNA_IGO_17967_2_S11_L002_R1_001.fastq.gz	fastq.gz	2	read1	29	CP_R2_mRNA	BONO_0089	Gene Expression	msk_pooledseq_transcriptome	february-2018-3M	TRU	TRU	true	179760248	9eab56a0d20e19140e8965cfc5601b54	present
Cardiac	MSK	2cbf283e-6379-4a24-9f38-8f3db74170f8	/MSK_Perturbseq06_Cardiac_20260902/	CP_R2_mRNA_IGO_17967_2_S11_L002_R2_001.fastq.gz	CP_R2_mRNA_IGO_17967_2_S11_L002_R2_001.fastq.gz	fastq.gz	2	read2	89	CP_R2_mRNA	BONO_0089	Gene Expression	msk_pooledseq_transcriptome	february-2018-3M	TRU	TRU	true	341674760	e0e2e1e2dd7e2c70dd3e9df8a6e67f67	present
Cardiac	MSK	2cbf283e-6379-4a24-9f38-8f3db74170f8	/MSK_Perturbseq06_Cardiac_20260902/	CP_R2_mRNA_IGO_17967_2_S11_L003_I1_001.fastq.gz	CP_R2_mRNA_IGO_17967_2_S11_L003_I1_001.fastq.gz	fastq.gz	3	index1	10	CP_R2_mRNA	BONO_0089	Gene Expression	msk_pooledseq_transcriptome	february-2018-3M	TRU	TRU	true	58892622	ec5fb64f29c4c19422750a597187d918	present
Cardiac	MSK	2cbf283e-6379-4a24-9f38-8f3db74170f8	/MSK_Perturbseq06_Cardiac_20260902/	CP_R2_mRNA_IGO_17967_2_S11_L003_I2_001.fastq.gz	CP_R2_mRNA_IGO_17967_2_S11_L003_I2_001.fastq.gz	fastq.gz	3	index2	10	CP_R2_mRNA	BONO_0089	Gene Expression	msk_pooledseq_transcriptome	february-2018-3M	TRU	TRU	true	59657925	12ac423f33c5468e2eeb3724de67ae8c	present
Cardiac	MSK	2cbf283e-6379-4a24-9f38-8f3db74170f8	/MSK_Perturbseq06_Cardiac_20260902/	CP_R2_mRNA_IGO_17967_2_S11_L003_R1_001.fastq.gz	CP_R2_mRNA_IGO_17967_2_S11_L003_R1_001.fastq.gz	fastq.gz	3	read1	29	CP_R2_mRNA	BONO_0089	Gene Expression	msk_pooledseq_transcriptome	february-2018-3M	TRU	TRU	true	177261056	700643b989295255f0f51e8b153af623	present
Cardiac	MSK	2cbf283e-6379-4a24-9f38-8f3db74170f8	/MSK_Perturbseq06_Cardiac_20260902/	CP_R2_mRNA_IGO_17967_2_S11_L003_R2_001.fastq.gz	CP_R2_mRNA_IGO_17967_2_S11_L003_R2_001.fastq.gz	fastq.gz	3	read2	89	CP_R2_mRNA	BONO_0089	Gene Expression	msk_pooledseq_transcriptome	february-2018-3M	TRU	TRU	true	334799487	cdb027d48353394e593800b188991712	present
Cardiac	MSK	2cbf283e-6379-4a24-9f38-8f3db74170f8	/MSK_Perturbseq06_Cardiac_20260902/	CP_R2_mRNA_IGO_17967_2_S11_L004_I1_001.fastq.gz	CP_R2_mRNA_IGO_17967_2_S11_L004_I1_001.fastq.gz	fastq.gz	4	index1	10	CP_R2_mRNA	BONO_0089	Gene Expression	msk_pooledseq_transcriptome	february-2018-3M	TRU	TRU	true	60152040	eb0a0de6896ec59a83c197ecb5da0c2e	present
Cardiac	MSK	2cbf283e-6379-4a24-9f38-8f3db74170f8	/MSK_Perturbseq06_Cardiac_20260902/	CP_R2_mRNA_IGO_17967_2_S11_L004_I2_001.fastq.gz	CP_R2_mRNA_IGO_17967_2_S11_L004_I2_001.fastq.gz	fastq.gz	4	index2	10	CP_R2_mRNA	BONO_0089	Gene Expression	msk_pooledseq_transcriptome	february-2018-3M	TRU	TRU	true	60768968	ddc6a49805e3dbc37b76c5a1bc0fbcf9	present
Cardiac	MSK	2cbf283e-6379-4a24-9f38-8f3db74170f8	/MSK_Perturbseq06_Cardiac_20260902/	CP_R2_mRNA_IGO_17967_2_S11_L004_R1_001.fastq.gz	CP_R2_mRNA_IGO_17967_2_S11_L004_R1_001.fastq.gz	fastq.gz	4	read1	29	CP_R2_mRNA	BONO_0089	Gene Expression	msk_pooledseq_transcriptome	february-2018-3M	TRU	TRU	true	181640510	24a961cabe0e722dbb22431e2e38dd62	present
Cardiac	MSK	2cbf283e-6379-4a24-9f38-8f3db74170f8	/MSK_Perturbseq06_Cardiac_20260902/	CP_R2_mRNA_IGO_17967_2_S11_L004_R2_001.fastq.gz	CP_R2_mRNA_IGO_17967_2_S11_L004_R2_001.fastq.gz	fastq.gz	4	read2	89	CP_R2_mRNA	BONO_0089	Gene Expression	msk_pooledseq_transcriptome	february-2018-3M	TRU	TRU	true	343271586	51d7d44744e54004b8e5a8937029f7ee	present
Cardiac	MSK	2cbf283e-6379-4a24-9f38-8f3db74170f8	/MSK_Perturbseq06_Cardiac_20260902/	CP_R2_mRNA_IGO_17967_2_S3_L001_I1_001.fastq.gz	CP_R2_mRNA_IGO_17967_2_S3_L001_I1_001.fastq.gz	fastq.gz	1	index1	10	CP_R2_mRNA	BONO_0091	Gene Expression	msk_pooledseq_transcriptome	february-2018-3M	TRU	TRU	true	18050263	c92dffad02ebdd278fe13673eb644efd	present
Cardiac	MSK	2cbf283e-6379-4a24-9f38-8f3db74170f8	/MSK_Perturbseq06_Cardiac_20260902/	CP_R2_mRNA_IGO_17967_2_S3_L001_I2_001.fastq.gz	CP_R2_mRNA_IGO_17967_2_S3_L001_I2_001.fastq.gz	fastq.gz	1	index2	10	CP_R2_mRNA	BONO_0091	Gene Expression	msk_pooledseq_transcriptome	february-2018-3M	TRU	TRU	true	16919247	999541f68fee813625d02c619b376c62	present
Cardiac	MSK	2cbf283e-6379-4a24-9f38-8f3db74170f8	/MSK_Perturbseq06_Cardiac_20260902/	CP_R2_mRNA_IGO_17967_2_S3_L001_R1_001.fastq.gz	CP_R2_mRNA_IGO_17967_2_S3_L001_R1_001.fastq.gz	fastq.gz	1	read1	29	CP_R2_mRNA	BONO_0091	Gene Expression	msk_pooledseq_transcriptome	february-2018-3M	TRU	TRU	true	50881863	6d773e7af07643a9195ead1e2256685c	present
Cardiac	MSK	2cbf283e-6379-4a24-9f38-8f3db74170f8	/MSK_Perturbseq06_Cardiac_20260902/	CP_R2_mRNA_IGO_17967_2_S3_L001_R2_001.fastq.gz	CP_R2_mRNA_IGO_17967_2_S3_L001_R2_001.fastq.gz	fastq.gz	1	read2	89	CP_R2_mRNA	BONO_0091	Gene Expression	msk_pooledseq_transcriptome	february-2018-3M	TRU	TRU	true	97611043	31e57cd1080343cdca960ad96cf94b47	present
Cardiac	MSK	2cbf283e-6379-4a24-9f38-8f3db74170f8	/MSK_Perturbseq06_Cardiac_20260902/	CP_R2_mRNA_IGO_17967_2_S3_L002_I1_001.fastq.gz	CP_R2_mRNA_IGO_17967_2_S3_L002_I1_001.fastq.gz	fastq.gz	2	index1	10	CP_R2_mRNA	BONO_0091	Gene Expression	msk_pooledseq_transcriptome	february-2018-3M	TRU	TRU	true	17954620	3daa9ef27cd987fca78f47bd83ce0829	present
Cardiac	MSK	2cbf283e-6379-4a24-9f38-8f3db74170f8	/MSK_Perturbseq06_Cardiac_20260902/	CP_R2_mRNA_IGO_17967_2_S3_L002_I2_001.fastq.gz	CP_R2_mRNA_IGO_17967_2_S3_L002_I2_001.fastq.gz	fastq.gz	2	index2	10	CP_R2_mRNA	BONO_0091	Gene Expression	msk_pooledseq_transcriptome	february-2018-3M	TRU	TRU	true	16704974	fcddda5fbee00ff91eaa3ce545c8c4b1	present
Cardiac	MSK	2cbf283e-6379-4a24-9f38-8f3db74170f8	/MSK_Perturbseq06_Cardiac_20260902/	CP_R2_mRNA_IGO_17967_2_S3_L002_R1_001.fastq.gz	CP_R2_mRNA_IGO_17967_2_S3_L002_R1_001.fastq.gz	fastq.gz	2	read1	29	CP_R2_mRNA	BONO_0091	Gene Expression	msk_pooledseq_transcriptome	february-2018-3M	TRU	TRU	true	49989476	966f8d02319bc3c1ef84be8f4322ffb6	present
Cardiac	MSK	2cbf283e-6379-4a24-9f38-8f3db74170f8	/MSK_Perturbseq06_Cardiac_20260902/	CP_R2_mRNA_IGO_17967_2_S3_L002_R2_001.fastq.gz	CP_R2_mRNA_IGO_17967_2_S3_L002_R2_001.fastq.gz	fastq.gz	2	read2	89	CP_R2_mRNA	BONO_0091	Gene Expression	msk_pooledseq_transcriptome	february-2018-3M	TRU	TRU	true	95814776	08b67f728058ce069d88332bb2ef502b	present
Cardiac	MSK	2cbf283e-6379-4a24-9f38-8f3db74170f8	/MSK_Perturbseq06_Cardiac_20260902/	CP_R2_mRNA_IGO_17967_2_S3_L003_I1_001.fastq.gz	CP_R2_mRNA_IGO_17967_2_S3_L003_I1_001.fastq.gz	fastq.gz	3	index1	10	CP_R2_mRNA	BONO_0091	Gene Expression	msk_pooledseq_transcriptome	february-2018-3M	TRU	TRU	true	18077423	97d2f093ac41a37149cb1fb4ffbc149a	present
Cardiac	MSK	2cbf283e-6379-4a24-9f38-8f3db74170f8	/MSK_Perturbseq06_Cardiac_20260902/	CP_R2_mRNA_IGO_17967_2_S3_L003_I2_001.fastq.gz	CP_R2_mRNA_IGO_17967_2_S3_L003_I2_001.fastq.gz	fastq.gz	3	index2	10	CP_R2_mRNA	BONO_0091	Gene Expression	msk_pooledseq_transcriptome	february-2018-3M	TRU	TRU	true	16646942	b77889890e0c91499dc133351895ab33	present
Cardiac	MSK	2cbf283e-6379-4a24-9f38-8f3db74170f8	/MSK_Perturbseq06_Cardiac_20260902/	CP_R2_mRNA_IGO_17967_2_S3_L003_R1_001.fastq.gz	CP_R2_mRNA_IGO_17967_2_S3_L003_R1_001.fastq.gz	fastq.gz	3	read1	29	CP_R2_mRNA	BONO_0091	Gene Expression	msk_pooledseq_transcriptome	february-2018-3M	TRU	TRU	true	50310535	9bd8087979e71dca20ffcebc0a68c02b	present
Cardiac	MSK	2cbf283e-6379-4a24-9f38-8f3db74170f8	/MSK_Perturbseq06_Cardiac_20260902/	CP_R2_mRNA_IGO_17967_2_S3_L003_R2_001.fastq.gz	CP_R2_mRNA_IGO_17967_2_S3_L003_R2_001.fastq.gz	fastq.gz	3	read2	89	CP_R2_mRNA	BONO_0091	Gene Expression	msk_pooledseq_transcriptome	february-2018-3M	TRU	TRU	true	96206683	3c610bcd35101e75240306ff44664931	present
Cardiac	MSK	2cbf283e-6379-4a24-9f38-8f3db74170f8	/MSK_Perturbseq06_Cardiac_20260902/	CP_R2_mRNA_IGO_17967_2_S3_L004_I1_001.fastq.gz	CP_R2_mRNA_IGO_17967_2_S3_L004_I1_001.fastq.gz	fastq.gz	4	index1	10	CP_R2_mRNA	BONO_0091	Gene Expression	msk_pooledseq_transcriptome	february-2018-3M	TRU	TRU	true	18331094	de6c391809413baba516cb494f70cb7e	present
Cardiac	MSK	2cbf283e-6379-4a24-9f38-8f3db74170f8	/MSK_Perturbseq06_Cardiac_20260902/	CP_R2_mRNA_IGO_17967_2_S3_L004_I2_001.fastq.gz	CP_R2_mRNA_IGO_17967_2_S3_L004_I2_001.fastq.gz	fastq.gz	4	index2	10	CP_R2_mRNA	BONO_0091	Gene Expression	msk_pooledseq_transcriptome	february-2018-3M	TRU	TRU	true	16920905	b881776816455f115a8cc48ccefc9046	present
Cardiac	MSK	2cbf283e-6379-4a24-9f38-8f3db74170f8	/MSK_Perturbseq06_Cardiac_20260902/	CP_R2_mRNA_IGO_17967_2_S3_L004_R1_001.fastq.gz	CP_R2_mRNA_IGO_17967_2_S3_L004_R1_001.fastq.gz	fastq.gz	4	read1	29	CP_R2_mRNA	BONO_0091	Gene Expression	msk_pooledseq_transcriptome	february-2018-3M	TRU	TRU	true	51015594	557f3006e37f333bb218e581080a1c38	present
Cardiac	MSK	2cbf283e-6379-4a24-9f38-8f3db74170f8	/MSK_Perturbseq06_Cardiac_20260902/	CP_R2_mRNA_IGO_17967_2_S3_L004_R2_001.fastq.gz	CP_R2_mRNA_IGO_17967_2_S3_L004_R2_001.fastq.gz	fastq.gz	4	read2	89	CP_R2_mRNA	BONO_0091	Gene Expression	msk_pooledseq_transcriptome	february-2018-3M	TRU	TRU	true	97441264	24b495933fa36bdbc83061932cf5a102	present
Cardiac	MSK	2cbf283e-6379-4a24-9f38-8f3db74170f8	/MSK_Perturbseq06_Cardiac_20260902/	CP_R2_mRNA_IGO_17967_2_S3_L005_I1_001.fastq.gz	CP_R2_mRNA_IGO_17967_2_S3_L005_I1_001.fastq.gz	fastq.gz	5	index1	10	CP_R2_mRNA	BONO_0091	Gene Expression	msk_pooledseq_transcriptome	february-2018-3M	TRU	TRU	true	18527013	40f9adb08a0123ea74067cad2876fe77	present
Cardiac	MSK	2cbf283e-6379-4a24-9f38-8f3db74170f8	/MSK_Perturbseq06_Cardiac_20260902/	CP_R2_mRNA_IGO_17967_2_S3_L005_I2_001.fastq.gz	CP_R2_mRNA_IGO_17967_2_S3_L005_I2_001.fastq.gz	fastq.gz	5	index2	10	CP_R2_mRNA	BONO_0091	Gene Expression	msk_pooledseq_transcriptome	february-2018-3M	TRU	TRU	true	17070745	72c9d48ee4f3cbfe8cb9595c33ca6461	present
Cardiac	MSK	2cbf283e-6379-4a24-9f38-8f3db74170f8	/MSK_Perturbseq06_Cardiac_20260902/	CP_R2_mRNA_IGO_17967_2_S3_L005_R1_001.fastq.gz	CP_R2_mRNA_IGO_17967_2_S3_L005_R1_001.fastq.gz	fastq.gz	5	read1	29	CP_R2_mRNA	BONO_0091	Gene Expression	msk_pooledseq_transcriptome	february-2018-3M	TRU	TRU	true	51647240	c9350a3b176a4c521fe5db67100b4d15	present
Cardiac	MSK	2cbf283e-6379-4a24-9f38-8f3db74170f8	/MSK_Perturbseq06_Cardiac_20260902/	CP_R2_mRNA_IGO_17967_2_S3_L005_R2_001.fastq.gz	CP_R2_mRNA_IGO_17967_2_S3_L005_R2_001.fastq.gz	fastq.gz	5	read2	89	CP_R2_mRNA	BONO_0091	Gene Expression	msk_pooledseq_transcriptome	february-2018-3M	TRU	TRU	true	98663869	2715a8713fad08109504ebe658615661	present
Cardiac	MSK	2cbf283e-6379-4a24-9f38-8f3db74170f8	/MSK_Perturbseq06_Cardiac_20260902/	CP_R2_mRNA_IGO_17967_2_S3_L006_I1_001.fastq.gz	CP_R2_mRNA_IGO_17967_2_S3_L006_I1_001.fastq.gz	fastq.gz	6	index1	10	CP_R2_mRNA	BONO_0091	Gene Expression	msk_pooledseq_transcriptome	february-2018-3M	TRU	TRU	true	18283208	e8de2e69cf4dced6bfb7d46a9b2a7b82	present
Cardiac	MSK	2cbf283e-6379-4a24-9f38-8f3db74170f8	/MSK_Perturbseq06_Cardiac_20260902/	CP_R2_mRNA_IGO_17967_2_S3_L006_I2_001.fastq.gz	CP_R2_mRNA_IGO_17967_2_S3_L006_I2_001.fastq.gz	fastq.gz	6	index2	10	CP_R2_mRNA	BONO_0091	Gene Expression	msk_pooledseq_transcriptome	february-2018-3M	TRU	TRU	true	16789118	155bd627be5af05da0fb0f046a6c70c5	present
Cardiac	MSK	2cbf283e-6379-4a24-9f38-8f3db74170f8	/MSK_Perturbseq06_Cardiac_20260902/	CP_R2_mRNA_IGO_17967_2_S3_L006_R1_001.fastq.gz	CP_R2_mRNA_IGO_17967_2_S3_L006_R1_001.fastq.gz	fastq.gz	6	read1	29	CP_R2_mRNA	BONO_0091	Gene Expression	msk_pooledseq_transcriptome	february-2018-3M	TRU	TRU	true	50845580	f3445b7c699ed28e41dea67f667fb5f4	present
Cardiac	MSK	2cbf283e-6379-4a24-9f38-8f3db74170f8	/MSK_Perturbseq06_Cardiac_20260902/	CP_R2_mRNA_IGO_17967_2_S3_L006_R2_001.fastq.gz	CP_R2_mRNA_IGO_17967_2_S3_L006_R2_001.fastq.gz	fastq.gz	6	read2	89	CP_R2_mRNA	BONO_0091	Gene Expression	msk_pooledseq_transcriptome	february-2018-3M	TRU	TRU	true	97401099	cb2784a8aed78dd7ca9fb81c327e2bec	present
Cardiac	MSK	2cbf283e-6379-4a24-9f38-8f3db74170f8	/MSK_Perturbseq06_Cardiac_20260902/	CP_R2_mRNA_IGO_17967_B_2_S56_L003_I1_001.fastq.gz	CP_R2_mRNA_IGO_17967_B_2_S56_L003_I1_001.fastq.gz	fastq.gz	3	index1	10	CP_R2_mRNA	BONO_0107	Gene Expression	msk_pooledseq_transcriptome	february-2018-3M	TRU	TRU	true	1288446739	d99a02ee8d6c39e9e39f054479d72af6	present
Cardiac	MSK	2cbf283e-6379-4a24-9f38-8f3db74170f8	/MSK_Perturbseq06_Cardiac_20260902/	CP_R2_mRNA_IGO_17967_B_2_S56_L003_I2_001.fastq.gz	CP_R2_mRNA_IGO_17967_B_2_S56_L003_I2_001.fastq.gz	fastq.gz	3	index2	10	CP_R2_mRNA	BONO_0107	Gene Expression	msk_pooledseq_transcriptome	february-2018-3M	TRU	TRU	true	1285217500	dc4de2d20c240a5e6e3aff6b99c5a0c3	present
Cardiac	MSK	2cbf283e-6379-4a24-9f38-8f3db74170f8	/MSK_Perturbseq06_Cardiac_20260902/	CP_R2_mRNA_IGO_17967_B_2_S56_L003_R1_001.fastq.gz	CP_R2_mRNA_IGO_17967_B_2_S56_L003_R1_001.fastq.gz	fastq.gz	3	read1	29	CP_R2_mRNA	BONO_0107	Gene Expression	msk_pooledseq_transcriptome	february-2018-3M	TRU	TRU	true	4594615648	82c049ceca881cf16c55f16b92f09cbc	present
Cardiac	MSK	2cbf283e-6379-4a24-9f38-8f3db74170f8	/MSK_Perturbseq06_Cardiac_20260902/	CP_R2_mRNA_IGO_17967_B_2_S56_L003_R2_001.fastq.gz	CP_R2_mRNA_IGO_17967_B_2_S56_L003_R2_001.fastq.gz	fastq.gz	3	read2	89	CP_R2_mRNA	BONO_0107	Gene Expression	msk_pooledseq_transcriptome	february-2018-3M	TRU	TRU	true	8970612759	780145bd661fa052c8103efe31600f13	present
Cardiac	MSK	2cbf283e-6379-4a24-9f38-8f3db74170f8	/MSK_Perturbseq06_Cardiac_20260902/	CP_R2_mRNA_IGO_17967_B_2_S56_L004_I1_001.fastq.gz	CP_R2_mRNA_IGO_17967_B_2_S56_L004_I1_001.fastq.gz	fastq.gz	4	index1	10	CP_R2_mRNA	BONO_0107	Gene Expression	msk_pooledseq_transcriptome	february-2018-3M	TRU	TRU	true	1308107191	4068bb66a2059f18805817681c7e18cd	present
Cardiac	MSK	2cbf283e-6379-4a24-9f38-8f3db74170f8	/MSK_Perturbseq06_Cardiac_20260902/	CP_R2_mRNA_IGO_17967_B_2_S56_L004_I2_001.fastq.gz	CP_R2_mRNA_IGO_17967_B_2_S56_L004_I2_001.fastq.gz	fastq.gz	4	index2	10	CP_R2_mRNA	BONO_0107	Gene Expression	msk_pooledseq_transcriptome	february-2018-3M	TRU	TRU	true	1298441782	6fc4038fc2ceb05608d1a6c3a58d3948	present
Cardiac	MSK	2cbf283e-6379-4a24-9f38-8f3db74170f8	/MSK_Perturbseq06_Cardiac_20260902/	CP_R2_mRNA_IGO_17967_B_2_S56_L004_R1_001.fastq.gz	CP_R2_mRNA_IGO_17967_B_2_S56_L004_R1_001.fastq.gz	fastq.gz	4	read1	29	CP_R2_mRNA	BONO_0107	Gene Expression	msk_pooledseq_transcriptome	february-2018-3M	TRU	TRU	true	4660844293	757b5b974242cf28d80146dc549a91e8	present
Cardiac	MSK	2cbf283e-6379-4a24-9f38-8f3db74170f8	/MSK_Perturbseq06_Cardiac_20260902/	CP_R2_mRNA_IGO_17967_B_2_S56_L004_R2_001.fastq.gz	CP_R2_mRNA_IGO_17967_B_2_S56_L004_R2_001.fastq.gz	fastq.gz	4	read2	89	CP_R2_mRNA	BONO_0107	Gene Expression	msk_pooledseq_transcriptome	february-2018-3M	TRU	TRU	true	9076249420	04ee0d469a830bca71231bba89a31e44	present
Cardiac	MSK	2cbf283e-6379-4a24-9f38-8f3db74170f8	/MSK_Perturbseq06_Cardiac_20260902/	CP_R2_mRNA_IGO_17967_B_2_S81_L001_I1_001.fastq.gz	CP_R2_mRNA_IGO_17967_B_2_S81_L001_I1_001.fastq.gz	fastq.gz	1	index1	10	CP_R2_mRNA	FAUCI2_0120	Gene Expression	msk_pooledseq_transcriptome	february-2018-3M	TRU	TRU	true	534614720	5f1dd1181a031fd77428cd7c4783e6f8	present
Cardiac	MSK	2cbf283e-6379-4a24-9f38-8f3db74170f8	/MSK_Perturbseq06_Cardiac_20260902/	CP_R2_mRNA_IGO_17967_B_2_S81_L001_I2_001.fastq.gz	CP_R2_mRNA_IGO_17967_B_2_S81_L001_I2_001.fastq.gz	fastq.gz	1	index2	10	CP_R2_mRNA	FAUCI2_0120	Gene Expression	msk_pooledseq_transcriptome	february-2018-3M	TRU	TRU	true	551251020	d90ac23f0e19b7a58470cee322fb4013	present
Cardiac	MSK	2cbf283e-6379-4a24-9f38-8f3db74170f8	/MSK_Perturbseq06_Cardiac_20260902/	CP_R2_mRNA_IGO_17967_B_2_S81_L001_R1_001.fastq.gz	CP_R2_mRNA_IGO_17967_B_2_S81_L001_R1_001.fastq.gz	fastq.gz	1	read1	29	CP_R2_mRNA	FAUCI2_0120	Gene Expression	msk_pooledseq_transcriptome	february-2018-3M	TRU	TRU	true	1790152468	bec1e9a52a43b6ccf77dc27f94941a7a	present
Cardiac	MSK	2cbf283e-6379-4a24-9f38-8f3db74170f8	/MSK_Perturbseq06_Cardiac_20260902/	CP_R2_mRNA_IGO_17967_B_2_S81_L001_R2_001.fastq.gz	CP_R2_mRNA_IGO_17967_B_2_S81_L001_R2_001.fastq.gz	fastq.gz	1	read2	89	CP_R2_mRNA	FAUCI2_0120	Gene Expression	msk_pooledseq_transcriptome	february-2018-3M	TRU	TRU	true	3531530387	8c1a9e47be8cb8d270a4642faf5d7332	present
Cardiac	MSK	2cbf283e-6379-4a24-9f38-8f3db74170f8	/MSK_Perturbseq06_Cardiac_20260902/	CP_R2_mRNA_IGO_17967_B_2_S81_L002_I1_001.fastq.gz	CP_R2_mRNA_IGO_17967_B_2_S81_L002_I1_001.fastq.gz	fastq.gz	2	index1	10	CP_R2_mRNA	FAUCI2_0120	Gene Expression	msk_pooledseq_transcriptome	february-2018-3M	TRU	TRU	true	533921166	9ac7cf405db59168dc8915096841825f	present
Cardiac	MSK	2cbf283e-6379-4a24-9f38-8f3db74170f8	/MSK_Perturbseq06_Cardiac_20260902/	CP_R2_mRNA_IGO_17967_B_2_S81_L002_I2_001.fastq.gz	CP_R2_mRNA_IGO_17967_B_2_S81_L002_I2_001.fastq.gz	fastq.gz	2	index2	10	CP_R2_mRNA	FAUCI2_0120	Gene Expression	msk_pooledseq_transcriptome	february-2018-3M	TRU	TRU	true	553215973	b1e0cea89b66620e08129f7742da0aae	present
Cardiac	MSK	2cbf283e-6379-4a24-9f38-8f3db74170f8	/MSK_Perturbseq06_Cardiac_20260902/	CP_R2_mRNA_IGO_17967_B_2_S81_L002_R1_001.fastq.gz	CP_R2_mRNA_IGO_17967_B_2_S81_L002_R1_001.fastq.gz	fastq.gz	2	read1	29	CP_R2_mRNA	FAUCI2_0120	Gene Expression	msk_pooledseq_transcriptome	february-2018-3M	TRU	TRU	true	1793411105	364b1e0e8a1c88a392fd9ff5bae9d119	present
Cardiac	MSK	2cbf283e-6379-4a24-9f38-8f3db74170f8	/MSK_Perturbseq06_Cardiac_20260902/	CP_R2_mRNA_IGO_17967_B_2_S81_L002_R2_001.fastq.gz	CP_R2_mRNA_IGO_17967_B_2_S81_L002_R2_001.fastq.gz	fastq.gz	2	read2	89	CP_R2_mRNA	FAUCI2_0120	Gene Expression	msk_pooledseq_transcriptome	february-2018-3M	TRU	TRU	true	3531661355	b41c206392727ad6bc66fb13c48ee11d	present
Cardiac	MSK	2cbf283e-6379-4a24-9f38-8f3db74170f8	/MSK_Perturbseq06_Cardiac_20260902/	CP_R2_mRNA_IGO_17967_B_2_S81_L003_I1_001.fastq.gz	CP_R2_mRNA_IGO_17967_B_2_S81_L003_I1_001.fastq.gz	fastq.gz	3	index1	10	CP_R2_mRNA	FAUCI2_0120	Gene Expression	msk_pooledseq_transcriptome	february-2018-3M	TRU	TRU	true	529127245	262ee0318e6ef7070168c8271ea5f56e	present
Cardiac	MSK	2cbf283e-6379-4a24-9f38-8f3db74170f8	/MSK_Perturbseq06_Cardiac_20260902/	CP_R2_mRNA_IGO_17967_B_2_S81_L003_I2_001.fastq.gz	CP_R2_mRNA_IGO_17967_B_2_S81_L003_I2_001.fastq.gz	fastq.gz	3	index2	10	CP_R2_mRNA	FAUCI2_0120	Gene Expression	msk_pooledseq_transcriptome	february-2018-3M	TRU	TRU	true	546292388	59196185258223db471928913efc6c8e	present
Cardiac	MSK	2cbf283e-6379-4a24-9f38-8f3db74170f8	/MSK_Perturbseq06_Cardiac_20260902/	CP_R2_mRNA_IGO_17967_B_2_S81_L003_R1_001.fastq.gz	CP_R2_mRNA_IGO_17967_B_2_S81_L003_R1_001.fastq.gz	fastq.gz	3	read1	29	CP_R2_mRNA	FAUCI2_0120	Gene Expression	msk_pooledseq_transcriptome	february-2018-3M	TRU	TRU	true	1775178192	edbba549600a1ffa933a3f15a4995b0a	present
Cardiac	MSK	2cbf283e-6379-4a24-9f38-8f3db74170f8	/MSK_Perturbseq06_Cardiac_20260902/	CP_R2_mRNA_IGO_17967_B_2_S81_L003_R2_001.fastq.gz	CP_R2_mRNA_IGO_17967_B_2_S81_L003_R2_001.fastq.gz	fastq.gz	3	read2	89	CP_R2_mRNA	FAUCI2_0120	Gene Expression	msk_pooledseq_transcriptome	february-2018-3M	TRU	TRU	true	3505212897	6a709daf529a8a418cc2c38b70287fe1	present
Cardiac	MSK	2cbf283e-6379-4a24-9f38-8f3db74170f8	/MSK_Perturbseq06_Cardiac_20260902/	CP_R2_mRNA_IGO_17967_B_2_S81_L004_I1_001.fastq.gz	CP_R2_mRNA_IGO_17967_B_2_S81_L004_I1_001.fastq.gz	fastq.gz	4	index1	10	CP_R2_mRNA	FAUCI2_0120	Gene Expression	msk_pooledseq_transcriptome	february-2018-3M	TRU	TRU	true	550504165	63ce9a3b835102e1465c4f0a4083f3b9	present
Cardiac	MSK	2cbf283e-6379-4a24-9f38-8f3db74170f8	/MSK_Perturbseq06_Cardiac_20260902/	CP_R2_mRNA_IGO_17967_B_2_S81_L004_I2_001.fastq.gz	CP_R2_mRNA_IGO_17967_B_2_S81_L004_I2_001.fastq.gz	fastq.gz	4	index2	10	CP_R2_mRNA	FAUCI2_0120	Gene Expression	msk_pooledseq_transcriptome	february-2018-3M	TRU	TRU	true	567729191	c165484960f883b786fd95bf49e22945	present
Cardiac	MSK	2cbf283e-6379-4a24-9f38-8f3db74170f8	/MSK_Perturbseq06_Cardiac_20260902/	CP_R2_mRNA_IGO_17967_B_2_S81_L004_R1_001.fastq.gz	CP_R2_mRNA_IGO_17967_B_2_S81_L004_R1_001.fastq.gz	fastq.gz	4	read1	29	CP_R2_mRNA	FAUCI2_0120	Gene Expression	msk_pooledseq_transcriptome	february-2018-3M	TRU	TRU	true	1852406430	81c2b16063e15661ab1e339c72195cca	present
Cardiac	MSK	2cbf283e-6379-4a24-9f38-8f3db74170f8	/MSK_Perturbseq06_Cardiac_20260902/	CP_R2_mRNA_IGO_17967_B_2_S81_L004_R2_001.fastq.gz	CP_R2_mRNA_IGO_17967_B_2_S81_L004_R2_001.fastq.gz	fastq.gz	4	read2	89	CP_R2_mRNA	FAUCI2_0120	Gene Expression	msk_pooledseq_transcriptome	february-2018-3M	TRU	TRU	true	3636896490	dab330b354e31e8e6150ec02ef4b52ed	present
Cardiac	MSK	2cbf283e-6379-4a24-9f38-8f3db74170f8	/MSK_Perturbseq06_Cardiac_20260902/	CP_R2_mRNA_IGO_18593_4_S52_L007_I1_001.fastq.gz	CP_R2_mRNA_IGO_18593_4_S52_L007_I1_001.fastq.gz	fastq.gz	7	index1	10	CP_R2_mRNA	FAUCI2_0169	Gene Expression	msk_pooledseq_transcriptome	february-2018-3M	TRU	TRU	false			missing
Cardiac	MSK	2cbf283e-6379-4a24-9f38-8f3db74170f8	/MSK_Perturbseq06_Cardiac_20260902/	CP_R2_mRNA_IGO_18593_4_S52_L007_I2_001.fastq.gz	CP_R2_mRNA_IGO_18593_4_S52_L007_I2_001.fastq.gz	fastq.gz	7	index2	10	CP_R2_mRNA	FAUCI2_0169	Gene Expression	msk_pooledseq_transcriptome	february-2018-3M	TRU	TRU	false			missing
Cardiac	MSK	2cbf283e-6379-4a24-9f38-8f3db74170f8	/MSK_Perturbseq06_Cardiac_20260902/	CP_R2_mRNA_IGO_18593_4_S52_L007_R1_001.fastq.gz	CP_R2_mRNA_IGO_18593_4_S52_L007_R1_001.fastq.gz	fastq.gz	7	read1	29	CP_R2_mRNA	FAUCI2_0169	Gene Expression	msk_pooledseq_transcriptome	february-2018-3M	TRU	TRU	false			missing
Cardiac	MSK	2cbf283e-6379-4a24-9f38-8f3db74170f8	/MSK_Perturbseq06_Cardiac_20260902/	CP_R2_mRNA_IGO_18593_4_S52_L007_R2_001.fastq.gz	CP_R2_mRNA_IGO_18593_4_S52_L007_R2_001.fastq.gz	fastq.gz	7	read2	89	CP_R2_mRNA	FAUCI2_0169	Gene Expression	msk_pooledseq_transcriptome	february-2018-3M	TRU	TRU	false			missing
Cardiac	MSK	2cbf283e-6379-4a24-9f38-8f3db74170f8	/MSK_Perturbseq06_Cardiac_20260902/	CP_R2_mRNA_IGO_18593_4_S52_L008_I1_001.fastq.gz	CP_R2_mRNA_IGO_18593_4_S52_L008_I1_001.fastq.gz	fastq.gz	8	index1	10	CP_R2_mRNA	FAUCI2_0169	Gene Expression	msk_pooledseq_transcriptome	february-2018-3M	TRU	TRU	false			missing
Cardiac	MSK	2cbf283e-6379-4a24-9f38-8f3db74170f8	/MSK_Perturbseq06_Cardiac_20260902/	CP_R2_mRNA_IGO_18593_4_S52_L008_I2_001.fastq.gz	CP_R2_mRNA_IGO_18593_4_S52_L008_I2_001.fastq.gz	fastq.gz	8	index2	10	CP_R2_mRNA	FAUCI2_0169	Gene Expression	msk_pooledseq_transcriptome	february-2018-3M	TRU	TRU	false			missing
Cardiac	MSK	2cbf283e-6379-4a24-9f38-8f3db74170f8	/MSK_Perturbseq06_Cardiac_20260902/	CP_R2_mRNA_IGO_18593_4_S52_L008_R1_001.fastq.gz	CP_R2_mRNA_IGO_18593_4_S52_L008_R1_001.fastq.gz	fastq.gz	8	read1	29	CP_R2_mRNA	FAUCI2_0169	Gene Expression	msk_pooledseq_transcriptome	february-2018-3M	TRU	TRU	false			missing
Cardiac	MSK	2cbf283e-6379-4a24-9f38-8f3db74170f8	/MSK_Perturbseq06_Cardiac_20260902/	CP_R2_mRNA_IGO_18593_4_S52_L008_R2_001.fastq.gz	CP_R2_mRNA_IGO_18593_4_S52_L008_R2_001.fastq.gz	fastq.gz	8	read2	89	CP_R2_mRNA	FAUCI2_0169	Gene Expression	msk_pooledseq_transcriptome	february-2018-3M	TRU	TRU	false			missing
Cardiac	MSK	2cbf283e-6379-4a24-9f38-8f3db74170f8	/MSK_Perturbseq06_Cardiac_20260902/	CP_R2_mRNA_IGO_18593_4_S2_L001_I1_001.fastq.gz	CP_R2_mRNA_IGO_18593_4_S2_L001_I1_001.fastq.gz	fastq.gz	1	index1	10	CP_R2_mRNA	FAUCI2_0176	Gene Expression	msk_pooledseq_transcriptome	february-2018-3M	TRU	TRU	false			missing
Cardiac	MSK	2cbf283e-6379-4a24-9f38-8f3db74170f8	/MSK_Perturbseq06_Cardiac_20260902/	CP_R2_mRNA_IGO_18593_4_S2_L001_I2_001.fastq.gz	CP_R2_mRNA_IGO_18593_4_S2_L001_I2_001.fastq.gz	fastq.gz	1	index2	10	CP_R2_mRNA	FAUCI2_0176	Gene Expression	msk_pooledseq_transcriptome	february-2018-3M	TRU	TRU	false			missing
Cardiac	MSK	2cbf283e-6379-4a24-9f38-8f3db74170f8	/MSK_Perturbseq06_Cardiac_20260902/	CP_R2_mRNA_IGO_18593_4_S2_L001_R1_001.fastq.gz	CP_R2_mRNA_IGO_18593_4_S2_L001_R1_001.fastq.gz	fastq.gz	1	read1	29	CP_R2_mRNA	FAUCI2_0176	Gene Expression	msk_pooledseq_transcriptome	february-2018-3M	TRU	TRU	false			missing
Cardiac	MSK	2cbf283e-6379-4a24-9f38-8f3db74170f8	/MSK_Perturbseq06_Cardiac_20260902/	CP_R2_mRNA_IGO_18593_4_S2_L001_R2_001.fastq.gz	CP_R2_mRNA_IGO_18593_4_S2_L001_R2_001.fastq.gz	fastq.gz	1	read2	89	CP_R2_mRNA	FAUCI2_0176	Gene Expression	msk_pooledseq_transcriptome	february-2018-3M	TRU	TRU	false			missing
Cardiac	MSK	2cbf283e-6379-4a24-9f38-8f3db74170f8	/MSK_Perturbseq06_Cardiac_20260902/	CP_R2_mRNA_IGO_18593_4_S2_L002_I1_001.fastq.gz	CP_R2_mRNA_IGO_18593_4_S2_L002_I1_001.fastq.gz	fastq.gz	2	index1	10	CP_R2_mRNA	FAUCI2_0176	Gene Expression	msk_pooledseq_transcriptome	february-2018-3M	TRU	TRU	false			missing
Cardiac	MSK	2cbf283e-6379-4a24-9f38-8f3db74170f8	/MSK_Perturbseq06_Cardiac_20260902/	CP_R2_mRNA_IGO_18593_4_S2_L002_I2_001.fastq.gz	CP_R2_mRNA_IGO_18593_4_S2_L002_I2_001.fastq.gz	fastq.gz	2	index2	10	CP_R2_mRNA	FAUCI2_0176	Gene Expression	msk_pooledseq_transcriptome	february-2018-3M	TRU	TRU	false			missing
Cardiac	MSK	2cbf283e-6379-4a24-9f38-8f3db74170f8	/MSK_Perturbseq06_Cardiac_20260902/	CP_R2_mRNA_IGO_18593_4_S2_L002_R1_001.fastq.gz	CP_R2_mRNA_IGO_18593_4_S2_L002_R1_001.fastq.gz	fastq.gz	2	read1	29	CP_R2_mRNA	FAUCI2_0176	Gene Expression	msk_pooledseq_transcriptome	february-2018-3M	TRU	TRU	false			missing
Cardiac	MSK	2cbf283e-6379-4a24-9f38-8f3db74170f8	/MSK_Perturbseq06_Cardiac_20260902/	CP_R2_mRNA_IGO_18593_4_S2_L002_R2_001.fastq.gz	CP_R2_mRNA_IGO_18593_4_S2_L002_R2_001.fastq.gz	fastq.gz	2	read2	89	CP_R2_mRNA	FAUCI2_0176	Gene Expression	msk_pooledseq_transcriptome	february-2018-3M	TRU	TRU	false			missing
Cardiac	MSK	2cbf283e-6379-4a24-9f38-8f3db74170f8	/MSK_Perturbseq06_Cardiac_20260902/	CP_R2_mRNA_IGO_18593_4_S2_L003_I1_001.fastq.gz	CP_R2_mRNA_IGO_18593_4_S2_L003_I1_001.fastq.gz	fastq.gz	3	index1	10	CP_R2_mRNA	FAUCI2_0176	Gene Expression	msk_pooledseq_transcriptome	february-2018-3M	TRU	TRU	false			missing
Cardiac	MSK	2cbf283e-6379-4a24-9f38-8f3db74170f8	/MSK_Perturbseq06_Cardiac_20260902/	CP_R2_mRNA_IGO_18593_4_S2_L003_I2_001.fastq.gz	CP_R2_mRNA_IGO_18593_4_S2_L003_I2_001.fastq.gz	fastq.gz	3	index2	10	CP_R2_mRNA	FAUCI2_0176	Gene Expression	msk_pooledseq_transcriptome	february-2018-3M	TRU	TRU	false			missing
Cardiac	MSK	2cbf283e-6379-4a24-9f38-8f3db74170f8	/MSK_Perturbseq06_Cardiac_20260902/	CP_R2_mRNA_IGO_18593_4_S2_L003_R1_001.fastq.gz	CP_R2_mRNA_IGO_18593_4_S2_L003_R1_001.fastq.gz	fastq.gz	3	read1	29	CP_R2_mRNA	FAUCI2_0176	Gene Expression	msk_pooledseq_transcriptome	february-2018-3M	TRU	TRU	false			missing
Cardiac	MSK	2cbf283e-6379-4a24-9f38-8f3db74170f8	/MSK_Perturbseq06_Cardiac_20260902/	CP_R2_mRNA_IGO_18593_4_S2_L003_R2_001.fastq.gz	CP_R2_mRNA_IGO_18593_4_S2_L003_R2_001.fastq.gz	fastq.gz	3	read2	89	CP_R2_mRNA	FAUCI2_0176	Gene Expression	msk_pooledseq_transcriptome	february-2018-3M	TRU	TRU	false			missing
Cardiac	MSK	2cbf283e-6379-4a24-9f38-8f3db74170f8	/MSK_Perturbseq06_Cardiac_20260902/	CP_R2_mRNA_IGO_18593_4_S2_L004_I1_001.fastq.gz	CP_R2_mRNA_IGO_18593_4_S2_L004_I1_001.fastq.gz	fastq.gz	4	index1	10	CP_R2_mRNA	FAUCI2_0176	Gene Expression	msk_pooledseq_transcriptome	february-2018-3M	TRU	TRU	false			missing
Cardiac	MSK	2cbf283e-6379-4a24-9f38-8f3db74170f8	/MSK_Perturbseq06_Cardiac_20260902/	CP_R2_mRNA_IGO_18593_4_S2_L004_I2_001.fastq.gz	CP_R2_mRNA_IGO_18593_4_S2_L004_I2_001.fastq.gz	fastq.gz	4	index2	10	CP_R2_mRNA	FAUCI2_0176	Gene Expression	msk_pooledseq_transcriptome	february-2018-3M	TRU	TRU	false			missing
Cardiac	MSK	2cbf283e-6379-4a24-9f38-8f3db74170f8	/MSK_Perturbseq06_Cardiac_20260902/	CP_R2_mRNA_IGO_18593_4_S2_L004_R1_001.fastq.gz	CP_R2_mRNA_IGO_18593_4_S2_L004_R1_001.fastq.gz	fastq.gz	4	read1	29	CP_R2_mRNA	FAUCI2_0176	Gene Expression	msk_pooledseq_transcriptome	february-2018-3M	TRU	TRU	false			missing
Cardiac	MSK	2cbf283e-6379-4a24-9f38-8f3db74170f8	/MSK_Perturbseq06_Cardiac_20260902/	CP_R2_mRNA_IGO_18593_4_S2_L004_R2_001.fastq.gz	CP_R2_mRNA_IGO_18593_4_S2_L004_R2_001.fastq.gz	fastq.gz	4	read2	89	CP_R2_mRNA	FAUCI2_0176	Gene Expression	msk_pooledseq_transcriptome	february-2018-3M	TRU	TRU	false			missing
Cardiac	MSK	2cbf283e-6379-4a24-9f38-8f3db74170f8	/MSK_Perturbseq06_Cardiac_20260902/	CP_R2_mRNA_IGO_18593_4_S2_L005_I1_001.fastq.gz	CP_R2_mRNA_IGO_18593_4_S2_L005_I1_001.fastq.gz	fastq.gz	5	index1	10	CP_R2_mRNA	FAUCI2_0176	Gene Expression	msk_pooledseq_transcriptome	february-2018-3M	TRU	TRU	false			missing
Cardiac	MSK	2cbf283e-6379-4a24-9f38-8f3db74170f8	/MSK_Perturbseq06_Cardiac_20260902/	CP_R2_mRNA_IGO_18593_4_S2_L005_I2_001.fastq.gz	CP_R2_mRNA_IGO_18593_4_S2_L005_I2_001.fastq.gz	fastq.gz	5	index2	10	CP_R2_mRNA	FAUCI2_0176	Gene Expression	msk_pooledseq_transcriptome	february-2018-3M	TRU	TRU	false			missing
Cardiac	MSK	2cbf283e-6379-4a24-9f38-8f3db74170f8	/MSK_Perturbseq06_Cardiac_20260902/	CP_R2_mRNA_IGO_18593_4_S2_L005_R1_001.fastq.gz	CP_R2_mRNA_IGO_18593_4_S2_L005_R1_001.fastq.gz	fastq.gz	5	read1	29	CP_R2_mRNA	FAUCI2_0176	Gene Expression	msk_pooledseq_transcriptome	february-2018-3M	TRU	TRU	false			missing
Cardiac	MSK	2cbf283e-6379-4a24-9f38-8f3db74170f8	/MSK_Perturbseq06_Cardiac_20260902/	CP_R2_mRNA_IGO_18593_4_S2_L005_R2_001.fastq.gz	CP_R2_mRNA_IGO_18593_4_S2_L005_R2_001.fastq.gz	fastq.gz	5	read2	89	CP_R2_mRNA	FAUCI2_0176	Gene Expression	msk_pooledseq_transcriptome	february-2018-3M	TRU	TRU	false			missing
Cardiac	MSK	2cbf283e-6379-4a24-9f38-8f3db74170f8	/MSK_Perturbseq06_Cardiac_20260902/	CP_R2_mRNA_IGO_18593_4_S2_L006_I1_001.fastq.gz	CP_R2_mRNA_IGO_18593_4_S2_L006_I1_001.fastq.gz	fastq.gz	6	index1	10	CP_R2_mRNA	FAUCI2_0176	Gene Expression	msk_pooledseq_transcriptome	february-2018-3M	TRU	TRU	false			missing
Cardiac	MSK	2cbf283e-6379-4a24-9f38-8f3db74170f8	/MSK_Perturbseq06_Cardiac_20260902/	CP_R2_mRNA_IGO_18593_4_S2_L006_I2_001.fastq.gz	CP_R2_mRNA_IGO_18593_4_S2_L006_I2_001.fastq.gz	fastq.gz	6	index2	10	CP_R2_mRNA	FAUCI2_0176	Gene Expression	msk_pooledseq_transcriptome	february-2018-3M	TRU	TRU	false			missing
Cardiac	MSK	2cbf283e-6379-4a24-9f38-8f3db74170f8	/MSK_Perturbseq06_Cardiac_20260902/	CP_R2_mRNA_IGO_18593_4_S2_L006_R1_001.fastq.gz	CP_R2_mRNA_IGO_18593_4_S2_L006_R1_001.fastq.gz	fastq.gz	6	read1	29	CP_R2_mRNA	FAUCI2_0176	Gene Expression	msk_pooledseq_transcriptome	february-2018-3M	TRU	TRU	false			missing
Cardiac	MSK	2cbf283e-6379-4a24-9f38-8f3db74170f8	/MSK_Perturbseq06_Cardiac_20260902/	CP_R2_mRNA_IGO_18593_4_S2_L006_R2_001.fastq.gz	CP_R2_mRNA_IGO_18593_4_S2_L006_R2_001.fastq.gz	fastq.gz	6	read2	89	CP_R2_mRNA	FAUCI2_0176	Gene Expression	msk_pooledseq_transcriptome	february-2018-3M	TRU	TRU	false			missing
Cardiac	MSK	2cbf283e-6379-4a24-9f38-8f3db74170f8	/MSK_Perturbseq06_Cardiac_20260902/	CP_R2_mRNA_IGO_18593_4_S2_L007_I1_001.fastq.gz	CP_R2_mRNA_IGO_18593_4_S2_L007_I1_001.fastq.gz	fastq.gz	7	index1	10	CP_R2_mRNA	FAUCI2_0176	Gene Expression	msk_pooledseq_transcriptome	february-2018-3M	TRU	TRU	false			missing
Cardiac	MSK	2cbf283e-6379-4a24-9f38-8f3db74170f8	/MSK_Perturbseq06_Cardiac_20260902/	CP_R2_mRNA_IGO_18593_4_S2_L007_I2_001.fastq.gz	CP_R2_mRNA_IGO_18593_4_S2_L007_I2_001.fastq.gz	fastq.gz	7	index2	10	CP_R2_mRNA	FAUCI2_0176	Gene Expression	msk_pooledseq_transcriptome	february-2018-3M	TRU	TRU	false			missing
Cardiac	MSK	2cbf283e-6379-4a24-9f38-8f3db74170f8	/MSK_Perturbseq06_Cardiac_20260902/	CP_R2_mRNA_IGO_18593_4_S2_L007_R1_001.fastq.gz	CP_R2_mRNA_IGO_18593_4_S2_L007_R1_001.fastq.gz	fastq.gz	7	read1	29	CP_R2_mRNA	FAUCI2_0176	Gene Expression	msk_pooledseq_transcriptome	february-2018-3M	TRU	TRU	false			missing
Cardiac	MSK	2cbf283e-6379-4a24-9f38-8f3db74170f8	/MSK_Perturbseq06_Cardiac_20260902/	CP_R2_mRNA_IGO_18593_4_S2_L007_R2_001.fastq.gz	CP_R2_mRNA_IGO_18593_4_S2_L007_R2_001.fastq.gz	fastq.gz	7	read2	89	CP_R2_mRNA	FAUCI2_0176	Gene Expression	msk_pooledseq_transcriptome	february-2018-3M	TRU	TRU	false			missing
Cardiac	MSK	2cbf283e-6379-4a24-9f38-8f3db74170f8	/MSK_Perturbseq06_Cardiac_20260902/	CP_R2_mRNA_IGO_18593_4_S2_L008_I1_001.fastq.gz	CP_R2_mRNA_IGO_18593_4_S2_L008_I1_001.fastq.gz	fastq.gz	8	index1	10	CP_R2_mRNA	FAUCI2_0176	Gene Expression	msk_pooledseq_transcriptome	february-2018-3M	TRU	TRU	false			missing
Cardiac	MSK	2cbf283e-6379-4a24-9f38-8f3db74170f8	/MSK_Perturbseq06_Cardiac_20260902/	CP_R2_mRNA_IGO_18593_4_S2_L008_I2_001.fastq.gz	CP_R2_mRNA_IGO_18593_4_S2_L008_I2_001.fastq.gz	fastq.gz	8	index2	10	CP_R2_mRNA	FAUCI2_0176	Gene Expression	msk_pooledseq_transcriptome	february-2018-3M	TRU	TRU	false			missing
Cardiac	MSK	2cbf283e-6379-4a24-9f38-8f3db74170f8	/MSK_Perturbseq06_Cardiac_20260902/	CP_R2_mRNA_IGO_18593_4_S2_L008_R1_001.fastq.gz	CP_R2_mRNA_IGO_18593_4_S2_L008_R1_001.fastq.gz	fastq.gz	8	read1	29	CP_R2_mRNA	FAUCI2_0176	Gene Expression	msk_pooledseq_transcriptome	february-2018-3M	TRU	TRU	false			missing
Cardiac	MSK	2cbf283e-6379-4a24-9f38-8f3db74170f8	/MSK_Perturbseq06_Cardiac_20260902/	CP_R2_mRNA_IGO_18593_4_S2_L008_R2_001.fastq.gz	CP_R2_mRNA_IGO_18593_4_S2_L008_R2_001.fastq.gz	fastq.gz	8	read2	89	CP_R2_mRNA	FAUCI2_0176	Gene Expression	msk_pooledseq_transcriptome	february-2018-3M	TRU	TRU	false			missing
