dataset	sample	relative_path	bytes	source	source_mtime_utc	destination
JAX scRNAseq02	EPAS1-Day-5	EPAS1-Day-5/downstream_genefull_velocyto_cellbender/adaptive_qc_threshold.json	1030	/mnt/pikachu/JAX_scRNAseq02_processed/ocm_prod_batch_flex_native_yremove_trace_20260521T034223Z/25E34-L4/samples/EPAS1-Day-5/downstream_genefull_velocyto_cellbender_remote/adaptive_qc_threshold.json	2026-05-22T17:20:19Z	/JAX_scRNAseq02_processed/JAX-scRNAseq02-5-22-26-completion-7-27-26/EPAS1-Day-5/downstream_genefull_velocyto_cellbender/adaptive_qc_threshold.json
JAX scRNAseq02	EPAS1-Day-5	EPAS1-Day-5/downstream_genefull_velocyto_cellbender/cellbender/cellbender_counts.log	35923	/mnt/pikachu/JAX_scRNAseq02_processed/ocm_prod_batch_flex_native_yremove_trace_20260521T034223Z/25E34-L4/samples/EPAS1-Day-5/downstream_genefull_velocyto_cellbender_remote/cellbender/cellbender_counts.log	2026-05-22T17:57:12Z	/JAX_scRNAseq02_processed/JAX-scRNAseq02-5-22-26-completion-7-27-26/EPAS1-Day-5/downstream_genefull_velocyto_cellbender/cellbender/cellbender_counts.log
JAX scRNAseq02	EPAS1-Day-5	EPAS1-Day-5/downstream_genefull_velocyto_cellbender/cellbender/cellbender_counts.pdf	81750	/mnt/pikachu/JAX_scRNAseq02_processed/ocm_prod_batch_flex_native_yremove_trace_20260521T034223Z/25E34-L4/samples/EPAS1-Day-5/downstream_genefull_velocyto_cellbender_remote/cellbender/cellbender_counts.pdf	2026-05-22T17:52:56Z	/JAX_scRNAseq02_processed/JAX-scRNAseq02-5-22-26-completion-7-27-26/EPAS1-Day-5/downstream_genefull_velocyto_cellbender/cellbender/cellbender_counts.pdf
JAX scRNAseq02	EPAS1-Day-5	EPAS1-Day-5/downstream_genefull_velocyto_cellbender/cellbender/cellbender_counts_cell_barcodes.csv	667356	/mnt/pikachu/JAX_scRNAseq02_processed/ocm_prod_batch_flex_native_yremove_trace_20260521T034223Z/25E34-L4/samples/EPAS1-Day-5/downstream_genefull_velocyto_cellbender_remote/cellbender/cellbender_counts_cell_barcodes.csv	2026-05-22T17:52:56Z	/JAX_scRNAseq02_processed/JAX-scRNAseq02-5-22-26-completion-7-27-26/EPAS1-Day-5/downstream_genefull_velocyto_cellbender/cellbender/cellbender_counts_cell_barcodes.csv
JAX scRNAseq02	EPAS1-Day-5	EPAS1-Day-5/downstream_genefull_velocyto_cellbender/cellbender/cellbender_counts_metrics.csv	585	/mnt/pikachu/JAX_scRNAseq02_processed/ocm_prod_batch_flex_native_yremove_trace_20260521T034223Z/25E34-L4/samples/EPAS1-Day-5/downstream_genefull_velocyto_cellbender_remote/cellbender/cellbender_counts_metrics.csv	2026-05-22T17:57:00Z	/JAX_scRNAseq02_processed/JAX-scRNAseq02-5-22-26-completion-7-27-26/EPAS1-Day-5/downstream_genefull_velocyto_cellbender/cellbender/cellbender_counts_metrics.csv
JAX scRNAseq02	EPAS1-Day-5	EPAS1-Day-5/downstream_genefull_velocyto_cellbender/cellbender/cellbender_counts_report.html	1099952	/mnt/pikachu/JAX_scRNAseq02_processed/ocm_prod_batch_flex_native_yremove_trace_20260521T034223Z/25E34-L4/samples/EPAS1-Day-5/downstream_genefull_velocyto_cellbender_remote/cellbender/cellbender_counts_report.html	2026-05-22T17:57:11Z	/JAX_scRNAseq02_processed/JAX-scRNAseq02-5-22-26-completion-7-27-26/EPAS1-Day-5/downstream_genefull_velocyto_cellbender/cellbender/cellbender_counts_report.html
JAX scRNAseq02	EPAS1-Day-5	EPAS1-Day-5/downstream_genefull_velocyto_cellbender/counts.h5ad	757110934	/mnt/pikachu/JAX_scRNAseq02_processed/ocm_prod_batch_flex_native_yremove_trace_20260521T034223Z/25E34-L4/samples/EPAS1-Day-5/downstream_genefull_velocyto_cellbender_remote/counts.h5ad	2026-05-22T17:57:16Z	/JAX_scRNAseq02_processed/JAX-scRNAseq02-5-22-26-completion-7-27-26/EPAS1-Day-5/downstream_genefull_velocyto_cellbender/counts.h5ad
JAX scRNAseq02	EPAS1-Day-5	EPAS1-Day-5/downstream_genefull_velocyto_cellbender/default_singlet_filtered_counts.h5ad	302919054	/mnt/pikachu/JAX_scRNAseq02_processed/ocm_prod_batch_flex_native_yremove_trace_20260521T034223Z/25E34-L4/samples/EPAS1-Day-5/downstream_genefull_velocyto_cellbender_remote/default_singlet_filtered_counts.h5ad	2026-05-22T17:57:25Z	/JAX_scRNAseq02_processed/JAX-scRNAseq02-5-22-26-completion-7-27-26/EPAS1-Day-5/downstream_genefull_velocyto_cellbender/default_singlet_filtered_counts.h5ad
JAX scRNAseq02	EPAS1-Day-5	EPAS1-Day-5/downstream_genefull_velocyto_cellbender/doublet_barcodes.txt	4104	/mnt/pikachu/JAX_scRNAseq02_processed/ocm_prod_batch_flex_native_yremove_trace_20260521T034223Z/25E34-L4/samples/EPAS1-Day-5/downstream_genefull_velocyto_cellbender_remote/doublet_barcodes.txt	2026-05-22T17:19:39Z	/JAX_scRNAseq02_processed/JAX-scRNAseq02-5-22-26-completion-7-27-26/EPAS1-Day-5/downstream_genefull_velocyto_cellbender/doublet_barcodes.txt
JAX scRNAseq02	EPAS1-Day-5	EPAS1-Day-5/downstream_genefull_velocyto_cellbender/filtered_barcodes_with_scores.txt	140106	/mnt/pikachu/JAX_scRNAseq02_processed/ocm_prod_batch_flex_native_yremove_trace_20260521T034223Z/25E34-L4/samples/EPAS1-Day-5/downstream_genefull_velocyto_cellbender_remote/filtered_barcodes_with_scores.txt	2026-05-22T17:19:39Z	/JAX_scRNAseq02_processed/JAX-scRNAseq02-5-22-26-completion-7-27-26/EPAS1-Day-5/downstream_genefull_velocyto_cellbender/filtered_barcodes_with_scores.txt
JAX scRNAseq02	EPAS1-Day-5	EPAS1-Day-5/downstream_genefull_velocyto_cellbender/filtered_counts.h5ad	340341614	/mnt/pikachu/JAX_scRNAseq02_processed/ocm_prod_batch_flex_native_yremove_trace_20260521T034223Z/25E34-L4/samples/EPAS1-Day-5/downstream_genefull_velocyto_cellbender_remote/filtered_counts.h5ad	2026-05-22T17:57:23Z	/JAX_scRNAseq02_processed/JAX-scRNAseq02-5-22-26-completion-7-27-26/EPAS1-Day-5/downstream_genefull_velocyto_cellbender/filtered_counts.h5ad
JAX scRNAseq02	EPAS1-Day-5	EPAS1-Day-5/downstream_genefull_velocyto_cellbender/final_counts.h5ad	801365014	/mnt/pikachu/JAX_scRNAseq02_processed/ocm_prod_batch_flex_native_yremove_trace_20260521T034223Z/25E34-L4/samples/EPAS1-Day-5/downstream_genefull_velocyto_cellbender_remote/final_counts.h5ad	2026-05-22T17:57:27Z	/JAX_scRNAseq02_processed/JAX-scRNAseq02-5-22-26-completion-7-27-26/EPAS1-Day-5/downstream_genefull_velocyto_cellbender/final_counts.h5ad
JAX scRNAseq02	EPAS1-Day-5	EPAS1-Day-5/downstream_genefull_velocyto_cellbender/gene_quantile_histogram.html	3669454	/mnt/pikachu/JAX_scRNAseq02_processed/ocm_prod_batch_flex_native_yremove_trace_20260521T034223Z/25E34-L4/samples/EPAS1-Day-5/downstream_genefull_velocyto_cellbender_remote/gene_quantile_histogram.html	2026-05-22T17:20:21Z	/JAX_scRNAseq02_processed/JAX-scRNAseq02-5-22-26-completion-7-27-26/EPAS1-Day-5/downstream_genefull_velocyto_cellbender/gene_quantile_histogram.html
JAX scRNAseq02	EPAS1-Day-5	EPAS1-Day-5/downstream_genefull_velocyto_cellbender/gene_quantile_histogram.png	203062	/mnt/pikachu/JAX_scRNAseq02_processed/ocm_prod_batch_flex_native_yremove_trace_20260521T034223Z/25E34-L4/samples/EPAS1-Day-5/downstream_genefull_velocyto_cellbender_remote/gene_quantile_histogram.png	2026-05-22T17:20:22Z	/JAX_scRNAseq02_processed/JAX-scRNAseq02-5-22-26-completion-7-27-26/EPAS1-Day-5/downstream_genefull_velocyto_cellbender/gene_quantile_histogram.png
JAX scRNAseq02	EPAS1-Day-5	EPAS1-Day-5/downstream_genefull_velocyto_cellbender/non_empty_barcodes.txt	57855	/mnt/pikachu/JAX_scRNAseq02_processed/ocm_prod_batch_flex_native_yremove_trace_20260521T034223Z/25E34-L4/samples/EPAS1-Day-5/downstream_genefull_velocyto_cellbender_remote/non_empty_barcodes.txt	2026-05-22T17:19:29Z	/JAX_scRNAseq02_processed/JAX-scRNAseq02-5-22-26-completion-7-27-26/EPAS1-Day-5/downstream_genefull_velocyto_cellbender/non_empty_barcodes.txt
JAX scRNAseq02	EPAS1-Day-5	EPAS1-Day-5/downstream_genefull_velocyto_cellbender/summary.txt	13342	/mnt/pikachu/JAX_scRNAseq02_processed/ocm_prod_batch_flex_native_yremove_trace_20260521T034223Z/25E34-L4/samples/EPAS1-Day-5/downstream_genefull_velocyto_cellbender_remote/summary.txt	2026-05-22T17:57:29Z	/JAX_scRNAseq02_processed/JAX-scRNAseq02-5-22-26-completion-7-27-26/EPAS1-Day-5/downstream_genefull_velocyto_cellbender/summary.txt
JAX scRNAseq02	EPAS1-Day-5	EPAS1-Day-5/downstream_genefull_velocyto_cellbender/unfiltered_counts.h5ad	801365014	/mnt/pikachu/JAX_scRNAseq02_processed/ocm_prod_batch_flex_native_yremove_trace_20260521T034223Z/25E34-L4/samples/EPAS1-Day-5/downstream_genefull_velocyto_cellbender_remote/unfiltered_counts.h5ad	2026-05-22T17:57:21Z	/JAX_scRNAseq02_processed/JAX-scRNAseq02-5-22-26-completion-7-27-26/EPAS1-Day-5/downstream_genefull_velocyto_cellbender/unfiltered_counts.h5ad
JAX scRNAseq02	ISL1-Day-5	ISL1-Day-5/downstream_genefull_velocyto_cellbender/adaptive_qc_threshold.json	1027	/mnt/pikachu/JAX_scRNAseq02_processed/ocm_prod_batch_flex_native_yremove_trace_20260521T034223Z/25E34-L4/samples/ISL1-Day-5/downstream_genefull_velocyto_cellbender_remote/adaptive_qc_threshold.json	2026-05-22T16:45:58Z	/JAX_scRNAseq02_processed/JAX-scRNAseq02-5-22-26-completion-7-27-26/ISL1-Day-5/downstream_genefull_velocyto_cellbender/adaptive_qc_threshold.json
JAX scRNAseq02	ISL1-Day-5	ISL1-Day-5/downstream_genefull_velocyto_cellbender/cellbender/cellbender_counts.log	33502	/mnt/pikachu/JAX_scRNAseq02_processed/ocm_prod_batch_flex_native_yremove_trace_20260521T034223Z/25E34-L4/samples/ISL1-Day-5/downstream_genefull_velocyto_cellbender_remote/cellbender/cellbender_counts.log	2026-05-22T17:17:55Z	/JAX_scRNAseq02_processed/JAX-scRNAseq02-5-22-26-completion-7-27-26/ISL1-Day-5/downstream_genefull_velocyto_cellbender/cellbender/cellbender_counts.log
JAX scRNAseq02	ISL1-Day-5	ISL1-Day-5/downstream_genefull_velocyto_cellbender/cellbender/cellbender_counts.pdf	61595	/mnt/pikachu/JAX_scRNAseq02_processed/ocm_prod_batch_flex_native_yremove_trace_20260521T034223Z/25E34-L4/samples/ISL1-Day-5/downstream_genefull_velocyto_cellbender_remote/cellbender/cellbender_counts.pdf	2026-05-22T17:12:11Z	/JAX_scRNAseq02_processed/JAX-scRNAseq02-5-22-26-completion-7-27-26/ISL1-Day-5/downstream_genefull_velocyto_cellbender/cellbender/cellbender_counts.pdf
JAX scRNAseq02	ISL1-Day-5	ISL1-Day-5/downstream_genefull_velocyto_cellbender/cellbender/cellbender_counts_cell_barcodes.csv	575586	/mnt/pikachu/JAX_scRNAseq02_processed/ocm_prod_batch_flex_native_yremove_trace_20260521T034223Z/25E34-L4/samples/ISL1-Day-5/downstream_genefull_velocyto_cellbender_remote/cellbender/cellbender_counts_cell_barcodes.csv	2026-05-22T17:12:11Z	/JAX_scRNAseq02_processed/JAX-scRNAseq02-5-22-26-completion-7-27-26/ISL1-Day-5/downstream_genefull_velocyto_cellbender/cellbender/cellbender_counts_cell_barcodes.csv
JAX scRNAseq02	ISL1-Day-5	ISL1-Day-5/downstream_genefull_velocyto_cellbender/cellbender/cellbender_counts_metrics.csv	585	/mnt/pikachu/JAX_scRNAseq02_processed/ocm_prod_batch_flex_native_yremove_trace_20260521T034223Z/25E34-L4/samples/ISL1-Day-5/downstream_genefull_velocyto_cellbender_remote/cellbender/cellbender_counts_metrics.csv	2026-05-22T17:17:42Z	/JAX_scRNAseq02_processed/JAX-scRNAseq02-5-22-26-completion-7-27-26/ISL1-Day-5/downstream_genefull_velocyto_cellbender/cellbender/cellbender_counts_metrics.csv
JAX scRNAseq02	ISL1-Day-5	ISL1-Day-5/downstream_genefull_velocyto_cellbender/cellbender/cellbender_counts_report.html	1093323	/mnt/pikachu/JAX_scRNAseq02_processed/ocm_prod_batch_flex_native_yremove_trace_20260521T034223Z/25E34-L4/samples/ISL1-Day-5/downstream_genefull_velocyto_cellbender_remote/cellbender/cellbender_counts_report.html	2026-05-22T17:17:55Z	/JAX_scRNAseq02_processed/JAX-scRNAseq02-5-22-26-completion-7-27-26/ISL1-Day-5/downstream_genefull_velocyto_cellbender/cellbender/cellbender_counts_report.html
JAX scRNAseq02	ISL1-Day-5	ISL1-Day-5/downstream_genefull_velocyto_cellbender/counts.h5ad	974426038	/mnt/pikachu/JAX_scRNAseq02_processed/ocm_prod_batch_flex_native_yremove_trace_20260521T034223Z/25E34-L4/samples/ISL1-Day-5/downstream_genefull_velocyto_cellbender_remote/counts.h5ad	2026-05-22T17:18:00Z	/JAX_scRNAseq02_processed/JAX-scRNAseq02-5-22-26-completion-7-27-26/ISL1-Day-5/downstream_genefull_velocyto_cellbender/counts.h5ad
JAX scRNAseq02	ISL1-Day-5	ISL1-Day-5/downstream_genefull_velocyto_cellbender/default_singlet_filtered_counts.h5ad	147340362	/mnt/pikachu/JAX_scRNAseq02_processed/ocm_prod_batch_flex_native_yremove_trace_20260521T034223Z/25E34-L4/samples/ISL1-Day-5/downstream_genefull_velocyto_cellbender_remote/default_singlet_filtered_counts.h5ad	2026-05-22T17:18:10Z	/JAX_scRNAseq02_processed/JAX-scRNAseq02-5-22-26-completion-7-27-26/ISL1-Day-5/downstream_genefull_velocyto_cellbender/default_singlet_filtered_counts.h5ad
JAX scRNAseq02	ISL1-Day-5	ISL1-Day-5/downstream_genefull_velocyto_cellbender/doublet_barcodes.txt	24073	/mnt/pikachu/JAX_scRNAseq02_processed/ocm_prod_batch_flex_native_yremove_trace_20260521T034223Z/25E34-L4/samples/ISL1-Day-5/downstream_genefull_velocyto_cellbender_remote/doublet_barcodes.txt	2026-05-22T16:43:41Z	/JAX_scRNAseq02_processed/JAX-scRNAseq02-5-22-26-completion-7-27-26/ISL1-Day-5/downstream_genefull_velocyto_cellbender/doublet_barcodes.txt
JAX scRNAseq02	ISL1-Day-5	ISL1-Day-5/downstream_genefull_velocyto_cellbender/filtered_barcodes_with_scores.txt	511306	/mnt/pikachu/JAX_scRNAseq02_processed/ocm_prod_batch_flex_native_yremove_trace_20260521T034223Z/25E34-L4/samples/ISL1-Day-5/downstream_genefull_velocyto_cellbender_remote/filtered_barcodes_with_scores.txt	2026-05-22T16:43:41Z	/JAX_scRNAseq02_processed/JAX-scRNAseq02-5-22-26-completion-7-27-26/ISL1-Day-5/downstream_genefull_velocyto_cellbender/filtered_barcodes_with_scores.txt
JAX scRNAseq02	ISL1-Day-5	ISL1-Day-5/downstream_genefull_velocyto_cellbender/filtered_counts.h5ad	147340362	/mnt/pikachu/JAX_scRNAseq02_processed/ocm_prod_batch_flex_native_yremove_trace_20260521T034223Z/25E34-L4/samples/ISL1-Day-5/downstream_genefull_velocyto_cellbender_remote/filtered_counts.h5ad	2026-05-22T17:18:07Z	/JAX_scRNAseq02_processed/JAX-scRNAseq02-5-22-26-completion-7-27-26/ISL1-Day-5/downstream_genefull_velocyto_cellbender/filtered_counts.h5ad
JAX scRNAseq02	ISL1-Day-5	ISL1-Day-5/downstream_genefull_velocyto_cellbender/final_counts.h5ad	1018680118	/mnt/pikachu/JAX_scRNAseq02_processed/ocm_prod_batch_flex_native_yremove_trace_20260521T034223Z/25E34-L4/samples/ISL1-Day-5/downstream_genefull_velocyto_cellbender_remote/final_counts.h5ad	2026-05-22T17:18:11Z	/JAX_scRNAseq02_processed/JAX-scRNAseq02-5-22-26-completion-7-27-26/ISL1-Day-5/downstream_genefull_velocyto_cellbender/final_counts.h5ad
JAX scRNAseq02	ISL1-Day-5	ISL1-Day-5/downstream_genefull_velocyto_cellbender/gene_quantile_histogram.html	3722190	/mnt/pikachu/JAX_scRNAseq02_processed/ocm_prod_batch_flex_native_yremove_trace_20260521T034223Z/25E34-L4/samples/ISL1-Day-5/downstream_genefull_velocyto_cellbender_remote/gene_quantile_histogram.html	2026-05-22T16:46:00Z	/JAX_scRNAseq02_processed/JAX-scRNAseq02-5-22-26-completion-7-27-26/ISL1-Day-5/downstream_genefull_velocyto_cellbender/gene_quantile_histogram.html
JAX scRNAseq02	ISL1-Day-5	ISL1-Day-5/downstream_genefull_velocyto_cellbender/gene_quantile_histogram.png	185986	/mnt/pikachu/JAX_scRNAseq02_processed/ocm_prod_batch_flex_native_yremove_trace_20260521T034223Z/25E34-L4/samples/ISL1-Day-5/downstream_genefull_velocyto_cellbender_remote/gene_quantile_histogram.png	2026-05-22T16:46:01Z	/JAX_scRNAseq02_processed/JAX-scRNAseq02-5-22-26-completion-7-27-26/ISL1-Day-5/downstream_genefull_velocyto_cellbender/gene_quantile_histogram.png
JAX scRNAseq02	ISL1-Day-5	ISL1-Day-5/downstream_genefull_velocyto_cellbender/non_empty_barcodes.txt	206720	/mnt/pikachu/JAX_scRNAseq02_processed/ocm_prod_batch_flex_native_yremove_trace_20260521T034223Z/25E34-L4/samples/ISL1-Day-5/downstream_genefull_velocyto_cellbender_remote/non_empty_barcodes.txt	2026-05-22T16:42:50Z	/JAX_scRNAseq02_processed/JAX-scRNAseq02-5-22-26-completion-7-27-26/ISL1-Day-5/downstream_genefull_velocyto_cellbender/non_empty_barcodes.txt
JAX scRNAseq02	ISL1-Day-5	ISL1-Day-5/downstream_genefull_velocyto_cellbender/summary.txt	11459	/mnt/pikachu/JAX_scRNAseq02_processed/ocm_prod_batch_flex_native_yremove_trace_20260521T034223Z/25E34-L4/samples/ISL1-Day-5/downstream_genefull_velocyto_cellbender_remote/summary.txt	2026-05-22T17:18:13Z	/JAX_scRNAseq02_processed/JAX-scRNAseq02-5-22-26-completion-7-27-26/ISL1-Day-5/downstream_genefull_velocyto_cellbender/summary.txt
JAX scRNAseq02	ISL1-Day-5	ISL1-Day-5/downstream_genefull_velocyto_cellbender/unfiltered_counts.h5ad	1018680118	/mnt/pikachu/JAX_scRNAseq02_processed/ocm_prod_batch_flex_native_yremove_trace_20260521T034223Z/25E34-L4/samples/ISL1-Day-5/downstream_genefull_velocyto_cellbender_remote/unfiltered_counts.h5ad	2026-05-22T17:18:05Z	/JAX_scRNAseq02_processed/JAX-scRNAseq02-5-22-26-completion-7-27-26/ISL1-Day-5/downstream_genefull_velocyto_cellbender/unfiltered_counts.h5ad
JAX scRNAseq02	WT-ExM-Day-5	WT-ExM-Day-5/downstream_genefull_velocyto_cellbender/adaptive_qc_threshold.json	1030	/mnt/pikachu/JAX_scRNAseq02_processed/ocm_prod_batch_flex_native_yremove_trace_20260521T034223Z/25E34-L4/samples/WT-ExM-Day-5/downstream_genefull_velocyto_cellbender_remote/adaptive_qc_threshold.json	2026-05-22T18:44:21Z	/JAX_scRNAseq02_processed/JAX-scRNAseq02-5-22-26-completion-7-27-26/WT-ExM-Day-5/downstream_genefull_velocyto_cellbender/adaptive_qc_threshold.json
JAX scRNAseq02	WT-ExM-Day-5	WT-ExM-Day-5/downstream_genefull_velocyto_cellbender/cellbender/cellbender_counts.log	35484	/mnt/pikachu/JAX_scRNAseq02_processed/ocm_prod_batch_flex_native_yremove_trace_20260521T034223Z/25E34-L4/samples/WT-ExM-Day-5/downstream_genefull_velocyto_cellbender_remote/cellbender/cellbender_counts.log	2026-05-22T19:23:31Z	/JAX_scRNAseq02_processed/JAX-scRNAseq02-5-22-26-completion-7-27-26/WT-ExM-Day-5/downstream_genefull_velocyto_cellbender/cellbender/cellbender_counts.log
JAX scRNAseq02	WT-ExM-Day-5	WT-ExM-Day-5/downstream_genefull_velocyto_cellbender/cellbender/cellbender_counts.pdf	78882	/mnt/pikachu/JAX_scRNAseq02_processed/ocm_prod_batch_flex_native_yremove_trace_20260521T034223Z/25E34-L4/samples/WT-ExM-Day-5/downstream_genefull_velocyto_cellbender_remote/cellbender/cellbender_counts.pdf	2026-05-22T19:16:18Z	/JAX_scRNAseq02_processed/JAX-scRNAseq02-5-22-26-completion-7-27-26/WT-ExM-Day-5/downstream_genefull_velocyto_cellbender/cellbender/cellbender_counts.pdf
JAX scRNAseq02	WT-ExM-Day-5	WT-ExM-Day-5/downstream_genefull_velocyto_cellbender/cellbender/cellbender_counts_cell_barcodes.csv	648831	/mnt/pikachu/JAX_scRNAseq02_processed/ocm_prod_batch_flex_native_yremove_trace_20260521T034223Z/25E34-L4/samples/WT-ExM-Day-5/downstream_genefull_velocyto_cellbender_remote/cellbender/cellbender_counts_cell_barcodes.csv	2026-05-22T19:16:18Z	/JAX_scRNAseq02_processed/JAX-scRNAseq02-5-22-26-completion-7-27-26/WT-ExM-Day-5/downstream_genefull_velocyto_cellbender/cellbender/cellbender_counts_cell_barcodes.csv
JAX scRNAseq02	WT-ExM-Day-5	WT-ExM-Day-5/downstream_genefull_velocyto_cellbender/cellbender/cellbender_counts_metrics.csv	585	/mnt/pikachu/JAX_scRNAseq02_processed/ocm_prod_batch_flex_native_yremove_trace_20260521T034223Z/25E34-L4/samples/WT-ExM-Day-5/downstream_genefull_velocyto_cellbender_remote/cellbender/cellbender_counts_metrics.csv	2026-05-22T19:23:17Z	/JAX_scRNAseq02_processed/JAX-scRNAseq02-5-22-26-completion-7-27-26/WT-ExM-Day-5/downstream_genefull_velocyto_cellbender/cellbender/cellbender_counts_metrics.csv
JAX scRNAseq02	WT-ExM-Day-5	WT-ExM-Day-5/downstream_genefull_velocyto_cellbender/cellbender/cellbender_counts_report.html	1109810	/mnt/pikachu/JAX_scRNAseq02_processed/ocm_prod_batch_flex_native_yremove_trace_20260521T034223Z/25E34-L4/samples/WT-ExM-Day-5/downstream_genefull_velocyto_cellbender_remote/cellbender/cellbender_counts_report.html	2026-05-22T19:23:31Z	/JAX_scRNAseq02_processed/JAX-scRNAseq02-5-22-26-completion-7-27-26/WT-ExM-Day-5/downstream_genefull_velocyto_cellbender/cellbender/cellbender_counts_report.html
JAX scRNAseq02	WT-ExM-Day-5	WT-ExM-Day-5/downstream_genefull_velocyto_cellbender/counts.h5ad	1250611126	/mnt/pikachu/JAX_scRNAseq02_processed/ocm_prod_batch_flex_native_yremove_trace_20260521T034223Z/25E34-L4/samples/WT-ExM-Day-5/downstream_genefull_velocyto_cellbender_remote/counts.h5ad	2026-05-22T19:23:37Z	/JAX_scRNAseq02_processed/JAX-scRNAseq02-5-22-26-completion-7-27-26/WT-ExM-Day-5/downstream_genefull_velocyto_cellbender/counts.h5ad
JAX scRNAseq02	WT-ExM-Day-5	WT-ExM-Day-5/downstream_genefull_velocyto_cellbender/default_singlet_filtered_counts.h5ad	135532072	/mnt/pikachu/JAX_scRNAseq02_processed/ocm_prod_batch_flex_native_yremove_trace_20260521T034223Z/25E34-L4/samples/WT-ExM-Day-5/downstream_genefull_velocyto_cellbender_remote/default_singlet_filtered_counts.h5ad	2026-05-22T19:23:48Z	/JAX_scRNAseq02_processed/JAX-scRNAseq02-5-22-26-completion-7-27-26/WT-ExM-Day-5/downstream_genefull_velocyto_cellbender/default_singlet_filtered_counts.h5ad
JAX scRNAseq02	WT-ExM-Day-5	WT-ExM-Day-5/downstream_genefull_velocyto_cellbender/doublet_barcodes.txt	26752	/mnt/pikachu/JAX_scRNAseq02_processed/ocm_prod_batch_flex_native_yremove_trace_20260521T034223Z/25E34-L4/samples/WT-ExM-Day-5/downstream_genefull_velocyto_cellbender_remote/doublet_barcodes.txt	2026-05-22T18:41:50Z	/JAX_scRNAseq02_processed/JAX-scRNAseq02-5-22-26-completion-7-27-26/WT-ExM-Day-5/downstream_genefull_velocyto_cellbender/doublet_barcodes.txt
JAX scRNAseq02	WT-ExM-Day-5	WT-ExM-Day-5/downstream_genefull_velocyto_cellbender/filtered_barcodes_with_scores.txt	584829	/mnt/pikachu/JAX_scRNAseq02_processed/ocm_prod_batch_flex_native_yremove_trace_20260521T034223Z/25E34-L4/samples/WT-ExM-Day-5/downstream_genefull_velocyto_cellbender_remote/filtered_barcodes_with_scores.txt	2026-05-22T18:41:50Z	/JAX_scRNAseq02_processed/JAX-scRNAseq02-5-22-26-completion-7-27-26/WT-ExM-Day-5/downstream_genefull_velocyto_cellbender/filtered_barcodes_with_scores.txt
JAX scRNAseq02	WT-ExM-Day-5	WT-ExM-Day-5/downstream_genefull_velocyto_cellbender/filtered_counts.h5ad	137554840	/mnt/pikachu/JAX_scRNAseq02_processed/ocm_prod_batch_flex_native_yremove_trace_20260521T034223Z/25E34-L4/samples/WT-ExM-Day-5/downstream_genefull_velocyto_cellbender_remote/filtered_counts.h5ad	2026-05-22T19:23:46Z	/JAX_scRNAseq02_processed/JAX-scRNAseq02-5-22-26-completion-7-27-26/WT-ExM-Day-5/downstream_genefull_velocyto_cellbender/filtered_counts.h5ad
JAX scRNAseq02	WT-ExM-Day-5	WT-ExM-Day-5/downstream_genefull_velocyto_cellbender/final_counts.h5ad	1294865206	/mnt/pikachu/JAX_scRNAseq02_processed/ocm_prod_batch_flex_native_yremove_trace_20260521T034223Z/25E34-L4/samples/WT-ExM-Day-5/downstream_genefull_velocyto_cellbender_remote/final_counts.h5ad	2026-05-22T19:23:50Z	/JAX_scRNAseq02_processed/JAX-scRNAseq02-5-22-26-completion-7-27-26/WT-ExM-Day-5/downstream_genefull_velocyto_cellbender/final_counts.h5ad
JAX scRNAseq02	WT-ExM-Day-5	WT-ExM-Day-5/downstream_genefull_velocyto_cellbender/gene_quantile_histogram.html	3725718	/mnt/pikachu/JAX_scRNAseq02_processed/ocm_prod_batch_flex_native_yremove_trace_20260521T034223Z/25E34-L4/samples/WT-ExM-Day-5/downstream_genefull_velocyto_cellbender_remote/gene_quantile_histogram.html	2026-05-22T18:44:22Z	/JAX_scRNAseq02_processed/JAX-scRNAseq02-5-22-26-completion-7-27-26/WT-ExM-Day-5/downstream_genefull_velocyto_cellbender/gene_quantile_histogram.html
JAX scRNAseq02	WT-ExM-Day-5	WT-ExM-Day-5/downstream_genefull_velocyto_cellbender/gene_quantile_histogram.png	184622	/mnt/pikachu/JAX_scRNAseq02_processed/ocm_prod_batch_flex_native_yremove_trace_20260521T034223Z/25E34-L4/samples/WT-ExM-Day-5/downstream_genefull_velocyto_cellbender_remote/gene_quantile_histogram.png	2026-05-22T18:44:23Z	/JAX_scRNAseq02_processed/JAX-scRNAseq02-5-22-26-completion-7-27-26/WT-ExM-Day-5/downstream_genefull_velocyto_cellbender/gene_quantile_histogram.png
JAX scRNAseq02	WT-ExM-Day-5	WT-ExM-Day-5/downstream_genefull_velocyto_cellbender/non_empty_barcodes.txt	237386	/mnt/pikachu/JAX_scRNAseq02_processed/ocm_prod_batch_flex_native_yremove_trace_20260521T034223Z/25E34-L4/samples/WT-ExM-Day-5/downstream_genefull_velocyto_cellbender_remote/non_empty_barcodes.txt	2026-05-22T18:40:47Z	/JAX_scRNAseq02_processed/JAX-scRNAseq02-5-22-26-completion-7-27-26/WT-ExM-Day-5/downstream_genefull_velocyto_cellbender/non_empty_barcodes.txt
JAX scRNAseq02	WT-ExM-Day-5	WT-ExM-Day-5/downstream_genefull_velocyto_cellbender/summary.txt	11636	/mnt/pikachu/JAX_scRNAseq02_processed/ocm_prod_batch_flex_native_yremove_trace_20260521T034223Z/25E34-L4/samples/WT-ExM-Day-5/downstream_genefull_velocyto_cellbender_remote/summary.txt	2026-05-22T19:23:52Z	/JAX_scRNAseq02_processed/JAX-scRNAseq02-5-22-26-completion-7-27-26/WT-ExM-Day-5/downstream_genefull_velocyto_cellbender/summary.txt
JAX scRNAseq02	WT-ExM-Day-5	WT-ExM-Day-5/downstream_genefull_velocyto_cellbender/unfiltered_counts.h5ad	1294865206	/mnt/pikachu/JAX_scRNAseq02_processed/ocm_prod_batch_flex_native_yremove_trace_20260521T034223Z/25E34-L4/samples/WT-ExM-Day-5/downstream_genefull_velocyto_cellbender_remote/unfiltered_counts.h5ad	2026-05-22T19:23:43Z	/JAX_scRNAseq02_processed/JAX-scRNAseq02-5-22-26-completion-7-27-26/WT-ExM-Day-5/downstream_genefull_velocyto_cellbender/unfiltered_counts.h5ad
JAX scRNAseq02	WT-PrS-3pct-Day-5	WT-PrS-3pct-Day-5/downstream_genefull_velocyto_cellbender/adaptive_qc_threshold.json	1035	/mnt/pikachu/JAX_scRNAseq02_processed/ocm_prod_batch_flex_native_yremove_trace_20260521T034223Z/25E34-L4/samples/WT-PrS-3pct-Day-5/downstream_genefull_velocyto_cellbender_remote/adaptive_qc_threshold.json	2026-05-22T17:59:58Z	/JAX_scRNAseq02_processed/JAX-scRNAseq02-5-22-26-completion-7-27-26/WT-PrS-3pct-Day-5/downstream_genefull_velocyto_cellbender/adaptive_qc_threshold.json
JAX scRNAseq02	WT-PrS-3pct-Day-5	WT-PrS-3pct-Day-5/downstream_genefull_velocyto_cellbender/cellbender/cellbender_counts.log	37438	/mnt/pikachu/JAX_scRNAseq02_processed/ocm_prod_batch_flex_native_yremove_trace_20260521T034223Z/25E34-L4/samples/WT-PrS-3pct-Day-5/downstream_genefull_velocyto_cellbender_remote/cellbender/cellbender_counts.log	2026-05-22T18:38:58Z	/JAX_scRNAseq02_processed/JAX-scRNAseq02-5-22-26-completion-7-27-26/WT-PrS-3pct-Day-5/downstream_genefull_velocyto_cellbender/cellbender/cellbender_counts.log
JAX scRNAseq02	WT-PrS-3pct-Day-5	WT-PrS-3pct-Day-5/downstream_genefull_velocyto_cellbender/cellbender/cellbender_counts.pdf	63364	/mnt/pikachu/JAX_scRNAseq02_processed/ocm_prod_batch_flex_native_yremove_trace_20260521T034223Z/25E34-L4/samples/WT-PrS-3pct-Day-5/downstream_genefull_velocyto_cellbender_remote/cellbender/cellbender_counts.pdf	2026-05-22T18:33:29Z	/JAX_scRNAseq02_processed/JAX-scRNAseq02-5-22-26-completion-7-27-26/WT-PrS-3pct-Day-5/downstream_genefull_velocyto_cellbender/cellbender/cellbender_counts.pdf
JAX scRNAseq02	WT-PrS-3pct-Day-5	WT-PrS-3pct-Day-5/downstream_genefull_velocyto_cellbender/cellbender/cellbender_counts_cell_barcodes.csv	729353	/mnt/pikachu/JAX_scRNAseq02_processed/ocm_prod_batch_flex_native_yremove_trace_20260521T034223Z/25E34-L4/samples/WT-PrS-3pct-Day-5/downstream_genefull_velocyto_cellbender_remote/cellbender/cellbender_counts_cell_barcodes.csv	2026-05-22T18:33:29Z	/JAX_scRNAseq02_processed/JAX-scRNAseq02-5-22-26-completion-7-27-26/WT-PrS-3pct-Day-5/downstream_genefull_velocyto_cellbender/cellbender/cellbender_counts_cell_barcodes.csv
JAX scRNAseq02	WT-PrS-3pct-Day-5	WT-PrS-3pct-Day-5/downstream_genefull_velocyto_cellbender/cellbender/cellbender_counts_metrics.csv	585	/mnt/pikachu/JAX_scRNAseq02_processed/ocm_prod_batch_flex_native_yremove_trace_20260521T034223Z/25E34-L4/samples/WT-PrS-3pct-Day-5/downstream_genefull_velocyto_cellbender_remote/cellbender/cellbender_counts_metrics.csv	2026-05-22T18:38:45Z	/JAX_scRNAseq02_processed/JAX-scRNAseq02-5-22-26-completion-7-27-26/WT-PrS-3pct-Day-5/downstream_genefull_velocyto_cellbender/cellbender/cellbender_counts_metrics.csv
JAX scRNAseq02	WT-PrS-3pct-Day-5	WT-PrS-3pct-Day-5/downstream_genefull_velocyto_cellbender/cellbender/cellbender_counts_report.html	1020925	/mnt/pikachu/JAX_scRNAseq02_processed/ocm_prod_batch_flex_native_yremove_trace_20260521T034223Z/25E34-L4/samples/WT-PrS-3pct-Day-5/downstream_genefull_velocyto_cellbender_remote/cellbender/cellbender_counts_report.html	2026-05-22T18:38:58Z	/JAX_scRNAseq02_processed/JAX-scRNAseq02-5-22-26-completion-7-27-26/WT-PrS-3pct-Day-5/downstream_genefull_velocyto_cellbender/cellbender/cellbender_counts_report.html
JAX scRNAseq02	WT-PrS-3pct-Day-5	WT-PrS-3pct-Day-5/downstream_genefull_velocyto_cellbender/counts.h5ad	951840694	/mnt/pikachu/JAX_scRNAseq02_processed/ocm_prod_batch_flex_native_yremove_trace_20260521T034223Z/25E34-L4/samples/WT-PrS-3pct-Day-5/downstream_genefull_velocyto_cellbender_remote/counts.h5ad	2026-05-22T18:39:03Z	/JAX_scRNAseq02_processed/JAX-scRNAseq02-5-22-26-completion-7-27-26/WT-PrS-3pct-Day-5/downstream_genefull_velocyto_cellbender/counts.h5ad
JAX scRNAseq02	WT-PrS-3pct-Day-5	WT-PrS-3pct-Day-5/downstream_genefull_velocyto_cellbender/default_singlet_filtered_counts.h5ad	419991308	/mnt/pikachu/JAX_scRNAseq02_processed/ocm_prod_batch_flex_native_yremove_trace_20260521T034223Z/25E34-L4/samples/WT-PrS-3pct-Day-5/downstream_genefull_velocyto_cellbender_remote/default_singlet_filtered_counts.h5ad	2026-05-22T18:39:14Z	/JAX_scRNAseq02_processed/JAX-scRNAseq02-5-22-26-completion-7-27-26/WT-PrS-3pct-Day-5/downstream_genefull_velocyto_cellbender/default_singlet_filtered_counts.h5ad
JAX scRNAseq02	WT-PrS-3pct-Day-5	WT-PrS-3pct-Day-5/downstream_genefull_velocyto_cellbender/doublet_barcodes.txt	6270	/mnt/pikachu/JAX_scRNAseq02_processed/ocm_prod_batch_flex_native_yremove_trace_20260521T034223Z/25E34-L4/samples/WT-PrS-3pct-Day-5/downstream_genefull_velocyto_cellbender_remote/doublet_barcodes.txt	2026-05-22T17:59:05Z	/JAX_scRNAseq02_processed/JAX-scRNAseq02-5-22-26-completion-7-27-26/WT-PrS-3pct-Day-5/downstream_genefull_velocyto_cellbender/doublet_barcodes.txt
JAX scRNAseq02	WT-PrS-3pct-Day-5	WT-PrS-3pct-Day-5/downstream_genefull_velocyto_cellbender/filtered_barcodes_with_scores.txt	188290	/mnt/pikachu/JAX_scRNAseq02_processed/ocm_prod_batch_flex_native_yremove_trace_20260521T034223Z/25E34-L4/samples/WT-PrS-3pct-Day-5/downstream_genefull_velocyto_cellbender_remote/filtered_barcodes_with_scores.txt	2026-05-22T17:59:05Z	/JAX_scRNAseq02_processed/JAX-scRNAseq02-5-22-26-completion-7-27-26/WT-PrS-3pct-Day-5/downstream_genefull_velocyto_cellbender/filtered_barcodes_with_scores.txt
JAX scRNAseq02	WT-PrS-3pct-Day-5	WT-PrS-3pct-Day-5/downstream_genefull_velocyto_cellbender/filtered_counts.h5ad	454492838	/mnt/pikachu/JAX_scRNAseq02_processed/ocm_prod_batch_flex_native_yremove_trace_20260521T034223Z/25E34-L4/samples/WT-PrS-3pct-Day-5/downstream_genefull_velocyto_cellbender_remote/filtered_counts.h5ad	2026-05-22T18:39:11Z	/JAX_scRNAseq02_processed/JAX-scRNAseq02-5-22-26-completion-7-27-26/WT-PrS-3pct-Day-5/downstream_genefull_velocyto_cellbender/filtered_counts.h5ad
JAX scRNAseq02	WT-PrS-3pct-Day-5	WT-PrS-3pct-Day-5/downstream_genefull_velocyto_cellbender/final_counts.h5ad	996094774	/mnt/pikachu/JAX_scRNAseq02_processed/ocm_prod_batch_flex_native_yremove_trace_20260521T034223Z/25E34-L4/samples/WT-PrS-3pct-Day-5/downstream_genefull_velocyto_cellbender_remote/final_counts.h5ad	2026-05-22T18:39:15Z	/JAX_scRNAseq02_processed/JAX-scRNAseq02-5-22-26-completion-7-27-26/WT-PrS-3pct-Day-5/downstream_genefull_velocyto_cellbender/final_counts.h5ad
JAX scRNAseq02	WT-PrS-3pct-Day-5	WT-PrS-3pct-Day-5/downstream_genefull_velocyto_cellbender/gene_quantile_histogram.html	3678934	/mnt/pikachu/JAX_scRNAseq02_processed/ocm_prod_batch_flex_native_yremove_trace_20260521T034223Z/25E34-L4/samples/WT-PrS-3pct-Day-5/downstream_genefull_velocyto_cellbender_remote/gene_quantile_histogram.html	2026-05-22T18:00:00Z	/JAX_scRNAseq02_processed/JAX-scRNAseq02-5-22-26-completion-7-27-26/WT-PrS-3pct-Day-5/downstream_genefull_velocyto_cellbender/gene_quantile_histogram.html
JAX scRNAseq02	WT-PrS-3pct-Day-5	WT-PrS-3pct-Day-5/downstream_genefull_velocyto_cellbender/gene_quantile_histogram.png	198442	/mnt/pikachu/JAX_scRNAseq02_processed/ocm_prod_batch_flex_native_yremove_trace_20260521T034223Z/25E34-L4/samples/WT-PrS-3pct-Day-5/downstream_genefull_velocyto_cellbender_remote/gene_quantile_histogram.png	2026-05-22T18:00:00Z	/JAX_scRNAseq02_processed/JAX-scRNAseq02-5-22-26-completion-7-27-26/WT-PrS-3pct-Day-5/downstream_genefull_velocyto_cellbender/gene_quantile_histogram.png
JAX scRNAseq02	WT-PrS-3pct-Day-5	WT-PrS-3pct-Day-5/downstream_genefull_velocyto_cellbender/non_empty_barcodes.txt	78128	/mnt/pikachu/JAX_scRNAseq02_processed/ocm_prod_batch_flex_native_yremove_trace_20260521T034223Z/25E34-L4/samples/WT-PrS-3pct-Day-5/downstream_genefull_velocyto_cellbender_remote/non_empty_barcodes.txt	2026-05-22T17:58:49Z	/JAX_scRNAseq02_processed/JAX-scRNAseq02-5-22-26-completion-7-27-26/WT-PrS-3pct-Day-5/downstream_genefull_velocyto_cellbender/non_empty_barcodes.txt
JAX scRNAseq02	WT-PrS-3pct-Day-5	WT-PrS-3pct-Day-5/downstream_genefull_velocyto_cellbender/summary.txt	12677	/mnt/pikachu/JAX_scRNAseq02_processed/ocm_prod_batch_flex_native_yremove_trace_20260521T034223Z/25E34-L4/samples/WT-PrS-3pct-Day-5/downstream_genefull_velocyto_cellbender_remote/summary.txt	2026-05-22T18:39:18Z	/JAX_scRNAseq02_processed/JAX-scRNAseq02-5-22-26-completion-7-27-26/WT-PrS-3pct-Day-5/downstream_genefull_velocyto_cellbender/summary.txt
JAX scRNAseq02	WT-PrS-3pct-Day-5	WT-PrS-3pct-Day-5/downstream_genefull_velocyto_cellbender/unfiltered_counts.h5ad	996094774	/mnt/pikachu/JAX_scRNAseq02_processed/ocm_prod_batch_flex_native_yremove_trace_20260521T034223Z/25E34-L4/samples/WT-PrS-3pct-Day-5/downstream_genefull_velocyto_cellbender_remote/unfiltered_counts.h5ad	2026-05-22T18:39:08Z	/JAX_scRNAseq02_processed/JAX-scRNAseq02-5-22-26-completion-7-27-26/WT-PrS-3pct-Day-5/downstream_genefull_velocyto_cellbender/unfiltered_counts.h5ad
JAX scRNAseq02	GCM1-Day-6	GCM1-Day-6/downstream_genefull_velocyto_cellbender/adaptive_qc_threshold.json	1028	/mnt/pikachu/JAX_scRNAseq02_processed/ocm_prod_batch_flex_native_yremove_trace_20260521T034223Z/25E35-L3/samples/GCM1-Day-6/downstream_genefull_velocyto_cellbender_remote/adaptive_qc_threshold.json	2026-05-23T04:06:48Z	/JAX_scRNAseq02_processed/JAX-scRNAseq02-5-22-26-completion-7-27-26/GCM1-Day-6/downstream_genefull_velocyto_cellbender/adaptive_qc_threshold.json
JAX scRNAseq02	GCM1-Day-6	GCM1-Day-6/downstream_genefull_velocyto_cellbender/cellbender/cellbender_counts.log	25737	/mnt/pikachu/JAX_scRNAseq02_processed/ocm_prod_batch_flex_native_yremove_trace_20260521T034223Z/25E35-L3/samples/GCM1-Day-6/downstream_genefull_velocyto_cellbender_remote/cellbender/cellbender_counts.log	2026-05-23T04:27:12Z	/JAX_scRNAseq02_processed/JAX-scRNAseq02-5-22-26-completion-7-27-26/GCM1-Day-6/downstream_genefull_velocyto_cellbender/cellbender/cellbender_counts.log
JAX scRNAseq02	GCM1-Day-6	GCM1-Day-6/downstream_genefull_velocyto_cellbender/cellbender/cellbender_counts.pdf	109148	/mnt/pikachu/JAX_scRNAseq02_processed/ocm_prod_batch_flex_native_yremove_trace_20260521T034223Z/25E35-L3/samples/GCM1-Day-6/downstream_genefull_velocyto_cellbender_remote/cellbender/cellbender_counts.pdf	2026-05-23T04:22:23Z	/JAX_scRNAseq02_processed/JAX-scRNAseq02-5-22-26-completion-7-27-26/GCM1-Day-6/downstream_genefull_velocyto_cellbender/cellbender/cellbender_counts.pdf
JAX scRNAseq02	GCM1-Day-6	GCM1-Day-6/downstream_genefull_velocyto_cellbender/cellbender/cellbender_counts_cell_barcodes.csv	253023	/mnt/pikachu/JAX_scRNAseq02_processed/ocm_prod_batch_flex_native_yremove_trace_20260521T034223Z/25E35-L3/samples/GCM1-Day-6/downstream_genefull_velocyto_cellbender_remote/cellbender/cellbender_counts_cell_barcodes.csv	2026-05-23T04:22:23Z	/JAX_scRNAseq02_processed/JAX-scRNAseq02-5-22-26-completion-7-27-26/GCM1-Day-6/downstream_genefull_velocyto_cellbender/cellbender/cellbender_counts_cell_barcodes.csv
JAX scRNAseq02	GCM1-Day-6	GCM1-Day-6/downstream_genefull_velocyto_cellbender/cellbender/cellbender_counts_metrics.csv	581	/mnt/pikachu/JAX_scRNAseq02_processed/ocm_prod_batch_flex_native_yremove_trace_20260521T034223Z/25E35-L3/samples/GCM1-Day-6/downstream_genefull_velocyto_cellbender_remote/cellbender/cellbender_counts_metrics.csv	2026-05-23T04:27:01Z	/JAX_scRNAseq02_processed/JAX-scRNAseq02-5-22-26-completion-7-27-26/GCM1-Day-6/downstream_genefull_velocyto_cellbender/cellbender/cellbender_counts_metrics.csv
JAX scRNAseq02	GCM1-Day-6	GCM1-Day-6/downstream_genefull_velocyto_cellbender/cellbender/cellbender_counts_report.html	1130677	/mnt/pikachu/JAX_scRNAseq02_processed/ocm_prod_batch_flex_native_yremove_trace_20260521T034223Z/25E35-L3/samples/GCM1-Day-6/downstream_genefull_velocyto_cellbender_remote/cellbender/cellbender_counts_report.html	2026-05-23T04:27:12Z	/JAX_scRNAseq02_processed/JAX-scRNAseq02-5-22-26-completion-7-27-26/GCM1-Day-6/downstream_genefull_velocyto_cellbender/cellbender/cellbender_counts_report.html
JAX scRNAseq02	GCM1-Day-6	GCM1-Day-6/downstream_genefull_velocyto_cellbender/counts.h5ad	705288342	/mnt/pikachu/JAX_scRNAseq02_processed/ocm_prod_batch_flex_native_yremove_trace_20260521T034223Z/25E35-L3/samples/GCM1-Day-6/downstream_genefull_velocyto_cellbender_remote/counts.h5ad	2026-05-23T04:27:17Z	/JAX_scRNAseq02_processed/JAX-scRNAseq02-5-22-26-completion-7-27-26/GCM1-Day-6/downstream_genefull_velocyto_cellbender/counts.h5ad
JAX scRNAseq02	GCM1-Day-6	GCM1-Day-6/downstream_genefull_velocyto_cellbender/default_singlet_filtered_counts.h5ad	384634132	/mnt/pikachu/JAX_scRNAseq02_processed/ocm_prod_batch_flex_native_yremove_trace_20260521T034223Z/25E35-L3/samples/GCM1-Day-6/downstream_genefull_velocyto_cellbender_remote/default_singlet_filtered_counts.h5ad	2026-05-23T04:27:26Z	/JAX_scRNAseq02_processed/JAX-scRNAseq02-5-22-26-completion-7-27-26/GCM1-Day-6/downstream_genefull_velocyto_cellbender/default_singlet_filtered_counts.h5ad
JAX scRNAseq02	GCM1-Day-6	GCM1-Day-6/downstream_genefull_velocyto_cellbender/doublet_barcodes.txt	20995	/mnt/pikachu/JAX_scRNAseq02_processed/ocm_prod_batch_flex_native_yremove_trace_20260521T034223Z/25E35-L3/samples/GCM1-Day-6/downstream_genefull_velocyto_cellbender_remote/doublet_barcodes.txt	2026-05-23T04:04:17Z	/JAX_scRNAseq02_processed/JAX-scRNAseq02-5-22-26-completion-7-27-26/GCM1-Day-6/downstream_genefull_velocyto_cellbender/doublet_barcodes.txt
JAX scRNAseq02	GCM1-Day-6	GCM1-Day-6/downstream_genefull_velocyto_cellbender/filtered_barcodes_with_scores.txt	570157	/mnt/pikachu/JAX_scRNAseq02_processed/ocm_prod_batch_flex_native_yremove_trace_20260521T034223Z/25E35-L3/samples/GCM1-Day-6/downstream_genefull_velocyto_cellbender_remote/filtered_barcodes_with_scores.txt	2026-05-23T04:04:17Z	/JAX_scRNAseq02_processed/JAX-scRNAseq02-5-22-26-completion-7-27-26/GCM1-Day-6/downstream_genefull_velocyto_cellbender/filtered_barcodes_with_scores.txt
JAX scRNAseq02	GCM1-Day-6	GCM1-Day-6/downstream_genefull_velocyto_cellbender/filtered_counts.h5ad	426476954	/mnt/pikachu/JAX_scRNAseq02_processed/ocm_prod_batch_flex_native_yremove_trace_20260521T034223Z/25E35-L3/samples/GCM1-Day-6/downstream_genefull_velocyto_cellbender_remote/filtered_counts.h5ad	2026-05-23T04:27:24Z	/JAX_scRNAseq02_processed/JAX-scRNAseq02-5-22-26-completion-7-27-26/GCM1-Day-6/downstream_genefull_velocyto_cellbender/filtered_counts.h5ad
JAX scRNAseq02	GCM1-Day-6	GCM1-Day-6/downstream_genefull_velocyto_cellbender/final_counts.h5ad	749542422	/mnt/pikachu/JAX_scRNAseq02_processed/ocm_prod_batch_flex_native_yremove_trace_20260521T034223Z/25E35-L3/samples/GCM1-Day-6/downstream_genefull_velocyto_cellbender_remote/final_counts.h5ad	2026-05-23T04:27:27Z	/JAX_scRNAseq02_processed/JAX-scRNAseq02-5-22-26-completion-7-27-26/GCM1-Day-6/downstream_genefull_velocyto_cellbender/final_counts.h5ad
JAX scRNAseq02	GCM1-Day-6	GCM1-Day-6/downstream_genefull_velocyto_cellbender/gene_quantile_histogram.html	3745046	/mnt/pikachu/JAX_scRNAseq02_processed/ocm_prod_batch_flex_native_yremove_trace_20260521T034223Z/25E35-L3/samples/GCM1-Day-6/downstream_genefull_velocyto_cellbender_remote/gene_quantile_histogram.html	2026-05-23T04:06:50Z	/JAX_scRNAseq02_processed/JAX-scRNAseq02-5-22-26-completion-7-27-26/GCM1-Day-6/downstream_genefull_velocyto_cellbender/gene_quantile_histogram.html
JAX scRNAseq02	GCM1-Day-6	GCM1-Day-6/downstream_genefull_velocyto_cellbender/gene_quantile_histogram.png	191440	/mnt/pikachu/JAX_scRNAseq02_processed/ocm_prod_batch_flex_native_yremove_trace_20260521T034223Z/25E35-L3/samples/GCM1-Day-6/downstream_genefull_velocyto_cellbender_remote/gene_quantile_histogram.png	2026-05-23T04:06:51Z	/JAX_scRNAseq02_processed/JAX-scRNAseq02-5-22-26-completion-7-27-26/GCM1-Day-6/downstream_genefull_velocyto_cellbender/gene_quantile_histogram.png
JAX scRNAseq02	GCM1-Day-6	GCM1-Day-6/downstream_genefull_velocyto_cellbender/non_empty_barcodes.txt	233073	/mnt/pikachu/JAX_scRNAseq02_processed/ocm_prod_batch_flex_native_yremove_trace_20260521T034223Z/25E35-L3/samples/GCM1-Day-6/downstream_genefull_velocyto_cellbender_remote/non_empty_barcodes.txt	2026-05-23T04:02:44Z	/JAX_scRNAseq02_processed/JAX-scRNAseq02-5-22-26-completion-7-27-26/GCM1-Day-6/downstream_genefull_velocyto_cellbender/non_empty_barcodes.txt
JAX scRNAseq02	GCM1-Day-6	GCM1-Day-6/downstream_genefull_velocyto_cellbender/summary.txt	14175	/mnt/pikachu/JAX_scRNAseq02_processed/ocm_prod_batch_flex_native_yremove_trace_20260521T034223Z/25E35-L3/samples/GCM1-Day-6/downstream_genefull_velocyto_cellbender_remote/summary.txt	2026-05-23T04:27:30Z	/JAX_scRNAseq02_processed/JAX-scRNAseq02-5-22-26-completion-7-27-26/GCM1-Day-6/downstream_genefull_velocyto_cellbender/summary.txt
JAX scRNAseq02	GCM1-Day-6	GCM1-Day-6/downstream_genefull_velocyto_cellbender/unfiltered_counts.h5ad	749542422	/mnt/pikachu/JAX_scRNAseq02_processed/ocm_prod_batch_flex_native_yremove_trace_20260521T034223Z/25E35-L3/samples/GCM1-Day-6/downstream_genefull_velocyto_cellbender_remote/unfiltered_counts.h5ad	2026-05-23T04:27:21Z	/JAX_scRNAseq02_processed/JAX-scRNAseq02-5-22-26-completion-7-27-26/GCM1-Day-6/downstream_genefull_velocyto_cellbender/unfiltered_counts.h5ad
JAX scRNAseq02	GRHL1-Day-6	GRHL1-Day-6/downstream_genefull_velocyto_cellbender/adaptive_qc_threshold.json	1044	/mnt/pikachu/JAX_scRNAseq02_processed/ocm_prod_batch_flex_native_yremove_trace_20260521T034223Z/25E35-L3/samples/GRHL1-Day-6/downstream_genefull_velocyto_cellbender_remote/adaptive_qc_threshold.json	2026-05-23T04:36:08Z	/JAX_scRNAseq02_processed/JAX-scRNAseq02-5-22-26-completion-7-27-26/GRHL1-Day-6/downstream_genefull_velocyto_cellbender/adaptive_qc_threshold.json
JAX scRNAseq02	GRHL1-Day-6	GRHL1-Day-6/downstream_genefull_velocyto_cellbender/cellbender/cellbender_counts.log	37674	/mnt/pikachu/JAX_scRNAseq02_processed/ocm_prod_batch_flex_native_yremove_trace_20260521T034223Z/25E35-L3/samples/GRHL1-Day-6/downstream_genefull_velocyto_cellbender_remote/cellbender/cellbender_counts.log	2026-05-23T05:14:28Z	/JAX_scRNAseq02_processed/JAX-scRNAseq02-5-22-26-completion-7-27-26/GRHL1-Day-6/downstream_genefull_velocyto_cellbender/cellbender/cellbender_counts.log
JAX scRNAseq02	GRHL1-Day-6	GRHL1-Day-6/downstream_genefull_velocyto_cellbender/cellbender/cellbender_counts.pdf	95364	/mnt/pikachu/JAX_scRNAseq02_processed/ocm_prod_batch_flex_native_yremove_trace_20260521T034223Z/25E35-L3/samples/GRHL1-Day-6/downstream_genefull_velocyto_cellbender_remote/cellbender/cellbender_counts.pdf	2026-05-23T05:05:23Z	/JAX_scRNAseq02_processed/JAX-scRNAseq02-5-22-26-completion-7-27-26/GRHL1-Day-6/downstream_genefull_velocyto_cellbender/cellbender/cellbender_counts.pdf
JAX scRNAseq02	GRHL1-Day-6	GRHL1-Day-6/downstream_genefull_velocyto_cellbender/cellbender/cellbender_counts_cell_barcodes.csv	753141	/mnt/pikachu/JAX_scRNAseq02_processed/ocm_prod_batch_flex_native_yremove_trace_20260521T034223Z/25E35-L3/samples/GRHL1-Day-6/downstream_genefull_velocyto_cellbender_remote/cellbender/cellbender_counts_cell_barcodes.csv	2026-05-23T05:05:23Z	/JAX_scRNAseq02_processed/JAX-scRNAseq02-5-22-26-completion-7-27-26/GRHL1-Day-6/downstream_genefull_velocyto_cellbender/cellbender/cellbender_counts_cell_barcodes.csv
JAX scRNAseq02	GRHL1-Day-6	GRHL1-Day-6/downstream_genefull_velocyto_cellbender/cellbender/cellbender_counts_metrics.csv	585	/mnt/pikachu/JAX_scRNAseq02_processed/ocm_prod_batch_flex_native_yremove_trace_20260521T034223Z/25E35-L3/samples/GRHL1-Day-6/downstream_genefull_velocyto_cellbender_remote/cellbender/cellbender_counts_metrics.csv	2026-05-23T05:14:13Z	/JAX_scRNAseq02_processed/JAX-scRNAseq02-5-22-26-completion-7-27-26/GRHL1-Day-6/downstream_genefull_velocyto_cellbender/cellbender/cellbender_counts_metrics.csv
JAX scRNAseq02	GRHL1-Day-6	GRHL1-Day-6/downstream_genefull_velocyto_cellbender/cellbender/cellbender_counts_report.html	1023737	/mnt/pikachu/JAX_scRNAseq02_processed/ocm_prod_batch_flex_native_yremove_trace_20260521T034223Z/25E35-L3/samples/GRHL1-Day-6/downstream_genefull_velocyto_cellbender_remote/cellbender/cellbender_counts_report.html	2026-05-23T05:14:28Z	/JAX_scRNAseq02_processed/JAX-scRNAseq02-5-22-26-completion-7-27-26/GRHL1-Day-6/downstream_genefull_velocyto_cellbender/cellbender/cellbender_counts_report.html
JAX scRNAseq02	GRHL1-Day-6	GRHL1-Day-6/downstream_genefull_velocyto_cellbender/counts.h5ad	1560605974	/mnt/pikachu/JAX_scRNAseq02_processed/ocm_prod_batch_flex_native_yremove_trace_20260521T034223Z/25E35-L3/samples/GRHL1-Day-6/downstream_genefull_velocyto_cellbender_remote/counts.h5ad	2026-05-23T05:14:35Z	/JAX_scRNAseq02_processed/JAX-scRNAseq02-5-22-26-completion-7-27-26/GRHL1-Day-6/downstream_genefull_velocyto_cellbender/counts.h5ad
JAX scRNAseq02	GRHL1-Day-6	GRHL1-Day-6/downstream_genefull_velocyto_cellbender/default_singlet_filtered_counts.h5ad	861811434	/mnt/pikachu/JAX_scRNAseq02_processed/ocm_prod_batch_flex_native_yremove_trace_20260521T034223Z/25E35-L3/samples/GRHL1-Day-6/downstream_genefull_velocyto_cellbender_remote/default_singlet_filtered_counts.h5ad	2026-05-23T05:14:49Z	/JAX_scRNAseq02_processed/JAX-scRNAseq02-5-22-26-completion-7-27-26/GRHL1-Day-6/downstream_genefull_velocyto_cellbender/default_singlet_filtered_counts.h5ad
JAX scRNAseq02	GRHL1-Day-6	GRHL1-Day-6/downstream_genefull_velocyto_cellbender/doublet_barcodes.txt	38551	/mnt/pikachu/JAX_scRNAseq02_processed/ocm_prod_batch_flex_native_yremove_trace_20260521T034223Z/25E35-L3/samples/GRHL1-Day-6/downstream_genefull_velocyto_cellbender_remote/doublet_barcodes.txt	2026-05-23T04:32:10Z	/JAX_scRNAseq02_processed/JAX-scRNAseq02-5-22-26-completion-7-27-26/GRHL1-Day-6/downstream_genefull_velocyto_cellbender/doublet_barcodes.txt
JAX scRNAseq02	GRHL1-Day-6	GRHL1-Day-6/downstream_genefull_velocyto_cellbender/filtered_barcodes_with_scores.txt	947269	/mnt/pikachu/JAX_scRNAseq02_processed/ocm_prod_batch_flex_native_yremove_trace_20260521T034223Z/25E35-L3/samples/GRHL1-Day-6/downstream_genefull_velocyto_cellbender_remote/filtered_barcodes_with_scores.txt	2026-05-23T04:32:10Z	/JAX_scRNAseq02_processed/JAX-scRNAseq02-5-22-26-completion-7-27-26/GRHL1-Day-6/downstream_genefull_velocyto_cellbender/filtered_barcodes_with_scores.txt
JAX scRNAseq02	GRHL1-Day-6	GRHL1-Day-6/downstream_genefull_velocyto_cellbender/filtered_counts.h5ad	988273212	/mnt/pikachu/JAX_scRNAseq02_processed/ocm_prod_batch_flex_native_yremove_trace_20260521T034223Z/25E35-L3/samples/GRHL1-Day-6/downstream_genefull_velocyto_cellbender_remote/filtered_counts.h5ad	2026-05-23T05:14:45Z	/JAX_scRNAseq02_processed/JAX-scRNAseq02-5-22-26-completion-7-27-26/GRHL1-Day-6/downstream_genefull_velocyto_cellbender/filtered_counts.h5ad
JAX scRNAseq02	GRHL1-Day-6	GRHL1-Day-6/downstream_genefull_velocyto_cellbender/final_counts.h5ad	1604860054	/mnt/pikachu/JAX_scRNAseq02_processed/ocm_prod_batch_flex_native_yremove_trace_20260521T034223Z/25E35-L3/samples/GRHL1-Day-6/downstream_genefull_velocyto_cellbender_remote/final_counts.h5ad	2026-05-23T05:14:51Z	/JAX_scRNAseq02_processed/JAX-scRNAseq02-5-22-26-completion-7-27-26/GRHL1-Day-6/downstream_genefull_velocyto_cellbender/final_counts.h5ad
JAX scRNAseq02	GRHL1-Day-6	GRHL1-Day-6/downstream_genefull_velocyto_cellbender/gene_quantile_histogram.html	3812162	/mnt/pikachu/JAX_scRNAseq02_processed/ocm_prod_batch_flex_native_yremove_trace_20260521T034223Z/25E35-L3/samples/GRHL1-Day-6/downstream_genefull_velocyto_cellbender_remote/gene_quantile_histogram.html	2026-05-23T04:36:10Z	/JAX_scRNAseq02_processed/JAX-scRNAseq02-5-22-26-completion-7-27-26/GRHL1-Day-6/downstream_genefull_velocyto_cellbender/gene_quantile_histogram.html
JAX scRNAseq02	GRHL1-Day-6	GRHL1-Day-6/downstream_genefull_velocyto_cellbender/gene_quantile_histogram.png	209533	/mnt/pikachu/JAX_scRNAseq02_processed/ocm_prod_batch_flex_native_yremove_trace_20260521T034223Z/25E35-L3/samples/GRHL1-Day-6/downstream_genefull_velocyto_cellbender_remote/gene_quantile_histogram.png	2026-05-23T04:36:11Z	/JAX_scRNAseq02_processed/JAX-scRNAseq02-5-22-26-completion-7-27-26/GRHL1-Day-6/downstream_genefull_velocyto_cellbender/gene_quantile_histogram.png
JAX scRNAseq02	GRHL1-Day-6	GRHL1-Day-6/downstream_genefull_velocyto_cellbender/non_empty_barcodes.txt	384674	/mnt/pikachu/JAX_scRNAseq02_processed/ocm_prod_batch_flex_native_yremove_trace_20260521T034223Z/25E35-L3/samples/GRHL1-Day-6/downstream_genefull_velocyto_cellbender_remote/non_empty_barcodes.txt	2026-05-23T04:29:04Z	/JAX_scRNAseq02_processed/JAX-scRNAseq02-5-22-26-completion-7-27-26/GRHL1-Day-6/downstream_genefull_velocyto_cellbender/non_empty_barcodes.txt
JAX scRNAseq02	GRHL1-Day-6	GRHL1-Day-6/downstream_genefull_velocyto_cellbender/summary.txt	14734	/mnt/pikachu/JAX_scRNAseq02_processed/ocm_prod_batch_flex_native_yremove_trace_20260521T034223Z/25E35-L3/samples/GRHL1-Day-6/downstream_genefull_velocyto_cellbender_remote/summary.txt	2026-05-23T05:14:57Z	/JAX_scRNAseq02_processed/JAX-scRNAseq02-5-22-26-completion-7-27-26/GRHL1-Day-6/downstream_genefull_velocyto_cellbender/summary.txt
JAX scRNAseq02	GRHL1-Day-6	GRHL1-Day-6/downstream_genefull_velocyto_cellbender/unfiltered_counts.h5ad	1604860054	/mnt/pikachu/JAX_scRNAseq02_processed/ocm_prod_batch_flex_native_yremove_trace_20260521T034223Z/25E35-L3/samples/GRHL1-Day-6/downstream_genefull_velocyto_cellbender_remote/unfiltered_counts.h5ad	2026-05-23T05:14:42Z	/JAX_scRNAseq02_processed/JAX-scRNAseq02-5-22-26-completion-7-27-26/GRHL1-Day-6/downstream_genefull_velocyto_cellbender/unfiltered_counts.h5ad
JAX scRNAseq02	OVOL1-Day-6	OVOL1-Day-6/downstream_genefull_velocyto_cellbender/adaptive_qc_threshold.json	1046	/mnt/pikachu/JAX_scRNAseq02_processed/ocm_prod_batch_flex_native_yremove_trace_20260521T034223Z/25E35-L3/samples/OVOL1-Day-6/downstream_genefull_velocyto_cellbender_remote/adaptive_qc_threshold.json	2026-05-23T05:24:10Z	/JAX_scRNAseq02_processed/JAX-scRNAseq02-5-22-26-completion-7-27-26/OVOL1-Day-6/downstream_genefull_velocyto_cellbender/adaptive_qc_threshold.json
JAX scRNAseq02	OVOL1-Day-6	OVOL1-Day-6/downstream_genefull_velocyto_cellbender/cellbender/cellbender_counts.log	35110	/mnt/pikachu/JAX_scRNAseq02_processed/ocm_prod_batch_flex_native_yremove_trace_20260521T034223Z/25E35-L3/samples/OVOL1-Day-6/downstream_genefull_velocyto_cellbender_remote/cellbender/cellbender_counts.log	2026-05-23T06:00:27Z	/JAX_scRNAseq02_processed/JAX-scRNAseq02-5-22-26-completion-7-27-26/OVOL1-Day-6/downstream_genefull_velocyto_cellbender/cellbender/cellbender_counts.log
JAX scRNAseq02	OVOL1-Day-6	OVOL1-Day-6/downstream_genefull_velocyto_cellbender/cellbender/cellbender_counts.pdf	95921	/mnt/pikachu/JAX_scRNAseq02_processed/ocm_prod_batch_flex_native_yremove_trace_20260521T034223Z/25E35-L3/samples/OVOL1-Day-6/downstream_genefull_velocyto_cellbender_remote/cellbender/cellbender_counts.pdf	2026-05-23T05:51:28Z	/JAX_scRNAseq02_processed/JAX-scRNAseq02-5-22-26-completion-7-27-26/OVOL1-Day-6/downstream_genefull_velocyto_cellbender/cellbender/cellbender_counts.pdf
JAX scRNAseq02	OVOL1-Day-6	OVOL1-Day-6/downstream_genefull_velocyto_cellbender/cellbender/cellbender_counts_cell_barcodes.csv	643644	/mnt/pikachu/JAX_scRNAseq02_processed/ocm_prod_batch_flex_native_yremove_trace_20260521T034223Z/25E35-L3/samples/OVOL1-Day-6/downstream_genefull_velocyto_cellbender_remote/cellbender/cellbender_counts_cell_barcodes.csv	2026-05-23T05:51:28Z	/JAX_scRNAseq02_processed/JAX-scRNAseq02-5-22-26-completion-7-27-26/OVOL1-Day-6/downstream_genefull_velocyto_cellbender/cellbender/cellbender_counts_cell_barcodes.csv
JAX scRNAseq02	OVOL1-Day-6	OVOL1-Day-6/downstream_genefull_velocyto_cellbender/cellbender/cellbender_counts_metrics.csv	585	/mnt/pikachu/JAX_scRNAseq02_processed/ocm_prod_batch_flex_native_yremove_trace_20260521T034223Z/25E35-L3/samples/OVOL1-Day-6/downstream_genefull_velocyto_cellbender_remote/cellbender/cellbender_counts_metrics.csv	2026-05-23T06:00:13Z	/JAX_scRNAseq02_processed/JAX-scRNAseq02-5-22-26-completion-7-27-26/OVOL1-Day-6/downstream_genefull_velocyto_cellbender/cellbender/cellbender_counts_metrics.csv
JAX scRNAseq02	OVOL1-Day-6	OVOL1-Day-6/downstream_genefull_velocyto_cellbender/cellbender/cellbender_counts_report.html	1126564	/mnt/pikachu/JAX_scRNAseq02_processed/ocm_prod_batch_flex_native_yremove_trace_20260521T034223Z/25E35-L3/samples/OVOL1-Day-6/downstream_genefull_velocyto_cellbender_remote/cellbender/cellbender_counts_report.html	2026-05-23T06:00:27Z	/JAX_scRNAseq02_processed/JAX-scRNAseq02-5-22-26-completion-7-27-26/OVOL1-Day-6/downstream_genefull_velocyto_cellbender/cellbender/cellbender_counts_report.html
JAX scRNAseq02	OVOL1-Day-6	OVOL1-Day-6/downstream_genefull_velocyto_cellbender/counts.h5ad	1551267094	/mnt/pikachu/JAX_scRNAseq02_processed/ocm_prod_batch_flex_native_yremove_trace_20260521T034223Z/25E35-L3/samples/OVOL1-Day-6/downstream_genefull_velocyto_cellbender_remote/counts.h5ad	2026-05-23T06:00:34Z	/JAX_scRNAseq02_processed/JAX-scRNAseq02-5-22-26-completion-7-27-26/OVOL1-Day-6/downstream_genefull_velocyto_cellbender/counts.h5ad
JAX scRNAseq02	OVOL1-Day-6	OVOL1-Day-6/downstream_genefull_velocyto_cellbender/default_singlet_filtered_counts.h5ad	933337454	/mnt/pikachu/JAX_scRNAseq02_processed/ocm_prod_batch_flex_native_yremove_trace_20260521T034223Z/25E35-L3/samples/OVOL1-Day-6/downstream_genefull_velocyto_cellbender_remote/default_singlet_filtered_counts.h5ad	2026-05-23T06:00:48Z	/JAX_scRNAseq02_processed/JAX-scRNAseq02-5-22-26-completion-7-27-26/OVOL1-Day-6/downstream_genefull_velocyto_cellbender/default_singlet_filtered_counts.h5ad
JAX scRNAseq02	OVOL1-Day-6	OVOL1-Day-6/downstream_genefull_velocyto_cellbender/doublet_barcodes.txt	38532	/mnt/pikachu/JAX_scRNAseq02_processed/ocm_prod_batch_flex_native_yremove_trace_20260521T034223Z/25E35-L3/samples/OVOL1-Day-6/downstream_genefull_velocyto_cellbender_remote/doublet_barcodes.txt	2026-05-23T05:20:02Z	/JAX_scRNAseq02_processed/JAX-scRNAseq02-5-22-26-completion-7-27-26/OVOL1-Day-6/downstream_genefull_velocyto_cellbender/doublet_barcodes.txt
JAX scRNAseq02	OVOL1-Day-6	OVOL1-Day-6/downstream_genefull_velocyto_cellbender/filtered_barcodes_with_scores.txt	960210	/mnt/pikachu/JAX_scRNAseq02_processed/ocm_prod_batch_flex_native_yremove_trace_20260521T034223Z/25E35-L3/samples/OVOL1-Day-6/downstream_genefull_velocyto_cellbender_remote/filtered_barcodes_with_scores.txt	2026-05-23T05:20:02Z	/JAX_scRNAseq02_processed/JAX-scRNAseq02-5-22-26-completion-7-27-26/OVOL1-Day-6/downstream_genefull_velocyto_cellbender/filtered_barcodes_with_scores.txt
JAX scRNAseq02	OVOL1-Day-6	OVOL1-Day-6/downstream_genefull_velocyto_cellbender/filtered_counts.h5ad	1070013048	/mnt/pikachu/JAX_scRNAseq02_processed/ocm_prod_batch_flex_native_yremove_trace_20260521T034223Z/25E35-L3/samples/OVOL1-Day-6/downstream_genefull_velocyto_cellbender_remote/filtered_counts.h5ad	2026-05-23T06:00:45Z	/JAX_scRNAseq02_processed/JAX-scRNAseq02-5-22-26-completion-7-27-26/OVOL1-Day-6/downstream_genefull_velocyto_cellbender/filtered_counts.h5ad
JAX scRNAseq02	OVOL1-Day-6	OVOL1-Day-6/downstream_genefull_velocyto_cellbender/final_counts.h5ad	1595521174	/mnt/pikachu/JAX_scRNAseq02_processed/ocm_prod_batch_flex_native_yremove_trace_20260521T034223Z/25E35-L3/samples/OVOL1-Day-6/downstream_genefull_velocyto_cellbender_remote/final_counts.h5ad	2026-05-23T06:00:50Z	/JAX_scRNAseq02_processed/JAX-scRNAseq02-5-22-26-completion-7-27-26/OVOL1-Day-6/downstream_genefull_velocyto_cellbender/final_counts.h5ad
JAX scRNAseq02	OVOL1-Day-6	OVOL1-Day-6/downstream_genefull_velocyto_cellbender/gene_quantile_histogram.html	3814709	/mnt/pikachu/JAX_scRNAseq02_processed/ocm_prod_batch_flex_native_yremove_trace_20260521T034223Z/25E35-L3/samples/OVOL1-Day-6/downstream_genefull_velocyto_cellbender_remote/gene_quantile_histogram.html	2026-05-23T05:24:12Z	/JAX_scRNAseq02_processed/JAX-scRNAseq02-5-22-26-completion-7-27-26/OVOL1-Day-6/downstream_genefull_velocyto_cellbender/gene_quantile_histogram.html
JAX scRNAseq02	OVOL1-Day-6	OVOL1-Day-6/downstream_genefull_velocyto_cellbender/gene_quantile_histogram.png	189293	/mnt/pikachu/JAX_scRNAseq02_processed/ocm_prod_batch_flex_native_yremove_trace_20260521T034223Z/25E35-L3/samples/OVOL1-Day-6/downstream_genefull_velocyto_cellbender_remote/gene_quantile_histogram.png	2026-05-23T05:24:12Z	/JAX_scRNAseq02_processed/JAX-scRNAseq02-5-22-26-completion-7-27-26/OVOL1-Day-6/downstream_genefull_velocyto_cellbender/gene_quantile_histogram.png
JAX scRNAseq02	OVOL1-Day-6	OVOL1-Day-6/downstream_genefull_velocyto_cellbender/non_empty_barcodes.txt	391229	/mnt/pikachu/JAX_scRNAseq02_processed/ocm_prod_batch_flex_native_yremove_trace_20260521T034223Z/25E35-L3/samples/OVOL1-Day-6/downstream_genefull_velocyto_cellbender_remote/non_empty_barcodes.txt	2026-05-23T05:16:50Z	/JAX_scRNAseq02_processed/JAX-scRNAseq02-5-22-26-completion-7-27-26/OVOL1-Day-6/downstream_genefull_velocyto_cellbender/non_empty_barcodes.txt
JAX scRNAseq02	OVOL1-Day-6	OVOL1-Day-6/downstream_genefull_velocyto_cellbender/summary.txt	14346	/mnt/pikachu/JAX_scRNAseq02_processed/ocm_prod_batch_flex_native_yremove_trace_20260521T034223Z/25E35-L3/samples/OVOL1-Day-6/downstream_genefull_velocyto_cellbender_remote/summary.txt	2026-05-23T06:00:57Z	/JAX_scRNAseq02_processed/JAX-scRNAseq02-5-22-26-completion-7-27-26/OVOL1-Day-6/downstream_genefull_velocyto_cellbender/summary.txt
JAX scRNAseq02	OVOL1-Day-6	OVOL1-Day-6/downstream_genefull_velocyto_cellbender/unfiltered_counts.h5ad	1595521174	/mnt/pikachu/JAX_scRNAseq02_processed/ocm_prod_batch_flex_native_yremove_trace_20260521T034223Z/25E35-L3/samples/OVOL1-Day-6/downstream_genefull_velocyto_cellbender_remote/unfiltered_counts.h5ad	2026-05-23T06:00:41Z	/JAX_scRNAseq02_processed/JAX-scRNAseq02-5-22-26-completion-7-27-26/OVOL1-Day-6/downstream_genefull_velocyto_cellbender/unfiltered_counts.h5ad
JAX scRNAseq02	WT-PrS-20pct-Day-6	WT-PrS-20pct-Day-6/downstream_genefull_velocyto_cellbender/adaptive_qc_threshold.json	1050	/mnt/pikachu/JAX_scRNAseq02_processed/ocm_prod_batch_flex_native_yremove_trace_20260521T034223Z/25E35-L3/samples/WT-PrS-20pct-Day-6/downstream_genefull_velocyto_cellbender_remote/adaptive_qc_threshold.json	2026-05-23T06:04:54Z	/JAX_scRNAseq02_processed/JAX-scRNAseq02-5-22-26-completion-7-27-26/WT-PrS-20pct-Day-6/downstream_genefull_velocyto_cellbender/adaptive_qc_threshold.json
JAX scRNAseq02	WT-PrS-20pct-Day-6	WT-PrS-20pct-Day-6/downstream_genefull_velocyto_cellbender/cellbender/cellbender_counts.log	35491	/mnt/pikachu/JAX_scRNAseq02_processed/ocm_prod_batch_flex_native_yremove_trace_20260521T034223Z/25E35-L3/samples/WT-PrS-20pct-Day-6/downstream_genefull_velocyto_cellbender_remote/cellbender/cellbender_counts.log	2026-05-23T06:34:04Z	/JAX_scRNAseq02_processed/JAX-scRNAseq02-5-22-26-completion-7-27-26/WT-PrS-20pct-Day-6/downstream_genefull_velocyto_cellbender/cellbender/cellbender_counts.log
JAX scRNAseq02	WT-PrS-20pct-Day-6	WT-PrS-20pct-Day-6/downstream_genefull_velocyto_cellbender/cellbender/cellbender_counts.pdf	116106	/mnt/pikachu/JAX_scRNAseq02_processed/ocm_prod_batch_flex_native_yremove_trace_20260521T034223Z/25E35-L3/samples/WT-PrS-20pct-Day-6/downstream_genefull_velocyto_cellbender_remote/cellbender/cellbender_counts.pdf	2026-05-23T06:30:11Z	/JAX_scRNAseq02_processed/JAX-scRNAseq02-5-22-26-completion-7-27-26/WT-PrS-20pct-Day-6/downstream_genefull_velocyto_cellbender/cellbender/cellbender_counts.pdf
JAX scRNAseq02	WT-PrS-20pct-Day-6	WT-PrS-20pct-Day-6/downstream_genefull_velocyto_cellbender/cellbender/cellbender_counts_cell_barcodes.csv	656013	/mnt/pikachu/JAX_scRNAseq02_processed/ocm_prod_batch_flex_native_yremove_trace_20260521T034223Z/25E35-L3/samples/WT-PrS-20pct-Day-6/downstream_genefull_velocyto_cellbender_remote/cellbender/cellbender_counts_cell_barcodes.csv	2026-05-23T06:30:11Z	/JAX_scRNAseq02_processed/JAX-scRNAseq02-5-22-26-completion-7-27-26/WT-PrS-20pct-Day-6/downstream_genefull_velocyto_cellbender/cellbender/cellbender_counts_cell_barcodes.csv
JAX scRNAseq02	WT-PrS-20pct-Day-6	WT-PrS-20pct-Day-6/downstream_genefull_velocyto_cellbender/cellbender/cellbender_counts_metrics.csv	581	/mnt/pikachu/JAX_scRNAseq02_processed/ocm_prod_batch_flex_native_yremove_trace_20260521T034223Z/25E35-L3/samples/WT-PrS-20pct-Day-6/downstream_genefull_velocyto_cellbender_remote/cellbender/cellbender_counts_metrics.csv	2026-05-23T06:33:53Z	/JAX_scRNAseq02_processed/JAX-scRNAseq02-5-22-26-completion-7-27-26/WT-PrS-20pct-Day-6/downstream_genefull_velocyto_cellbender/cellbender/cellbender_counts_metrics.csv
JAX scRNAseq02	WT-PrS-20pct-Day-6	WT-PrS-20pct-Day-6/downstream_genefull_velocyto_cellbender/cellbender/cellbender_counts_report.html	1139596	/mnt/pikachu/JAX_scRNAseq02_processed/ocm_prod_batch_flex_native_yremove_trace_20260521T034223Z/25E35-L3/samples/WT-PrS-20pct-Day-6/downstream_genefull_velocyto_cellbender_remote/cellbender/cellbender_counts_report.html	2026-05-23T06:34:04Z	/JAX_scRNAseq02_processed/JAX-scRNAseq02-5-22-26-completion-7-27-26/WT-PrS-20pct-Day-6/downstream_genefull_velocyto_cellbender/cellbender/cellbender_counts_report.html
JAX scRNAseq02	WT-PrS-20pct-Day-6	WT-PrS-20pct-Day-6/downstream_genefull_velocyto_cellbender/counts.h5ad	688461974	/mnt/pikachu/JAX_scRNAseq02_processed/ocm_prod_batch_flex_native_yremove_trace_20260521T034223Z/25E35-L3/samples/WT-PrS-20pct-Day-6/downstream_genefull_velocyto_cellbender_remote/counts.h5ad	2026-05-23T06:34:09Z	/JAX_scRNAseq02_processed/JAX-scRNAseq02-5-22-26-completion-7-27-26/WT-PrS-20pct-Day-6/downstream_genefull_velocyto_cellbender/counts.h5ad
JAX scRNAseq02	WT-PrS-20pct-Day-6	WT-PrS-20pct-Day-6/downstream_genefull_velocyto_cellbender/default_singlet_filtered_counts.h5ad	259461164	/mnt/pikachu/JAX_scRNAseq02_processed/ocm_prod_batch_flex_native_yremove_trace_20260521T034223Z/25E35-L3/samples/WT-PrS-20pct-Day-6/downstream_genefull_velocyto_cellbender_remote/default_singlet_filtered_counts.h5ad	2026-05-23T06:34:18Z	/JAX_scRNAseq02_processed/JAX-scRNAseq02-5-22-26-completion-7-27-26/WT-PrS-20pct-Day-6/downstream_genefull_velocyto_cellbender/default_singlet_filtered_counts.h5ad
JAX scRNAseq02	WT-PrS-20pct-Day-6	WT-PrS-20pct-Day-6/downstream_genefull_velocyto_cellbender/doublet_barcodes.txt	16036	/mnt/pikachu/JAX_scRNAseq02_processed/ocm_prod_batch_flex_native_yremove_trace_20260521T034223Z/25E35-L3/samples/WT-PrS-20pct-Day-6/downstream_genefull_velocyto_cellbender_remote/doublet_barcodes.txt	2026-05-23T06:03:13Z	/JAX_scRNAseq02_processed/JAX-scRNAseq02-5-22-26-completion-7-27-26/WT-PrS-20pct-Day-6/downstream_genefull_velocyto_cellbender/doublet_barcodes.txt
JAX scRNAseq02	WT-PrS-20pct-Day-6	WT-PrS-20pct-Day-6/downstream_genefull_velocyto_cellbender/filtered_barcodes_with_scores.txt	370391	/mnt/pikachu/JAX_scRNAseq02_processed/ocm_prod_batch_flex_native_yremove_trace_20260521T034223Z/25E35-L3/samples/WT-PrS-20pct-Day-6/downstream_genefull_velocyto_cellbender_remote/filtered_barcodes_with_scores.txt	2026-05-23T06:03:13Z	/JAX_scRNAseq02_processed/JAX-scRNAseq02-5-22-26-completion-7-27-26/WT-PrS-20pct-Day-6/downstream_genefull_velocyto_cellbender/filtered_barcodes_with_scores.txt
JAX scRNAseq02	WT-PrS-20pct-Day-6	WT-PrS-20pct-Day-6/downstream_genefull_velocyto_cellbender/filtered_counts.h5ad	292365308	/mnt/pikachu/JAX_scRNAseq02_processed/ocm_prod_batch_flex_native_yremove_trace_20260521T034223Z/25E35-L3/samples/WT-PrS-20pct-Day-6/downstream_genefull_velocyto_cellbender_remote/filtered_counts.h5ad	2026-05-23T06:34:16Z	/JAX_scRNAseq02_processed/JAX-scRNAseq02-5-22-26-completion-7-27-26/WT-PrS-20pct-Day-6/downstream_genefull_velocyto_cellbender/filtered_counts.h5ad
JAX scRNAseq02	WT-PrS-20pct-Day-6	WT-PrS-20pct-Day-6/downstream_genefull_velocyto_cellbender/final_counts.h5ad	732716054	/mnt/pikachu/JAX_scRNAseq02_processed/ocm_prod_batch_flex_native_yremove_trace_20260521T034223Z/25E35-L3/samples/WT-PrS-20pct-Day-6/downstream_genefull_velocyto_cellbender_remote/final_counts.h5ad	2026-05-23T06:34:19Z	/JAX_scRNAseq02_processed/JAX-scRNAseq02-5-22-26-completion-7-27-26/WT-PrS-20pct-Day-6/downstream_genefull_velocyto_cellbender/final_counts.h5ad
JAX scRNAseq02	WT-PrS-20pct-Day-6	WT-PrS-20pct-Day-6/downstream_genefull_velocyto_cellbender/gene_quantile_histogram.html	3707275	/mnt/pikachu/JAX_scRNAseq02_processed/ocm_prod_batch_flex_native_yremove_trace_20260521T034223Z/25E35-L3/samples/WT-PrS-20pct-Day-6/downstream_genefull_velocyto_cellbender_remote/gene_quantile_histogram.html	2026-05-23T06:04:56Z	/JAX_scRNAseq02_processed/JAX-scRNAseq02-5-22-26-completion-7-27-26/WT-PrS-20pct-Day-6/downstream_genefull_velocyto_cellbender/gene_quantile_histogram.html
JAX scRNAseq02	WT-PrS-20pct-Day-6	WT-PrS-20pct-Day-6/downstream_genefull_velocyto_cellbender/gene_quantile_histogram.png	210167	/mnt/pikachu/JAX_scRNAseq02_processed/ocm_prod_batch_flex_native_yremove_trace_20260521T034223Z/25E35-L3/samples/WT-PrS-20pct-Day-6/downstream_genefull_velocyto_cellbender_remote/gene_quantile_histogram.png	2026-05-23T06:04:56Z	/JAX_scRNAseq02_processed/JAX-scRNAseq02-5-22-26-completion-7-27-26/WT-PrS-20pct-Day-6/downstream_genefull_velocyto_cellbender/gene_quantile_histogram.png
JAX scRNAseq02	WT-PrS-20pct-Day-6	WT-PrS-20pct-Day-6/downstream_genefull_velocyto_cellbender/non_empty_barcodes.txt	151240	/mnt/pikachu/JAX_scRNAseq02_processed/ocm_prod_batch_flex_native_yremove_trace_20260521T034223Z/25E35-L3/samples/WT-PrS-20pct-Day-6/downstream_genefull_velocyto_cellbender_remote/non_empty_barcodes.txt	2026-05-23T06:02:31Z	/JAX_scRNAseq02_processed/JAX-scRNAseq02-5-22-26-completion-7-27-26/WT-PrS-20pct-Day-6/downstream_genefull_velocyto_cellbender/non_empty_barcodes.txt
JAX scRNAseq02	WT-PrS-20pct-Day-6	WT-PrS-20pct-Day-6/downstream_genefull_velocyto_cellbender/summary.txt	14139	/mnt/pikachu/JAX_scRNAseq02_processed/ocm_prod_batch_flex_native_yremove_trace_20260521T034223Z/25E35-L3/samples/WT-PrS-20pct-Day-6/downstream_genefull_velocyto_cellbender_remote/summary.txt	2026-05-23T06:34:22Z	/JAX_scRNAseq02_processed/JAX-scRNAseq02-5-22-26-completion-7-27-26/WT-PrS-20pct-Day-6/downstream_genefull_velocyto_cellbender/summary.txt
JAX scRNAseq02	WT-PrS-20pct-Day-6	WT-PrS-20pct-Day-6/downstream_genefull_velocyto_cellbender/unfiltered_counts.h5ad	732716054	/mnt/pikachu/JAX_scRNAseq02_processed/ocm_prod_batch_flex_native_yremove_trace_20260521T034223Z/25E35-L3/samples/WT-PrS-20pct-Day-6/downstream_genefull_velocyto_cellbender_remote/unfiltered_counts.h5ad	2026-05-23T06:34:13Z	/JAX_scRNAseq02_processed/JAX-scRNAseq02-5-22-26-completion-7-27-26/WT-PrS-20pct-Day-6/downstream_genefull_velocyto_cellbender/unfiltered_counts.h5ad
JAX scRNAseq02	EPAS1-Day-6	EPAS1-Day-6/downstream_genefull_velocyto_cellbender/adaptive_qc_threshold.json	1034	/mnt/pikachu/JAX_scRNAseq02_processed/ocm_prod_batch_flex_native_yremove_trace_20260521T034223Z/25E35-L4/samples/EPAS1-Day-6/downstream_genefull_velocyto_cellbender_remote/adaptive_qc_threshold.json	2026-05-23T13:51:53Z	/JAX_scRNAseq02_processed/JAX-scRNAseq02-5-22-26-completion-7-27-26/EPAS1-Day-6/downstream_genefull_velocyto_cellbender/adaptive_qc_threshold.json
JAX scRNAseq02	EPAS1-Day-6	EPAS1-Day-6/downstream_genefull_velocyto_cellbender/cellbender/cellbender_counts.log	37504	/mnt/pikachu/JAX_scRNAseq02_processed/ocm_prod_batch_flex_native_yremove_trace_20260521T034223Z/25E35-L4/samples/EPAS1-Day-6/downstream_genefull_velocyto_cellbender_remote/cellbender/cellbender_counts.log	2026-05-23T14:30:45Z	/JAX_scRNAseq02_processed/JAX-scRNAseq02-5-22-26-completion-7-27-26/EPAS1-Day-6/downstream_genefull_velocyto_cellbender/cellbender/cellbender_counts.log
JAX scRNAseq02	EPAS1-Day-6	EPAS1-Day-6/downstream_genefull_velocyto_cellbender/cellbender/cellbender_counts.pdf	87452	/mnt/pikachu/JAX_scRNAseq02_processed/ocm_prod_batch_flex_native_yremove_trace_20260521T034223Z/25E35-L4/samples/EPAS1-Day-6/downstream_genefull_velocyto_cellbender_remote/cellbender/cellbender_counts.pdf	2026-05-23T14:22:07Z	/JAX_scRNAseq02_processed/JAX-scRNAseq02-5-22-26-completion-7-27-26/EPAS1-Day-6/downstream_genefull_velocyto_cellbender/cellbender/cellbender_counts.pdf
JAX scRNAseq02	EPAS1-Day-6	EPAS1-Day-6/downstream_genefull_velocyto_cellbender/cellbender/cellbender_counts_cell_barcodes.csv	745997	/mnt/pikachu/JAX_scRNAseq02_processed/ocm_prod_batch_flex_native_yremove_trace_20260521T034223Z/25E35-L4/samples/EPAS1-Day-6/downstream_genefull_velocyto_cellbender_remote/cellbender/cellbender_counts_cell_barcodes.csv	2026-05-23T14:22:07Z	/JAX_scRNAseq02_processed/JAX-scRNAseq02-5-22-26-completion-7-27-26/EPAS1-Day-6/downstream_genefull_velocyto_cellbender/cellbender/cellbender_counts_cell_barcodes.csv
JAX scRNAseq02	EPAS1-Day-6	EPAS1-Day-6/downstream_genefull_velocyto_cellbender/cellbender/cellbender_counts_metrics.csv	585	/mnt/pikachu/JAX_scRNAseq02_processed/ocm_prod_batch_flex_native_yremove_trace_20260521T034223Z/25E35-L4/samples/EPAS1-Day-6/downstream_genefull_velocyto_cellbender_remote/cellbender/cellbender_counts_metrics.csv	2026-05-23T14:30:31Z	/JAX_scRNAseq02_processed/JAX-scRNAseq02-5-22-26-completion-7-27-26/EPAS1-Day-6/downstream_genefull_velocyto_cellbender/cellbender/cellbender_counts_metrics.csv
JAX scRNAseq02	EPAS1-Day-6	EPAS1-Day-6/downstream_genefull_velocyto_cellbender/cellbender/cellbender_counts_report.html	1121565	/mnt/pikachu/JAX_scRNAseq02_processed/ocm_prod_batch_flex_native_yremove_trace_20260521T034223Z/25E35-L4/samples/EPAS1-Day-6/downstream_genefull_velocyto_cellbender_remote/cellbender/cellbender_counts_report.html	2026-05-23T14:30:45Z	/JAX_scRNAseq02_processed/JAX-scRNAseq02-5-22-26-completion-7-27-26/EPAS1-Day-6/downstream_genefull_velocyto_cellbender/cellbender/cellbender_counts_report.html
JAX scRNAseq02	EPAS1-Day-6	EPAS1-Day-6/downstream_genefull_velocyto_cellbender/counts.h5ad	1480619286	/mnt/pikachu/JAX_scRNAseq02_processed/ocm_prod_batch_flex_native_yremove_trace_20260521T034223Z/25E35-L4/samples/EPAS1-Day-6/downstream_genefull_velocyto_cellbender_remote/counts.h5ad	2026-05-23T14:30:52Z	/JAX_scRNAseq02_processed/JAX-scRNAseq02-5-22-26-completion-7-27-26/EPAS1-Day-6/downstream_genefull_velocyto_cellbender/counts.h5ad
JAX scRNAseq02	EPAS1-Day-6	EPAS1-Day-6/downstream_genefull_velocyto_cellbender/default_singlet_filtered_counts.h5ad	795831434	/mnt/pikachu/JAX_scRNAseq02_processed/ocm_prod_batch_flex_native_yremove_trace_20260521T034223Z/25E35-L4/samples/EPAS1-Day-6/downstream_genefull_velocyto_cellbender_remote/default_singlet_filtered_counts.h5ad	2026-05-23T14:31:05Z	/JAX_scRNAseq02_processed/JAX-scRNAseq02-5-22-26-completion-7-27-26/EPAS1-Day-6/downstream_genefull_velocyto_cellbender/default_singlet_filtered_counts.h5ad
JAX scRNAseq02	EPAS1-Day-6	EPAS1-Day-6/downstream_genefull_velocyto_cellbender/doublet_barcodes.txt	37829	/mnt/pikachu/JAX_scRNAseq02_processed/ocm_prod_batch_flex_native_yremove_trace_20260521T034223Z/25E35-L4/samples/EPAS1-Day-6/downstream_genefull_velocyto_cellbender_remote/doublet_barcodes.txt	2026-05-23T13:48:10Z	/JAX_scRNAseq02_processed/JAX-scRNAseq02-5-22-26-completion-7-27-26/EPAS1-Day-6/downstream_genefull_velocyto_cellbender/doublet_barcodes.txt
JAX scRNAseq02	EPAS1-Day-6	EPAS1-Day-6/downstream_genefull_velocyto_cellbender/filtered_barcodes_with_scores.txt	861061	/mnt/pikachu/JAX_scRNAseq02_processed/ocm_prod_batch_flex_native_yremove_trace_20260521T034223Z/25E35-L4/samples/EPAS1-Day-6/downstream_genefull_velocyto_cellbender_remote/filtered_barcodes_with_scores.txt	2026-05-23T13:48:10Z	/JAX_scRNAseq02_processed/JAX-scRNAseq02-5-22-26-completion-7-27-26/EPAS1-Day-6/downstream_genefull_velocyto_cellbender/filtered_barcodes_with_scores.txt
JAX scRNAseq02	EPAS1-Day-6	EPAS1-Day-6/downstream_genefull_velocyto_cellbender/filtered_counts.h5ad	950264840	/mnt/pikachu/JAX_scRNAseq02_processed/ocm_prod_batch_flex_native_yremove_trace_20260521T034223Z/25E35-L4/samples/EPAS1-Day-6/downstream_genefull_velocyto_cellbender_remote/filtered_counts.h5ad	2026-05-23T14:31:02Z	/JAX_scRNAseq02_processed/JAX-scRNAseq02-5-22-26-completion-7-27-26/EPAS1-Day-6/downstream_genefull_velocyto_cellbender/filtered_counts.h5ad
JAX scRNAseq02	EPAS1-Day-6	EPAS1-Day-6/downstream_genefull_velocyto_cellbender/final_counts.h5ad	1524873366	/mnt/pikachu/JAX_scRNAseq02_processed/ocm_prod_batch_flex_native_yremove_trace_20260521T034223Z/25E35-L4/samples/EPAS1-Day-6/downstream_genefull_velocyto_cellbender_remote/final_counts.h5ad	2026-05-23T14:31:07Z	/JAX_scRNAseq02_processed/JAX-scRNAseq02-5-22-26-completion-7-27-26/EPAS1-Day-6/downstream_genefull_velocyto_cellbender/final_counts.h5ad
JAX scRNAseq02	EPAS1-Day-6	EPAS1-Day-6/downstream_genefull_velocyto_cellbender/gene_quantile_histogram.html	3799433	/mnt/pikachu/JAX_scRNAseq02_processed/ocm_prod_batch_flex_native_yremove_trace_20260521T034223Z/25E35-L4/samples/EPAS1-Day-6/downstream_genefull_velocyto_cellbender_remote/gene_quantile_histogram.html	2026-05-23T13:51:55Z	/JAX_scRNAseq02_processed/JAX-scRNAseq02-5-22-26-completion-7-27-26/EPAS1-Day-6/downstream_genefull_velocyto_cellbender/gene_quantile_histogram.html
JAX scRNAseq02	EPAS1-Day-6	EPAS1-Day-6/downstream_genefull_velocyto_cellbender/gene_quantile_histogram.png	190921	/mnt/pikachu/JAX_scRNAseq02_processed/ocm_prod_batch_flex_native_yremove_trace_20260521T034223Z/25E35-L4/samples/EPAS1-Day-6/downstream_genefull_velocyto_cellbender_remote/gene_quantile_histogram.png	2026-05-23T13:51:56Z	/JAX_scRNAseq02_processed/JAX-scRNAseq02-5-22-26-completion-7-27-26/EPAS1-Day-6/downstream_genefull_velocyto_cellbender/gene_quantile_histogram.png
JAX scRNAseq02	EPAS1-Day-6	EPAS1-Day-6/downstream_genefull_velocyto_cellbender/non_empty_barcodes.txt	351139	/mnt/pikachu/JAX_scRNAseq02_processed/ocm_prod_batch_flex_native_yremove_trace_20260521T034223Z/25E35-L4/samples/EPAS1-Day-6/downstream_genefull_velocyto_cellbender_remote/non_empty_barcodes.txt	2026-05-23T13:45:25Z	/JAX_scRNAseq02_processed/JAX-scRNAseq02-5-22-26-completion-7-27-26/EPAS1-Day-6/downstream_genefull_velocyto_cellbender/non_empty_barcodes.txt
JAX scRNAseq02	EPAS1-Day-6	EPAS1-Day-6/downstream_genefull_velocyto_cellbender/summary.txt	12708	/mnt/pikachu/JAX_scRNAseq02_processed/ocm_prod_batch_flex_native_yremove_trace_20260521T034223Z/25E35-L4/samples/EPAS1-Day-6/downstream_genefull_velocyto_cellbender_remote/summary.txt	2026-05-23T14:31:13Z	/JAX_scRNAseq02_processed/JAX-scRNAseq02-5-22-26-completion-7-27-26/EPAS1-Day-6/downstream_genefull_velocyto_cellbender/summary.txt
JAX scRNAseq02	EPAS1-Day-6	EPAS1-Day-6/downstream_genefull_velocyto_cellbender/unfiltered_counts.h5ad	1524873366	/mnt/pikachu/JAX_scRNAseq02_processed/ocm_prod_batch_flex_native_yremove_trace_20260521T034223Z/25E35-L4/samples/EPAS1-Day-6/downstream_genefull_velocyto_cellbender_remote/unfiltered_counts.h5ad	2026-05-23T14:30:58Z	/JAX_scRNAseq02_processed/JAX-scRNAseq02-5-22-26-completion-7-27-26/EPAS1-Day-6/downstream_genefull_velocyto_cellbender/unfiltered_counts.h5ad
JAX scRNAseq02	ISL1-Day-6	ISL1-Day-6/downstream_genefull_velocyto_cellbender/adaptive_qc_threshold.json	1032	/mnt/pikachu/JAX_scRNAseq02_processed/ocm_prod_batch_flex_native_yremove_trace_20260521T034223Z/25E35-L4/samples/ISL1-Day-6/downstream_genefull_velocyto_cellbender_remote/adaptive_qc_threshold.json	2026-05-23T13:15:02Z	/JAX_scRNAseq02_processed/JAX-scRNAseq02-5-22-26-completion-7-27-26/ISL1-Day-6/downstream_genefull_velocyto_cellbender/adaptive_qc_threshold.json
JAX scRNAseq02	ISL1-Day-6	ISL1-Day-6/downstream_genefull_velocyto_cellbender/cellbender/cellbender_counts.log	34868	/mnt/pikachu/JAX_scRNAseq02_processed/ocm_prod_batch_flex_native_yremove_trace_20260521T034223Z/25E35-L4/samples/ISL1-Day-6/downstream_genefull_velocyto_cellbender_remote/cellbender/cellbender_counts.log	2026-05-23T13:43:35Z	/JAX_scRNAseq02_processed/JAX-scRNAseq02-5-22-26-completion-7-27-26/ISL1-Day-6/downstream_genefull_velocyto_cellbender/cellbender/cellbender_counts.log
JAX scRNAseq02	ISL1-Day-6	ISL1-Day-6/downstream_genefull_velocyto_cellbender/cellbender/cellbender_counts.pdf	93967	/mnt/pikachu/JAX_scRNAseq02_processed/ocm_prod_batch_flex_native_yremove_trace_20260521T034223Z/25E35-L4/samples/ISL1-Day-6/downstream_genefull_velocyto_cellbender_remote/cellbender/cellbender_counts.pdf	2026-05-23T13:38:03Z	/JAX_scRNAseq02_processed/JAX-scRNAseq02-5-22-26-completion-7-27-26/ISL1-Day-6/downstream_genefull_velocyto_cellbender/cellbender/cellbender_counts.pdf
JAX scRNAseq02	ISL1-Day-6	ISL1-Day-6/downstream_genefull_velocyto_cellbender/cellbender/cellbender_counts_cell_barcodes.csv	632928	/mnt/pikachu/JAX_scRNAseq02_processed/ocm_prod_batch_flex_native_yremove_trace_20260521T034223Z/25E35-L4/samples/ISL1-Day-6/downstream_genefull_velocyto_cellbender_remote/cellbender/cellbender_counts_cell_barcodes.csv	2026-05-23T13:38:03Z	/JAX_scRNAseq02_processed/JAX-scRNAseq02-5-22-26-completion-7-27-26/ISL1-Day-6/downstream_genefull_velocyto_cellbender/cellbender/cellbender_counts_cell_barcodes.csv
JAX scRNAseq02	ISL1-Day-6	ISL1-Day-6/downstream_genefull_velocyto_cellbender/cellbender/cellbender_counts_metrics.csv	584	/mnt/pikachu/JAX_scRNAseq02_processed/ocm_prod_batch_flex_native_yremove_trace_20260521T034223Z/25E35-L4/samples/ISL1-Day-6/downstream_genefull_velocyto_cellbender_remote/cellbender/cellbender_counts_metrics.csv	2026-05-23T13:43:22Z	/JAX_scRNAseq02_processed/JAX-scRNAseq02-5-22-26-completion-7-27-26/ISL1-Day-6/downstream_genefull_velocyto_cellbender/cellbender/cellbender_counts_metrics.csv
JAX scRNAseq02	ISL1-Day-6	ISL1-Day-6/downstream_genefull_velocyto_cellbender/cellbender/cellbender_counts_report.html	1142214	/mnt/pikachu/JAX_scRNAseq02_processed/ocm_prod_batch_flex_native_yremove_trace_20260521T034223Z/25E35-L4/samples/ISL1-Day-6/downstream_genefull_velocyto_cellbender_remote/cellbender/cellbender_counts_report.html	2026-05-23T13:43:35Z	/JAX_scRNAseq02_processed/JAX-scRNAseq02-5-22-26-completion-7-27-26/ISL1-Day-6/downstream_genefull_velocyto_cellbender/cellbender/cellbender_counts_report.html
JAX scRNAseq02	ISL1-Day-6	ISL1-Day-6/downstream_genefull_velocyto_cellbender/counts.h5ad	951398326	/mnt/pikachu/JAX_scRNAseq02_processed/ocm_prod_batch_flex_native_yremove_trace_20260521T034223Z/25E35-L4/samples/ISL1-Day-6/downstream_genefull_velocyto_cellbender_remote/counts.h5ad	2026-05-23T13:43:40Z	/JAX_scRNAseq02_processed/JAX-scRNAseq02-5-22-26-completion-7-27-26/ISL1-Day-6/downstream_genefull_velocyto_cellbender/counts.h5ad
JAX scRNAseq02	ISL1-Day-6	ISL1-Day-6/downstream_genefull_velocyto_cellbender/default_singlet_filtered_counts.h5ad	469918944	/mnt/pikachu/JAX_scRNAseq02_processed/ocm_prod_batch_flex_native_yremove_trace_20260521T034223Z/25E35-L4/samples/ISL1-Day-6/downstream_genefull_velocyto_cellbender_remote/default_singlet_filtered_counts.h5ad	2026-05-23T13:43:51Z	/JAX_scRNAseq02_processed/JAX-scRNAseq02-5-22-26-completion-7-27-26/ISL1-Day-6/downstream_genefull_velocyto_cellbender/default_singlet_filtered_counts.h5ad
JAX scRNAseq02	ISL1-Day-6	ISL1-Day-6/downstream_genefull_velocyto_cellbender/doublet_barcodes.txt	21052	/mnt/pikachu/JAX_scRNAseq02_processed/ocm_prod_batch_flex_native_yremove_trace_20260521T034223Z/25E35-L4/samples/ISL1-Day-6/downstream_genefull_velocyto_cellbender_remote/doublet_barcodes.txt	2026-05-23T13:12:44Z	/JAX_scRNAseq02_processed/JAX-scRNAseq02-5-22-26-completion-7-27-26/ISL1-Day-6/downstream_genefull_velocyto_cellbender/doublet_barcodes.txt
JAX scRNAseq02	ISL1-Day-6	ISL1-Day-6/downstream_genefull_velocyto_cellbender/filtered_barcodes_with_scores.txt	533755	/mnt/pikachu/JAX_scRNAseq02_processed/ocm_prod_batch_flex_native_yremove_trace_20260521T034223Z/25E35-L4/samples/ISL1-Day-6/downstream_genefull_velocyto_cellbender_remote/filtered_barcodes_with_scores.txt	2026-05-23T13:12:44Z	/JAX_scRNAseq02_processed/JAX-scRNAseq02-5-22-26-completion-7-27-26/ISL1-Day-6/downstream_genefull_velocyto_cellbender/filtered_barcodes_with_scores.txt
JAX scRNAseq02	ISL1-Day-6	ISL1-Day-6/downstream_genefull_velocyto_cellbender/filtered_counts.h5ad	519648414	/mnt/pikachu/JAX_scRNAseq02_processed/ocm_prod_batch_flex_native_yremove_trace_20260521T034223Z/25E35-L4/samples/ISL1-Day-6/downstream_genefull_velocyto_cellbender_remote/filtered_counts.h5ad	2026-05-23T13:43:48Z	/JAX_scRNAseq02_processed/JAX-scRNAseq02-5-22-26-completion-7-27-26/ISL1-Day-6/downstream_genefull_velocyto_cellbender/filtered_counts.h5ad
JAX scRNAseq02	ISL1-Day-6	ISL1-Day-6/downstream_genefull_velocyto_cellbender/final_counts.h5ad	995652406	/mnt/pikachu/JAX_scRNAseq02_processed/ocm_prod_batch_flex_native_yremove_trace_20260521T034223Z/25E35-L4/samples/ISL1-Day-6/downstream_genefull_velocyto_cellbender_remote/final_counts.h5ad	2026-05-23T13:43:52Z	/JAX_scRNAseq02_processed/JAX-scRNAseq02-5-22-26-completion-7-27-26/ISL1-Day-6/downstream_genefull_velocyto_cellbender/final_counts.h5ad
JAX scRNAseq02	ISL1-Day-6	ISL1-Day-6/downstream_genefull_velocyto_cellbender/gene_quantile_histogram.html	3744063	/mnt/pikachu/JAX_scRNAseq02_processed/ocm_prod_batch_flex_native_yremove_trace_20260521T034223Z/25E35-L4/samples/ISL1-Day-6/downstream_genefull_velocyto_cellbender_remote/gene_quantile_histogram.html	2026-05-23T13:15:04Z	/JAX_scRNAseq02_processed/JAX-scRNAseq02-5-22-26-completion-7-27-26/ISL1-Day-6/downstream_genefull_velocyto_cellbender/gene_quantile_histogram.html
JAX scRNAseq02	ISL1-Day-6	ISL1-Day-6/downstream_genefull_velocyto_cellbender/gene_quantile_histogram.png	207740	/mnt/pikachu/JAX_scRNAseq02_processed/ocm_prod_batch_flex_native_yremove_trace_20260521T034223Z/25E35-L4/samples/ISL1-Day-6/downstream_genefull_velocyto_cellbender_remote/gene_quantile_histogram.png	2026-05-23T13:15:05Z	/JAX_scRNAseq02_processed/JAX-scRNAseq02-5-22-26-completion-7-27-26/ISL1-Day-6/downstream_genefull_velocyto_cellbender/gene_quantile_histogram.png
JAX scRNAseq02	ISL1-Day-6	ISL1-Day-6/downstream_genefull_velocyto_cellbender/non_empty_barcodes.txt	217854	/mnt/pikachu/JAX_scRNAseq02_processed/ocm_prod_batch_flex_native_yremove_trace_20260521T034223Z/25E35-L4/samples/ISL1-Day-6/downstream_genefull_velocyto_cellbender_remote/non_empty_barcodes.txt	2026-05-23T13:11:23Z	/JAX_scRNAseq02_processed/JAX-scRNAseq02-5-22-26-completion-7-27-26/ISL1-Day-6/downstream_genefull_velocyto_cellbender/non_empty_barcodes.txt
JAX scRNAseq02	ISL1-Day-6	ISL1-Day-6/downstream_genefull_velocyto_cellbender/summary.txt	12678	/mnt/pikachu/JAX_scRNAseq02_processed/ocm_prod_batch_flex_native_yremove_trace_20260521T034223Z/25E35-L4/samples/ISL1-Day-6/downstream_genefull_velocyto_cellbender_remote/summary.txt	2026-05-23T13:43:56Z	/JAX_scRNAseq02_processed/JAX-scRNAseq02-5-22-26-completion-7-27-26/ISL1-Day-6/downstream_genefull_velocyto_cellbender/summary.txt
JAX scRNAseq02	ISL1-Day-6	ISL1-Day-6/downstream_genefull_velocyto_cellbender/unfiltered_counts.h5ad	995652406	/mnt/pikachu/JAX_scRNAseq02_processed/ocm_prod_batch_flex_native_yremove_trace_20260521T034223Z/25E35-L4/samples/ISL1-Day-6/downstream_genefull_velocyto_cellbender_remote/unfiltered_counts.h5ad	2026-05-23T13:43:45Z	/JAX_scRNAseq02_processed/JAX-scRNAseq02-5-22-26-completion-7-27-26/ISL1-Day-6/downstream_genefull_velocyto_cellbender/unfiltered_counts.h5ad
JAX scRNAseq02	WT-ExM-Day-6	WT-ExM-Day-6/downstream_genefull_velocyto_cellbender/adaptive_qc_threshold.json	1031	/mnt/pikachu/JAX_scRNAseq02_processed/ocm_prod_batch_flex_native_yremove_trace_20260521T034223Z/25E35-L4/samples/WT-ExM-Day-6/downstream_genefull_velocyto_cellbender_remote/adaptive_qc_threshold.json	2026-05-23T15:29:51Z	/JAX_scRNAseq02_processed/JAX-scRNAseq02-5-22-26-completion-7-27-26/WT-ExM-Day-6/downstream_genefull_velocyto_cellbender/adaptive_qc_threshold.json
JAX scRNAseq02	WT-ExM-Day-6	WT-ExM-Day-6/downstream_genefull_velocyto_cellbender/cellbender/cellbender_counts.log	35407	/mnt/pikachu/JAX_scRNAseq02_processed/ocm_prod_batch_flex_native_yremove_trace_20260521T034223Z/25E35-L4/samples/WT-ExM-Day-6/downstream_genefull_velocyto_cellbender_remote/cellbender/cellbender_counts.log	2026-05-23T16:02:25Z	/JAX_scRNAseq02_processed/JAX-scRNAseq02-5-22-26-completion-7-27-26/WT-ExM-Day-6/downstream_genefull_velocyto_cellbender/cellbender/cellbender_counts.log
JAX scRNAseq02	WT-ExM-Day-6	WT-ExM-Day-6/downstream_genefull_velocyto_cellbender/cellbender/cellbender_counts.pdf	70243	/mnt/pikachu/JAX_scRNAseq02_processed/ocm_prod_batch_flex_native_yremove_trace_20260521T034223Z/25E35-L4/samples/WT-ExM-Day-6/downstream_genefull_velocyto_cellbender_remote/cellbender/cellbender_counts.pdf	2026-05-23T15:55:54Z	/JAX_scRNAseq02_processed/JAX-scRNAseq02-5-22-26-completion-7-27-26/WT-ExM-Day-6/downstream_genefull_velocyto_cellbender/cellbender/cellbender_counts.pdf
JAX scRNAseq02	WT-ExM-Day-6	WT-ExM-Day-6/downstream_genefull_velocyto_cellbender/cellbender/cellbender_counts_cell_barcodes.csv	655405	/mnt/pikachu/JAX_scRNAseq02_processed/ocm_prod_batch_flex_native_yremove_trace_20260521T034223Z/25E35-L4/samples/WT-ExM-Day-6/downstream_genefull_velocyto_cellbender_remote/cellbender/cellbender_counts_cell_barcodes.csv	2026-05-23T15:55:54Z	/JAX_scRNAseq02_processed/JAX-scRNAseq02-5-22-26-completion-7-27-26/WT-ExM-Day-6/downstream_genefull_velocyto_cellbender/cellbender/cellbender_counts_cell_barcodes.csv
JAX scRNAseq02	WT-ExM-Day-6	WT-ExM-Day-6/downstream_genefull_velocyto_cellbender/cellbender/cellbender_counts_metrics.csv	585	/mnt/pikachu/JAX_scRNAseq02_processed/ocm_prod_batch_flex_native_yremove_trace_20260521T034223Z/25E35-L4/samples/WT-ExM-Day-6/downstream_genefull_velocyto_cellbender_remote/cellbender/cellbender_counts_metrics.csv	2026-05-23T16:02:12Z	/JAX_scRNAseq02_processed/JAX-scRNAseq02-5-22-26-completion-7-27-26/WT-ExM-Day-6/downstream_genefull_velocyto_cellbender/cellbender/cellbender_counts_metrics.csv
JAX scRNAseq02	WT-ExM-Day-6	WT-ExM-Day-6/downstream_genefull_velocyto_cellbender/cellbender/cellbender_counts_report.html	1058591	/mnt/pikachu/JAX_scRNAseq02_processed/ocm_prod_batch_flex_native_yremove_trace_20260521T034223Z/25E35-L4/samples/WT-ExM-Day-6/downstream_genefull_velocyto_cellbender_remote/cellbender/cellbender_counts_report.html	2026-05-23T16:02:25Z	/JAX_scRNAseq02_processed/JAX-scRNAseq02-5-22-26-completion-7-27-26/WT-ExM-Day-6/downstream_genefull_velocyto_cellbender/cellbender/cellbender_counts_report.html
JAX scRNAseq02	WT-ExM-Day-6	WT-ExM-Day-6/downstream_genefull_velocyto_cellbender/counts.h5ad	1139666870	/mnt/pikachu/JAX_scRNAseq02_processed/ocm_prod_batch_flex_native_yremove_trace_20260521T034223Z/25E35-L4/samples/WT-ExM-Day-6/downstream_genefull_velocyto_cellbender_remote/counts.h5ad	2026-05-23T16:02:31Z	/JAX_scRNAseq02_processed/JAX-scRNAseq02-5-22-26-completion-7-27-26/WT-ExM-Day-6/downstream_genefull_velocyto_cellbender/counts.h5ad
JAX scRNAseq02	WT-ExM-Day-6	WT-ExM-Day-6/downstream_genefull_velocyto_cellbender/default_singlet_filtered_counts.h5ad	613754986	/mnt/pikachu/JAX_scRNAseq02_processed/ocm_prod_batch_flex_native_yremove_trace_20260521T034223Z/25E35-L4/samples/WT-ExM-Day-6/downstream_genefull_velocyto_cellbender_remote/default_singlet_filtered_counts.h5ad	2026-05-23T16:02:43Z	/JAX_scRNAseq02_processed/JAX-scRNAseq02-5-22-26-completion-7-27-26/WT-ExM-Day-6/downstream_genefull_velocyto_cellbender/default_singlet_filtered_counts.h5ad
JAX scRNAseq02	WT-ExM-Day-6	WT-ExM-Day-6/downstream_genefull_velocyto_cellbender/doublet_barcodes.txt	25137	/mnt/pikachu/JAX_scRNAseq02_processed/ocm_prod_batch_flex_native_yremove_trace_20260521T034223Z/25E35-L4/samples/WT-ExM-Day-6/downstream_genefull_velocyto_cellbender_remote/doublet_barcodes.txt	2026-05-23T15:27:23Z	/JAX_scRNAseq02_processed/JAX-scRNAseq02-5-22-26-completion-7-27-26/WT-ExM-Day-6/downstream_genefull_velocyto_cellbender/doublet_barcodes.txt
JAX scRNAseq02	WT-ExM-Day-6	WT-ExM-Day-6/downstream_genefull_velocyto_cellbender/filtered_barcodes_with_scores.txt	574953	/mnt/pikachu/JAX_scRNAseq02_processed/ocm_prod_batch_flex_native_yremove_trace_20260521T034223Z/25E35-L4/samples/WT-ExM-Day-6/downstream_genefull_velocyto_cellbender_remote/filtered_barcodes_with_scores.txt	2026-05-23T15:27:23Z	/JAX_scRNAseq02_processed/JAX-scRNAseq02-5-22-26-completion-7-27-26/WT-ExM-Day-6/downstream_genefull_velocyto_cellbender/filtered_barcodes_with_scores.txt
JAX scRNAseq02	WT-ExM-Day-6	WT-ExM-Day-6/downstream_genefull_velocyto_cellbender/filtered_counts.h5ad	703561494	/mnt/pikachu/JAX_scRNAseq02_processed/ocm_prod_batch_flex_native_yremove_trace_20260521T034223Z/25E35-L4/samples/WT-ExM-Day-6/downstream_genefull_velocyto_cellbender_remote/filtered_counts.h5ad	2026-05-23T16:02:40Z	/JAX_scRNAseq02_processed/JAX-scRNAseq02-5-22-26-completion-7-27-26/WT-ExM-Day-6/downstream_genefull_velocyto_cellbender/filtered_counts.h5ad
JAX scRNAseq02	WT-ExM-Day-6	WT-ExM-Day-6/downstream_genefull_velocyto_cellbender/final_counts.h5ad	1183920950	/mnt/pikachu/JAX_scRNAseq02_processed/ocm_prod_batch_flex_native_yremove_trace_20260521T034223Z/25E35-L4/samples/WT-ExM-Day-6/downstream_genefull_velocyto_cellbender_remote/final_counts.h5ad	2026-05-23T16:02:44Z	/JAX_scRNAseq02_processed/JAX-scRNAseq02-5-22-26-completion-7-27-26/WT-ExM-Day-6/downstream_genefull_velocyto_cellbender/final_counts.h5ad
JAX scRNAseq02	WT-ExM-Day-6	WT-ExM-Day-6/downstream_genefull_velocyto_cellbender/gene_quantile_histogram.html	3744834	/mnt/pikachu/JAX_scRNAseq02_processed/ocm_prod_batch_flex_native_yremove_trace_20260521T034223Z/25E35-L4/samples/WT-ExM-Day-6/downstream_genefull_velocyto_cellbender_remote/gene_quantile_histogram.html	2026-05-23T15:29:53Z	/JAX_scRNAseq02_processed/JAX-scRNAseq02-5-22-26-completion-7-27-26/WT-ExM-Day-6/downstream_genefull_velocyto_cellbender/gene_quantile_histogram.html
JAX scRNAseq02	WT-ExM-Day-6	WT-ExM-Day-6/downstream_genefull_velocyto_cellbender/gene_quantile_histogram.png	211509	/mnt/pikachu/JAX_scRNAseq02_processed/ocm_prod_batch_flex_native_yremove_trace_20260521T034223Z/25E35-L4/samples/WT-ExM-Day-6/downstream_genefull_velocyto_cellbender_remote/gene_quantile_histogram.png	2026-05-23T15:29:54Z	/JAX_scRNAseq02_processed/JAX-scRNAseq02-5-22-26-completion-7-27-26/WT-ExM-Day-6/downstream_genefull_velocyto_cellbender/gene_quantile_histogram.png
JAX scRNAseq02	WT-ExM-Day-6	WT-ExM-Day-6/downstream_genefull_velocyto_cellbender/non_empty_barcodes.txt	235258	/mnt/pikachu/JAX_scRNAseq02_processed/ocm_prod_batch_flex_native_yremove_trace_20260521T034223Z/25E35-L4/samples/WT-ExM-Day-6/downstream_genefull_velocyto_cellbender_remote/non_empty_barcodes.txt	2026-05-23T15:25:55Z	/JAX_scRNAseq02_processed/JAX-scRNAseq02-5-22-26-completion-7-27-26/WT-ExM-Day-6/downstream_genefull_velocyto_cellbender/non_empty_barcodes.txt
JAX scRNAseq02	WT-ExM-Day-6	WT-ExM-Day-6/downstream_genefull_velocyto_cellbender/summary.txt	14032	/mnt/pikachu/JAX_scRNAseq02_processed/ocm_prod_batch_flex_native_yremove_trace_20260521T034223Z/25E35-L4/samples/WT-ExM-Day-6/downstream_genefull_velocyto_cellbender_remote/summary.txt	2026-05-23T16:02:49Z	/JAX_scRNAseq02_processed/JAX-scRNAseq02-5-22-26-completion-7-27-26/WT-ExM-Day-6/downstream_genefull_velocyto_cellbender/summary.txt
JAX scRNAseq02	WT-ExM-Day-6	WT-ExM-Day-6/downstream_genefull_velocyto_cellbender/unfiltered_counts.h5ad	1183920950	/mnt/pikachu/JAX_scRNAseq02_processed/ocm_prod_batch_flex_native_yremove_trace_20260521T034223Z/25E35-L4/samples/WT-ExM-Day-6/downstream_genefull_velocyto_cellbender_remote/unfiltered_counts.h5ad	2026-05-23T16:02:36Z	/JAX_scRNAseq02_processed/JAX-scRNAseq02-5-22-26-completion-7-27-26/WT-ExM-Day-6/downstream_genefull_velocyto_cellbender/unfiltered_counts.h5ad
JAX scRNAseq02	WT-PrS-3pct-Day-6	WT-PrS-3pct-Day-6/downstream_genefull_velocyto_cellbender/adaptive_qc_threshold.json	1023	/mnt/pikachu/JAX_scRNAseq02_processed/ocm_prod_batch_flex_native_yremove_trace_20260521T034223Z/25E35-L4/samples/WT-PrS-3pct-Day-6/downstream_genefull_velocyto_cellbender_remote/adaptive_qc_threshold.json	2026-05-23T14:39:42Z	/JAX_scRNAseq02_processed/JAX-scRNAseq02-5-22-26-completion-7-27-26/WT-PrS-3pct-Day-6/downstream_genefull_velocyto_cellbender/adaptive_qc_threshold.json
JAX scRNAseq02	WT-PrS-3pct-Day-6	WT-PrS-3pct-Day-6/downstream_genefull_velocyto_cellbender/cellbender/cellbender_counts.log	37951	/mnt/pikachu/JAX_scRNAseq02_processed/ocm_prod_batch_flex_native_yremove_trace_20260521T034223Z/25E35-L4/samples/WT-PrS-3pct-Day-6/downstream_genefull_velocyto_cellbender_remote/cellbender/cellbender_counts.log	2026-05-23T15:23:44Z	/JAX_scRNAseq02_processed/JAX-scRNAseq02-5-22-26-completion-7-27-26/WT-PrS-3pct-Day-6/downstream_genefull_velocyto_cellbender/cellbender/cellbender_counts.log
JAX scRNAseq02	WT-PrS-3pct-Day-6	WT-PrS-3pct-Day-6/downstream_genefull_velocyto_cellbender/cellbender/cellbender_counts.pdf	80275	/mnt/pikachu/JAX_scRNAseq02_processed/ocm_prod_batch_flex_native_yremove_trace_20260521T034223Z/25E35-L4/samples/WT-PrS-3pct-Day-6/downstream_genefull_velocyto_cellbender_remote/cellbender/cellbender_counts.pdf	2026-05-23T15:15:26Z	/JAX_scRNAseq02_processed/JAX-scRNAseq02-5-22-26-completion-7-27-26/WT-PrS-3pct-Day-6/downstream_genefull_velocyto_cellbender/cellbender/cellbender_counts.pdf
JAX scRNAseq02	WT-PrS-3pct-Day-6	WT-PrS-3pct-Day-6/downstream_genefull_velocyto_cellbender/cellbender/cellbender_counts_cell_barcodes.csv	750633	/mnt/pikachu/JAX_scRNAseq02_processed/ocm_prod_batch_flex_native_yremove_trace_20260521T034223Z/25E35-L4/samples/WT-PrS-3pct-Day-6/downstream_genefull_velocyto_cellbender_remote/cellbender/cellbender_counts_cell_barcodes.csv	2026-05-23T15:15:26Z	/JAX_scRNAseq02_processed/JAX-scRNAseq02-5-22-26-completion-7-27-26/WT-PrS-3pct-Day-6/downstream_genefull_velocyto_cellbender/cellbender/cellbender_counts_cell_barcodes.csv
JAX scRNAseq02	WT-PrS-3pct-Day-6	WT-PrS-3pct-Day-6/downstream_genefull_velocyto_cellbender/cellbender/cellbender_counts_metrics.csv	585	/mnt/pikachu/JAX_scRNAseq02_processed/ocm_prod_batch_flex_native_yremove_trace_20260521T034223Z/25E35-L4/samples/WT-PrS-3pct-Day-6/downstream_genefull_velocyto_cellbender_remote/cellbender/cellbender_counts_metrics.csv	2026-05-23T15:23:30Z	/JAX_scRNAseq02_processed/JAX-scRNAseq02-5-22-26-completion-7-27-26/WT-PrS-3pct-Day-6/downstream_genefull_velocyto_cellbender/cellbender/cellbender_counts_metrics.csv
JAX scRNAseq02	WT-PrS-3pct-Day-6	WT-PrS-3pct-Day-6/downstream_genefull_velocyto_cellbender/cellbender/cellbender_counts_report.html	1109789	/mnt/pikachu/JAX_scRNAseq02_processed/ocm_prod_batch_flex_native_yremove_trace_20260521T034223Z/25E35-L4/samples/WT-PrS-3pct-Day-6/downstream_genefull_velocyto_cellbender_remote/cellbender/cellbender_counts_report.html	2026-05-23T15:23:44Z	/JAX_scRNAseq02_processed/JAX-scRNAseq02-5-22-26-completion-7-27-26/WT-PrS-3pct-Day-6/downstream_genefull_velocyto_cellbender/cellbender/cellbender_counts_report.html
JAX scRNAseq02	WT-PrS-3pct-Day-6	WT-PrS-3pct-Day-6/downstream_genefull_velocyto_cellbender/counts.h5ad	1428643318	/mnt/pikachu/JAX_scRNAseq02_processed/ocm_prod_batch_flex_native_yremove_trace_20260521T034223Z/25E35-L4/samples/WT-PrS-3pct-Day-6/downstream_genefull_velocyto_cellbender_remote/counts.h5ad	2026-05-23T15:23:51Z	/JAX_scRNAseq02_processed/JAX-scRNAseq02-5-22-26-completion-7-27-26/WT-PrS-3pct-Day-6/downstream_genefull_velocyto_cellbender/counts.h5ad
JAX scRNAseq02	WT-PrS-3pct-Day-6	WT-PrS-3pct-Day-6/downstream_genefull_velocyto_cellbender/default_singlet_filtered_counts.h5ad	966427004	/mnt/pikachu/JAX_scRNAseq02_processed/ocm_prod_batch_flex_native_yremove_trace_20260521T034223Z/25E35-L4/samples/WT-PrS-3pct-Day-6/downstream_genefull_velocyto_cellbender_remote/default_singlet_filtered_counts.h5ad	2026-05-23T15:24:05Z	/JAX_scRNAseq02_processed/JAX-scRNAseq02-5-22-26-completion-7-27-26/WT-PrS-3pct-Day-6/downstream_genefull_velocyto_cellbender/default_singlet_filtered_counts.h5ad
JAX scRNAseq02	WT-PrS-3pct-Day-6	WT-PrS-3pct-Day-6/downstream_genefull_velocyto_cellbender/doublet_barcodes.txt	34789	/mnt/pikachu/JAX_scRNAseq02_processed/ocm_prod_batch_flex_native_yremove_trace_20260521T034223Z/25E35-L4/samples/WT-PrS-3pct-Day-6/downstream_genefull_velocyto_cellbender_remote/doublet_barcodes.txt	2026-05-23T14:35:50Z	/JAX_scRNAseq02_processed/JAX-scRNAseq02-5-22-26-completion-7-27-26/WT-PrS-3pct-Day-6/downstream_genefull_velocyto_cellbender/doublet_barcodes.txt
JAX scRNAseq02	WT-PrS-3pct-Day-6	WT-PrS-3pct-Day-6/downstream_genefull_velocyto_cellbender/filtered_barcodes_with_scores.txt	952709	/mnt/pikachu/JAX_scRNAseq02_processed/ocm_prod_batch_flex_native_yremove_trace_20260521T034223Z/25E35-L4/samples/WT-PrS-3pct-Day-6/downstream_genefull_velocyto_cellbender_remote/filtered_barcodes_with_scores.txt	2026-05-23T14:35:50Z	/JAX_scRNAseq02_processed/JAX-scRNAseq02-5-22-26-completion-7-27-26/WT-PrS-3pct-Day-6/downstream_genefull_velocyto_cellbender/filtered_barcodes_with_scores.txt
JAX scRNAseq02	WT-PrS-3pct-Day-6	WT-PrS-3pct-Day-6/downstream_genefull_velocyto_cellbender/filtered_counts.h5ad	1046325792	/mnt/pikachu/JAX_scRNAseq02_processed/ocm_prod_batch_flex_native_yremove_trace_20260521T034223Z/25E35-L4/samples/WT-PrS-3pct-Day-6/downstream_genefull_velocyto_cellbender_remote/filtered_counts.h5ad	2026-05-23T15:24:01Z	/JAX_scRNAseq02_processed/JAX-scRNAseq02-5-22-26-completion-7-27-26/WT-PrS-3pct-Day-6/downstream_genefull_velocyto_cellbender/filtered_counts.h5ad
JAX scRNAseq02	WT-PrS-3pct-Day-6	WT-PrS-3pct-Day-6/downstream_genefull_velocyto_cellbender/final_counts.h5ad	1472897398	/mnt/pikachu/JAX_scRNAseq02_processed/ocm_prod_batch_flex_native_yremove_trace_20260521T034223Z/25E35-L4/samples/WT-PrS-3pct-Day-6/downstream_genefull_velocyto_cellbender_remote/final_counts.h5ad	2026-05-23T15:24:06Z	/JAX_scRNAseq02_processed/JAX-scRNAseq02-5-22-26-completion-7-27-26/WT-PrS-3pct-Day-6/downstream_genefull_velocyto_cellbender/final_counts.h5ad
JAX scRNAseq02	WT-PrS-3pct-Day-6	WT-PrS-3pct-Day-6/downstream_genefull_velocyto_cellbender/gene_quantile_histogram.html	3826236	/mnt/pikachu/JAX_scRNAseq02_processed/ocm_prod_batch_flex_native_yremove_trace_20260521T034223Z/25E35-L4/samples/WT-PrS-3pct-Day-6/downstream_genefull_velocyto_cellbender_remote/gene_quantile_histogram.html	2026-05-23T14:39:44Z	/JAX_scRNAseq02_processed/JAX-scRNAseq02-5-22-26-completion-7-27-26/WT-PrS-3pct-Day-6/downstream_genefull_velocyto_cellbender/gene_quantile_histogram.html
JAX scRNAseq02	WT-PrS-3pct-Day-6	WT-PrS-3pct-Day-6/downstream_genefull_velocyto_cellbender/gene_quantile_histogram.png	183400	/mnt/pikachu/JAX_scRNAseq02_processed/ocm_prod_batch_flex_native_yremove_trace_20260521T034223Z/25E35-L4/samples/WT-PrS-3pct-Day-6/downstream_genefull_velocyto_cellbender_remote/gene_quantile_histogram.png	2026-05-23T14:39:45Z	/JAX_scRNAseq02_processed/JAX-scRNAseq02-5-22-26-completion-7-27-26/WT-PrS-3pct-Day-6/downstream_genefull_velocyto_cellbender/gene_quantile_histogram.png
JAX scRNAseq02	WT-PrS-3pct-Day-6	WT-PrS-3pct-Day-6/downstream_genefull_velocyto_cellbender/non_empty_barcodes.txt	388303	/mnt/pikachu/JAX_scRNAseq02_processed/ocm_prod_batch_flex_native_yremove_trace_20260521T034223Z/25E35-L4/samples/WT-PrS-3pct-Day-6/downstream_genefull_velocyto_cellbender_remote/non_empty_barcodes.txt	2026-05-23T14:33:02Z	/JAX_scRNAseq02_processed/JAX-scRNAseq02-5-22-26-completion-7-27-26/WT-PrS-3pct-Day-6/downstream_genefull_velocyto_cellbender/non_empty_barcodes.txt
JAX scRNAseq02	WT-PrS-3pct-Day-6	WT-PrS-3pct-Day-6/downstream_genefull_velocyto_cellbender/summary.txt	12766	/mnt/pikachu/JAX_scRNAseq02_processed/ocm_prod_batch_flex_native_yremove_trace_20260521T034223Z/25E35-L4/samples/WT-PrS-3pct-Day-6/downstream_genefull_velocyto_cellbender_remote/summary.txt	2026-05-23T15:24:13Z	/JAX_scRNAseq02_processed/JAX-scRNAseq02-5-22-26-completion-7-27-26/WT-PrS-3pct-Day-6/downstream_genefull_velocyto_cellbender/summary.txt
JAX scRNAseq02	WT-PrS-3pct-Day-6	WT-PrS-3pct-Day-6/downstream_genefull_velocyto_cellbender/unfiltered_counts.h5ad	1472897398	/mnt/pikachu/JAX_scRNAseq02_processed/ocm_prod_batch_flex_native_yremove_trace_20260521T034223Z/25E35-L4/samples/WT-PrS-3pct-Day-6/downstream_genefull_velocyto_cellbender_remote/unfiltered_counts.h5ad	2026-05-23T15:23:57Z	/JAX_scRNAseq02_processed/JAX-scRNAseq02-5-22-26-completion-7-27-26/WT-PrS-3pct-Day-6/downstream_genefull_velocyto_cellbender/unfiltered_counts.h5ad
